iteration,latency_us
0,763.707997975871
1,13.16601992584765
2,1.4170072972774506
3,1.1250085663050413
4,1.0830117389559746
5,1.040985807776451
6,3.249995643272996
7,27.624977519735694
8,1.00000761449337
9,0.9160139597952366
10,0.9159848559647799
11,0.8749775588512421
12,0.8750066626816988
13,0.9170034900307655
14,0.8749775588512421
15,0.8749775588512421
16,0.9580107871443033
17,0.9170034900307655
18,0.9170034900307655
19,0.9160139597952366
20,0.8750066626816988
21,0.9170034900307655
22,0.8750066626816988
23,0.9170034900307655
24,0.8750066626816988
25,0.9159848559647799
26,1.0420044418424368
27,0.9580107871443033
28,0.9170034900307655
29,0.9170034900307655
30,0.8750066626816988
31,0.9170034900307655
32,1.708976924419403
33,0.9580107871443033
34,0.9590003173798323
35,0.8749775588512421
36,0.9159848559647799
37,0.8750066626816988
38,0.9170034900307655
39,0.833999365568161
40,0.8750066626816988
41,0.9170034900307655
42,0.9170034900307655
43,0.8340284693986177
44,0.9170034900307655
45,0.9170034900307655
46,0.9170034900307655
47,0.9159848559647799
48,0.9580107871443033
49,0.9170034900307655
50,0.9170034900307655
51,1.9170111045241356
52,1.00000761449337
53,0.9170034900307655
54,0.8750066626816988
55,0.8750066626816988
56,0.8330098353326321
57,0.8330098353326321
58,0.833999365568161
59,0.8750066626816988
60,0.8750066626816988
61,0.8749775588512421
62,0.9169743862003088
63,0.8330098353326321
64,0.9160139597952366
65,0.8749775588512421
66,0.8330098353326321
67,0.8750066626816988
68,0.8750066626816988
69,0.8749775588512421
70,0.8749775588512421
71,0.8750066626816988
72,0.8330098353326321
73,0.8749775588512421
74,0.8750066626816988
75,0.8750066626816988
76,0.8750066626816988
77,0.9159848559647799
78,0.8330098353326321
79,0.8330098353326321
80,0.833999365568161
81,0.8749775588512421
82,0.8330098353326321
83,0.8750066626816988
84,0.8750066626816988
85,0.8750066626816988
86,0.9170034900307655
87,0.8330098353326321
88,0.8750066626816988
89,0.8749775588512421
90,0.833999365568161
91,0.8750066626816988
92,0.833999365568161
93,0.8750066626816988
94,0.8750066626816988
95,0.9170034900307655
96,0.833999365568161
97,0.8750066626816988
98,0.8750066626816988
99,0.833999365568161
100,0.8750066626816988
101,0.8329807315021753
102,0.8329807315021753
103,0.8750066626816988
104,0.9160139597952366
105,0.8329807315021753
106,0.9159848559647799
107,0.8330098353326321
108,0.9170034900307655
109,0.8750066626816988
110,0.7910130079835653
111,0.8330098353326321
112,0.8750066626816988
113,0.8750066626816988
114,0.8750066626816988
115,0.8750066626816988
116,0.9170034900307655
117,0.8749775588512421
118,0.9170034900307655
119,0.8330098353326321
120,0.833999365568161
121,0.833999365568161
122,0.8330098353326321
123,0.8330098353326321
124,0.7920025382190943
125,0.8749775588512421
126,0.8750066626816988
127,0.8330098353326321
128,0.8750066626816988
129,0.8749775588512421
130,0.8329807315021753
131,0.8750066626816988
132,0.9170034900307655
133,0.833999365568161
134,0.8750066626816988
135,0.8330098353326321
136,0.833999365568161
137,0.9169743862003088
138,0.8329807315021753
139,0.833999365568161
140,0.9590003173798323
141,0.833999365568161
142,0.833999365568161
143,0.8750066626816988
144,0.8750066626816988
145,0.8329807315021753
146,0.9159848559647799
147,0.8750066626816988
148,0.8750066626816988
149,0.8750066626816988
150,0.7920025382190943
151,0.9170034900307655
152,0.8750066626816988
153,0.833999365568161
154,0.8749775588512421
155,0.8750066626816988
156,0.7920025382190943
157,0.833999365568161
158,0.9169743862003088
159,0.8750066626816988
160,0.8750066626816988
161,0.8749775588512421
162,0.8329807315021753
163,0.8330098353326321
164,0.8750066626816988
165,0.8750066626816988
166,0.8749775588512421
167,0.8749775588512421
168,0.8330098353326321
169,0.9170034900307655
170,0.8749775588512421
171,0.8329807315021753
172,0.8750066626816988
173,0.9170034900307655
174,0.8329807315021753
175,0.8750066626816988
176,0.8330098353326321
177,0.8750066626816988
178,0.833999365568161
179,0.8330098353326321
180,0.8330098353326321
181,0.833999365568161
182,0.8329807315021753
183,0.8329807315021753
184,0.833999365568161
185,0.8330098353326321
186,0.8749775588512421
187,0.833999365568161
188,0.8750066626816988
189,0.8750066626816988
190,0.8750066626816988
191,0.8329807315021753
192,0.8750066626816988
193,0.8330098353326321
194,0.8750066626816988
195,0.8750066626816988
196,0.8750066626816988
197,0.8330098353326321
198,0.7909839041531086
199,0.8329807315021753
200,0.8750066626816988
201,0.833999365568161
202,0.8329807315021753
203,0.9170034900307655
204,0.833999365568161
205,0.8330098353326321
206,0.7909839041531086
207,0.8329807315021753
208,0.8330098353326321
209,0.833999365568161
210,0.7920025382190943
211,0.8749775588512421
212,0.8750066626816988
213,0.8330098353326321
214,0.833999365568161
215,0.8329807315021753
216,0.8330098353326321
217,0.8330098353326321
218,0.7920025382190943
219,0.8749775588512421
220,0.8750066626816988
221,0.833999365568161
222,0.833999365568161
223,0.8749775588512421
224,0.7909839041531086
225,0.8330098353326321
226,0.8750066626816988
227,0.8330098353326321
228,0.8749775588512421
229,0.8330098353326321
230,0.8330098353326321
231,0.8750066626816988
232,0.8329807315021753
233,0.8750066626816988
234,0.8330098353326321
235,0.9159848559647799
236,0.8750066626816988
237,0.8750066626816988
238,0.8750066626816988
239,0.8330098353326321
240,0.833999365568161
241,0.8750066626816988
242,0.8330098353326321
243,0.833999365568161
244,0.8749775588512421
245,0.833999365568161
246,0.833999365568161
247,0.8329807315021753
248,0.8329807315021753
249,0.8330098353326321
250,0.8750066626816988
251,0.8750066626816988
252,0.9159848559647799
253,0.8750066626816988
254,0.833999365568161
255,0.8750066626816988
256,0.8329807315021753
257,0.8329807315021753
258,0.8330098353326321
259,0.833999365568161
260,0.7920025382190943
261,0.8750066626816988
262,0.9160139597952366
263,0.9170034900307655
264,0.8749775588512421
265,0.8330098353326321
266,0.8330098353326321
267,0.8750066626816988
268,0.7920025382190943
269,0.8749775588512421
270,0.8750066626816988
271,0.8750066626816988
272,0.8749775588512421
273,0.8749775588512421
274,0.833999365568161
275,0.8330098353326321
276,0.7909839041531086
277,0.8329807315021753
278,0.8750066626816988
279,0.8330098353326321
280,0.833999365568161
281,0.833999365568161
282,0.8750066626816988
283,0.7910130079835653
284,0.8750066626816988
285,0.9169743862003088
286,0.7920025382190943
287,0.8750066626816988
288,0.8330098353326321
289,0.8750066626816988
290,0.8330098353326321
291,0.8750066626816988
292,0.8750066626816988
293,0.8750066626816988
294,0.833999365568161
295,0.8750066626816988
296,0.7910130079835653
297,0.8330098353326321
298,0.8749775588512421
299,0.9170034900307655
300,0.8750066626816988
301,0.8749775588512421
302,0.8749775588512421
303,0.8330098353326321
304,0.8750066626816988
305,0.8330098353326321
306,0.8329807315021753
307,0.8750066626816988
308,0.8750066626816988
309,0.8749775588512421
310,0.8329807315021753
311,0.833999365568161
312,0.8330098353326321
313,0.8330098353326321
314,0.8750066626816988
315,0.8750066626816988
316,0.7920025382190943
317,0.8750066626816988
318,0.9170034900307655
319,0.8750066626816988
320,0.8330098353326321
321,0.8750066626816988
322,0.8749775588512421
323,0.8749775588512421
324,0.833999365568161
325,0.8330098353326321
326,0.8329807315021753
327,0.8329807315021753
328,0.8750066626816988
329,0.8330098353326321
330,0.8750066626816988
331,0.8330098353326321
332,0.8750066626816988
333,0.8750066626816988
334,0.8750066626816988
335,0.8750066626816988
336,0.8750066626816988
337,0.8330098353326321
338,0.9159848559647799
339,0.8329807315021753
340,0.8750066626816988
341,0.833999365568161
342,0.8330098353326321
343,0.8329807315021753
344,0.8330098353326321
345,0.833999365568161
346,0.7920025382190943
347,0.8329807315021753
348,0.7909839041531086
349,0.8330098353326321
350,0.833999365568161
351,0.8749775588512421
352,0.8749775588512421
353,0.9170034900307655
354,0.8750066626816988
355,0.8750066626816988
356,0.8750066626816988
357,0.7920025382190943
358,0.8749775588512421
359,0.8749775588512421
360,0.8330098353326321
361,0.833999365568161
362,0.8329807315021753
363,0.8329807315021753
364,0.833999365568161
365,0.8330098353326321
366,0.8330098353326321
367,0.8750066626816988
368,0.8750066626816988
369,0.8750066626816988
370,0.9170034900307655
371,0.8750066626816988
372,0.9170034900307655
373,0.8750066626816988
374,0.8750066626816988
375,0.8329807315021753
376,0.833999365568161
377,0.8750066626816988
378,0.8330098353326321
379,0.8749775588512421
380,0.8330098353326321
381,0.9160139597952366
382,0.9170034900307655
383,0.9169743862003088
384,0.8750066626816988
385,0.8750066626816988
386,0.8750066626816988
387,0.8329807315021753
388,0.8329807315021753
389,0.8750066626816988
390,0.8330098353326321
391,0.833999365568161
392,0.8329807315021753
393,0.8330098353326321
394,0.833999365568161
395,0.8749775588512421
396,0.8749775588512421
397,0.8750066626816988
398,0.8750066626816988
399,0.8750066626816988
400,0.8750066626816988
401,0.8750066626816988
402,0.8330098353326321
403,0.8340284693986177
404,0.8330098353326321
405,0.8750066626816988
406,0.8750066626816988
407,0.8749775588512421
408,0.8749775588512421
409,0.8750066626816988
410,0.8750066626816988
411,0.8749775588512421
412,0.8749775588512421
413,0.8330098353326321
414,0.8750066626816988
415,0.8749775588512421
416,0.833999365568161
417,0.8330098353326321
418,0.8330098353326321
419,0.833999365568161
420,0.8750066626816988
421,0.9160139597952366
422,0.8330098353326321
423,0.833999365568161
424,0.8330098353326321
425,0.8750066626816988
426,0.833999365568161
427,0.8750066626816988
428,0.8749775588512421
429,0.8750066626816988
430,0.7920025382190943
431,0.9159848559647799
432,0.8749775588512421
433,0.8750066626816988
434,0.8750066626816988
435,0.8750066626816988
436,0.8329807315021753
437,0.8750066626816988
438,0.8750066626816988
439,0.8750066626816988
440,0.8340284693986177
441,0.8750066626816988
442,0.8750066626816988
443,0.8750066626816988
444,0.8750066626816988
445,0.8750066626816988
446,0.8330098353326321
447,0.8750066626816988
448,0.8749775588512421
449,0.8749775588512421
450,0.8750066626816988
451,0.8330098353326321
452,0.833999365568161
453,0.8330098353326321
454,0.8330098353326321
455,0.8750066626816988
456,0.8750066626816988
457,0.8750066626816988
458,0.8330098353326321
459,0.833999365568161
460,0.8329807315021753
461,0.8750066626816988
462,0.8750066626816988
463,0.9170034900307655
464,0.8329807315021753
465,0.8750066626816988
466,0.833999365568161
467,0.8750066626816988
468,0.9159848559647799
469,0.8749775588512421
470,0.8750066626816988
471,0.8750066626816988
472,0.8749775588512421
473,0.8329807315021753
474,0.9170034900307655
475,0.8330098353326321
476,0.8749775588512421
477,0.9170034900307655
478,0.9170034900307655
479,0.9160139597952366
480,0.8329807315021753
481,0.8749775588512421
482,0.8750066626816988
483,0.8750066626816988
484,0.8749775588512421
485,0.8750066626816988
486,0.833999365568161
487,0.9170034900307655
488,0.8749775588512421
489,0.8749775588512421
490,0.8330098353326321
491,0.8330098353326321
492,0.8749775588512421
493,0.8749775588512421
494,0.833999365568161
495,0.9170034900307655
496,0.8329807315021753
497,0.8749775588512421
498,0.8330098353326321
499,0.8750066626816988
500,0.8749775588512421
501,0.8329807315021753
502,0.8750066626816988
503,0.8750066626816988
504,0.8329807315021753
505,0.8749775588512421
506,0.833999365568161
507,0.8750066626816988
508,0.9170034900307655
509,0.8750066626816988
510,0.8750066626816988
511,0.8330098353326321
512,0.8330098353326321
513,0.8749775588512421
514,0.8330098353326321
515,0.8750066626816988
516,0.8330098353326321
517,0.8749775588512421
518,0.8330098353326321
519,0.8750066626816988
520,0.8330098353326321
521,0.833999365568161
522,0.833999365568161
523,0.8750066626816988
524,0.833999365568161
525,0.8749775588512421
526,0.9170034900307655
527,0.8750066626816988
528,0.7910130079835653
529,0.8330098353326321
530,0.833999365568161
531,0.8750066626816988
532,0.7910130079835653
533,0.8750066626816988
534,0.8750066626816988
535,0.8330098353326321
536,0.9170034900307655
537,0.8329807315021753
538,0.8329807315021753
539,0.833999365568161
540,0.8330098353326321
541,0.8750066626816988
542,0.8750066626816988
543,0.8750066626816988
544,0.8330098353326321
545,0.8749775588512421
546,0.8749775588512421
547,0.8750066626816988
548,0.8750066626816988
549,0.8749775588512421
550,0.8749775588512421
551,0.833999365568161
552,0.8330098353326321
553,0.8750066626816988
554,0.8750066626816988
555,0.8750066626816988
556,0.8750066626816988
557,0.8330098353326321
558,0.833999365568161
559,0.8750066626816988
560,0.8750066626816988
561,0.8749775588512421
562,0.8749775588512421
563,0.833999365568161
564,0.8330098353326321
565,0.8750066626816988
566,0.8749775588512421
567,0.8330098353326321
568,0.8750066626816988
569,0.8750066626816988
570,0.833999365568161
571,0.8330098353326321
572,0.8750066626816988
573,0.8750066626816988
574,0.8329807315021753
575,0.8750066626816988
576,0.833999365568161
577,0.8750066626816988
578,0.8330098353326321
579,0.8749775588512421
580,0.8750066626816988
581,0.833999365568161
582,0.8329807315021753
583,0.8749775588512421
584,0.833999365568161
585,0.8750066626816988
586,0.8750066626816988
587,0.8749775588512421
588,0.8750066626816988
589,0.8330098353326321
590,0.833999365568161
591,6.291986210271716
592,0.9170034900307655
593,0.8749775588512421
594,0.9590003173798323
595,0.9170034900307655
596,0.8749775588512421
597,0.8749775588512421
598,0.9160139597952366
599,0.8330098353326321
600,0.833999365568161
601,0.8749775588512421
602,0.9170034900307655
603,0.9580107871443033
604,0.8750066626816988
605,0.9169743862003088
606,0.9170034900307655
607,0.8750066626816988
608,0.8750066626816988
609,0.833999365568161
610,0.8330098353326321
611,0.8750066626816988
612,0.9159848559647799
613,0.8749775588512421
614,0.833999365568161
615,0.9170034900307655
616,0.8329807315021753
617,0.8749775588512421
618,0.8750066626816988
619,0.8330098353326321
620,0.8749775588512421
621,0.8329807315021753
622,0.9160139597952366
623,0.8750066626816988
624,0.8750066626816988
625,0.8329807315021753
626,0.833999365568161
627,0.8750066626816988
628,0.8750066626816988
629,0.8329807315021753
630,0.8749775588512421
631,0.9170034900307655
632,0.8330098353326321
633,0.8749775588512421
634,0.8749775588512421
635,0.8750066626816988
636,0.8330098353326321
637,0.833999365568161
638,0.8330098353326321
639,0.8750066626816988
640,0.8330098353326321
641,0.8749775588512421
642,0.8750066626816988
643,0.8750066626816988
644,0.8330098353326321
645,0.833999365568161
646,0.9169743862003088
647,0.8750066626816988
648,0.8330098353326321
649,0.8749775588512421
650,0.8749775588512421
651,0.8330098353326321
652,0.8750066626816988
653,0.9170034900307655
654,0.8749775588512421
655,0.833999365568161
656,0.8750066626816988
657,0.8750066626816988
658,0.8750066626816988
659,0.8330098353326321
660,0.7920025382190943
661,0.8750066626816988
662,0.8749775588512421
663,0.8750066626816988
664,0.8750066626816988
665,0.8330098353326321
666,0.8329807315021753
667,0.8750066626816988
668,0.8750066626816988
669,0.833999365568161
670,0.8329807315021753
671,0.9170034900307655
672,0.8750066626816988
673,0.8750066626816988
674,0.8750066626816988
675,0.9170034900307655
676,0.833999365568161
677,0.8750066626816988
678,0.833999365568161
679,0.8750066626816988
680,0.8750066626816988
681,0.8330098353326321
682,0.8749775588512421
683,0.8330098353326321
684,0.8330098353326321
685,0.8750066626816988
686,0.8330098353326321
687,0.9170034900307655
688,0.8750066626816988
689,0.833999365568161
690,0.8329807315021753
691,0.8749775588512421
692,0.833999365568161
693,0.8750066626816988
694,0.8750066626816988
695,0.833999365568161
696,0.833999365568161
697,0.8750066626816988
698,0.833999365568161
699,0.8749775588512421
700,0.8330098353326321
701,0.8330098353326321
702,0.9170034900307655
703,0.8750066626816988
704,0.8750066626816988
705,0.8750066626816988
706,0.833999365568161
707,0.8749775588512421
708,0.8330098353326321
709,0.8330098353326321
710,0.8750066626816988
711,0.8750066626816988
712,0.8749775588512421
713,0.8750066626816988
714,0.9170034900307655
715,0.8750066626816988
716,0.8750066626816988
717,0.8330098353326321
718,0.9160139597952366
719,0.8329807315021753
720,0.8749775588512421
721,0.8330098353326321
722,0.8330098353326321
723,0.8750066626816988
724,0.8329807315021753
725,0.8330098353326321
726,0.833999365568161
727,0.8330098353326321
728,0.8329807315021753
729,0.8749775588512421
730,0.8750066626816988
731,0.833999365568161
732,0.8329807315021753
733,0.8749775588512421
734,0.8330098353326321
735,0.8750066626816988
736,0.8329807315021753
737,0.8750066626816988
738,0.8750066626816988
739,0.8750066626816988
740,0.8329807315021753
741,0.833999365568161
742,0.8750066626816988
743,0.8750066626816988
744,0.8329807315021753
745,0.8749775588512421
746,0.8330098353326321
747,0.8330098353326321
748,0.8750066626816988
749,0.8750066626816988
750,0.8330098353326321
751,0.8750066626816988
752,0.8750066626816988
753,0.8750066626816988
754,0.8330098353326321
755,0.8750066626816988
756,0.8750066626816988
757,0.833999365568161
758,0.8330098353326321
759,0.8750066626816988
760,0.8750066626816988
761,0.8750066626816988
762,0.833999365568161
763,0.8750066626816988
764,0.8749775588512421
765,0.8749775588512421
766,0.9170034900307655
767,0.833999365568161
768,0.9170034900307655
769,0.8750066626816988
770,0.8750066626816988
771,0.8750066626816988
772,0.8749775588512421
773,0.8749775588512421
774,0.833999365568161
775,0.8750066626816988
776,0.8750066626816988
777,0.9170034900307655
778,0.833999365568161
779,0.9170034900307655
780,0.9170034900307655
781,0.8329807315021753
782,0.833999365568161
783,0.8330098353326321
784,0.8330098353326321
785,0.833999365568161
786,0.8330098353326321
787,0.8750066626816988
788,0.8329807315021753
789,0.8329807315021753
790,0.8750066626816988
791,0.8750066626816988
792,0.8750066626816988
793,0.8749775588512421
794,0.8750066626816988
795,0.8750066626816988
796,0.8750066626816988
797,0.8749775588512421
798,0.8749775588512421
799,0.9170034900307655
800,0.8330098353326321
801,0.8749775588512421
802,0.8750066626816988
803,0.9160139597952366
804,0.8750066626816988
805,0.8749775588512421
806,0.8749775588512421
807,0.8750066626816988
808,0.8330098353326321
809,0.9159848559647799
810,0.9170034900307655
811,0.833999365568161
812,0.8750066626816988
813,0.833999365568161
814,0.833999365568161
815,0.8750066626816988
816,0.833999365568161
817,0.8750066626816988
818,0.833999365568161
819,0.8330098353326321
820,0.8330098353326321
821,0.8750066626816988
822,0.8750066626816988
823,0.8750066626816988
824,0.833999365568161
825,0.8749775588512421
826,0.8329807315021753
827,0.9160139597952366
828,0.8750066626816988
829,0.8750066626816988
830,0.8749775588512421
831,0.8750066626816988
832,0.8750066626816988
833,0.8750066626816988
834,0.8749775588512421
835,0.8749775588512421
836,0.8330098353326321
837,0.8750066626816988
838,0.8749775588512421
839,0.9170034900307655
840,0.8750066626816988
841,0.8750066626816988
842,0.833999365568161
843,0.8750066626816988
844,0.9160139597952366
845,0.8750066626816988
846,0.8750066626816988
847,0.8750066626816988
848,0.833999365568161
849,0.8330098353326321
850,0.8750066626816988
851,0.8750066626816988
852,0.8750066626816988
853,0.8750066626816988
854,0.8330098353326321
855,0.8750066626816988
856,0.8330098353326321
857,0.9170034900307655
858,0.8330098353326321
859,0.8750066626816988
860,0.8330098353326321
861,0.8750066626816988
862,0.8329807315021753
863,0.9170034900307655
864,0.8330098353326321
865,0.833999365568161
866,0.8329807315021753
867,0.8750066626816988
868,0.833999365568161
869,0.8750066626816988
870,0.8329807315021753
871,0.8749775588512421
872,0.8330098353326321
873,0.8330098353326321
874,0.833999365568161
875,0.9170034900307655
876,0.9580107871443033
877,0.8750066626816988
878,0.8329807315021753
879,0.8749775588512421
880,0.8750066626816988
881,0.8750066626816988
882,0.8750066626816988
883,0.8750066626816988
884,0.8330098353326321
885,0.8750066626816988
886,0.9170034900307655
887,0.8749775588512421
888,0.9170034900307655
889,0.8750066626816988
890,0.8750066626816988
891,0.833999365568161
892,0.8330098353326321
893,0.9160139597952366
894,0.8330098353326321
895,0.8750066626816988
896,0.8330098353326321
897,0.8750066626816988
898,0.8330098353326321
899,0.8749775588512421
900,0.8329807315021753
901,0.8750066626816988
902,0.9170034900307655
903,0.8749775588512421
904,0.833999365568161
905,0.9170034900307655
906,0.8750066626816988
907,0.9169743862003088
908,0.8749775588512421
909,0.7920025382190943
910,0.8330098353326321
911,0.8330098353326321
912,0.833999365568161
913,0.8330098353326321
914,0.8330098353326321
915,0.8750066626816988
916,0.8750066626816988
917,0.9170034900307655
918,0.8750066626816988
919,0.8750066626816988
920,0.8749775588512421
921,0.8750066626816988
922,0.9170034900307655
923,0.8749775588512421
924,0.8749775588512421
925,0.8750066626816988
926,0.8750066626816988
927,0.9160139597952366
928,0.8749775588512421
929,0.8750066626816988
930,5.542009603232145
931,0.8749775588512421
932,0.8749775588512421
933,0.8750066626816988
934,0.9160139597952366
935,0.9159848559647799
936,0.9170034900307655
937,0.8750066626816988
938,0.8750066626816988
939,0.9999785106629133
940,0.8749775588512421
941,0.9170034900307655
942,0.833999365568161
943,0.8749775588512421
944,0.8750066626816988
945,0.8750066626816988
946,0.9590003173798323
947,0.9169743862003088
948,0.8329807315021753
949,0.8750066626816988
950,0.8750066626816988
951,0.8750066626816988
952,0.8330098353326321
953,0.9170034900307655
954,0.8750066626816988
955,0.8749775588512421
956,0.833999365568161
957,0.8750066626816988
958,0.9170034900307655
959,0.8749775588512421
960,0.9999785106629133
961,0.8750066626816988
962,0.8750066626816988
963,1.04197533801198
964,0.833999365568161
965,0.8750066626816988
966,0.8750066626816988
967,0.8750066626816988
968,0.833999365568161
969,0.7920025382190943
970,0.8330098353326321
971,0.8750066626816988
972,0.8750066626816988
973,0.8750066626816988
974,0.8749775588512421
975,0.9159848559647799
976,0.8330098353326321
977,0.8750066626816988
978,0.8750066626816988
979,1.040985807776451
980,0.8750066626816988
981,0.8750066626816988
982,0.8750066626816988
983,0.8749775588512421
984,1.00000761449337
985,0.8750066626816988
986,0.8749775588512421
987,0.8329807315021753
988,0.9170034900307655
989,0.8750066626816988
990,0.8329807315021753
991,0.8749775588512421
992,0.9160139597952366
993,0.8750066626816988
994,0.833999365568161
995,0.8329807315021753
996,0.9999785106629133
997,0.9170034900307655
998,0.8750066626816988
999,0.8749775588512421
1000,1.0410149116069078
1001,0.8330098353326321
1002,0.8749775588512421
1003,0.8749775588512421
1004,0.8750066626816988
1005,0.8750066626816988
1006,0.833999365568161
1007,0.8749775588512421
1008,0.8330098353326321
1009,0.9160139597952366
1010,0.8750066626816988
1011,0.8750066626816988
1012,0.8750066626816988
1013,0.8750066626816988
1014,0.9580107871443033
1015,0.8750066626816988
1016,1.0420044418424368
1017,0.8750066626816988
1018,0.8330098353326321
1019,0.8340284693986177
1020,0.8330098353326321
1021,0.8750066626816988
1022,0.8750066626816988
1023,0.8749775588512421
1024,0.9170034900307655
1025,0.8750066626816988
1026,0.8330098353326321
1027,0.833999365568161
1028,0.9170034900307655
1029,0.8750066626816988
1030,0.833999365568161
1031,0.8329807315021753
1032,0.9999785106629133
1033,0.9590003173798323
1034,0.8330098353326321
1035,0.8749775588512421
1036,0.9159848559647799
1037,0.8750066626816988
1038,0.7920025382190943
1039,0.833999365568161
1040,0.8330098353326321
1041,0.8750066626816988
1042,0.9170034900307655
1043,0.8750066626816988
1044,0.9170034900307655
1045,0.9160139597952366
1046,1.1250085663050413
1047,0.8750066626816988
1048,0.8330098353326321
1049,0.8750066626816988
1050,0.9170034900307655
1051,1.00000761449337
1052,0.7920025382190943
1053,0.8750066626816988
1054,0.8329807315021753
1055,0.8749775588512421
1056,0.8750066626816988
1057,0.8330098353326321
1058,0.7920025382190943
1059,0.8750066626816988
1060,0.8330098353326321
1061,1.0410149116069078
1062,0.8749775588512421
1063,0.8750066626816988
1064,0.8750066626816988
1065,0.8750066626816988
1066,0.8750066626816988
1067,0.9170034900307655
1068,0.8750066626816988
1069,0.8330098353326321
1070,0.833999365568161
1071,0.8750066626816988
1072,0.9160139597952366
1073,0.8330098353326321
1074,0.833999365568161
1075,0.9590003173798323
1076,0.833999365568161
1077,0.833999365568161
1078,0.7920025382190943
1079,0.8329807315021753
1080,0.8330098353326321
1081,0.9160139597952366
1082,0.9170034900307655
1083,0.833999365568161
1084,0.8750066626816988
1085,0.8750066626816988
1086,0.8749775588512421
1087,0.8749775588512421
1088,0.8750066626816988
1089,0.8330098353326321
1090,0.8330098353326321
1091,0.8750066626816988
1092,0.833999365568161
1093,0.8750066626816988
1094,0.833999365568161
1095,0.833999365568161
1096,0.9170034900307655
1097,0.8750066626816988
1098,0.9160139597952366
1099,0.8750066626816988
1100,0.8750066626816988
1101,0.8750066626816988
1102,0.8750066626816988
1103,0.8749775588512421
1104,0.8330098353326321
1105,0.8330098353326321
1106,0.833999365568161
1107,0.8749775588512421
1108,0.8329807315021753
1109,0.8750066626816988
1110,0.8330098353326321
1111,0.9170034900307655
1112,0.8329807315021753
1113,0.8750066626816988
1114,0.833999365568161
1115,0.7920025382190943
1116,0.8749775588512421
1117,0.833999365568161
1118,0.833999365568161
1119,0.8330098353326321
1120,0.8749775588512421
1121,0.8749775588512421
1122,0.833999365568161
1123,0.8750066626816988
1124,0.7909839041531086
1125,0.8749775588512421
1126,0.7920025382190943
1127,0.8750066626816988
1128,0.8749775588512421
1129,0.8750066626816988
1130,0.833999365568161
1131,0.8750066626816988
1132,0.8330098353326321
1133,0.8750066626816988
1134,0.8330098353326321
1135,0.8750066626816988
1136,0.8749775588512421
1137,0.8329807315021753
1138,0.9160139597952366
1139,0.8750066626816988
1140,0.833999365568161
1141,0.8329807315021753
1142,0.8750066626816988
1143,0.8330098353326321
1144,0.8750066626816988
1145,0.833999365568161
1146,0.8330098353326321
1147,0.8330098353326321
1148,0.833999365568161
1149,0.8329807315021753
1150,0.7909839041531086
1151,0.8330098353326321
1152,0.833999365568161
1153,0.8749775588512421
1154,0.8749775588512421
1155,0.8750066626816988
1156,0.833999365568161
1157,0.8749775588512421
1158,0.8329807315021753
1159,0.833999365568161
1160,0.833999365568161
1161,0.8329807315021753
1162,0.8329807315021753
1163,0.9160139597952366
1164,0.8330098353326321
1165,0.8750066626816988
1166,0.8329807315021753
1167,0.8750066626816988
1168,0.8750066626816988
1169,0.8329807315021753
1170,0.8749775588512421
1171,0.9170034900307655
1172,0.8750066626816988
1173,0.8330098353326321
1174,0.9159848559647799
1175,0.8750066626816988
1176,0.9160139597952366
1177,0.8750066626816988
1178,0.9170034900307655
1179,0.8750066626816988
1180,0.7920025382190943
1181,0.8330098353326321
1182,0.8329807315021753
1183,0.9170034900307655
1184,0.8750066626816988
1185,0.8330098353326321
1186,0.8749775588512421
1187,0.8750066626816988
1188,0.8330098353326321
1189,0.8750066626816988
1190,0.8749775588512421
1191,0.833999365568161
1192,0.8330098353326321
1193,0.8750066626816988
1194,0.8749775588512421
1195,0.8749775588512421
1196,0.8750066626816988
1197,0.8750066626816988
1198,0.8330098353326321
1199,0.833999365568161
1200,0.8750066626816988
1201,0.8750066626816988
1202,0.8329807315021753
1203,0.8329807315021753
1204,0.8750066626816988
1205,0.8330098353326321
1206,0.8749775588512421
1207,0.8749775588512421
1208,0.8330098353326321
1209,0.833999365568161
1210,0.8330098353326321
1211,0.8329807315021753
1212,0.8749775588512421
1213,0.8330098353326321
1214,0.8330098353326321
1215,0.833999365568161
1216,0.7920025382190943
1217,0.8750066626816988
1218,0.8750066626816988
1219,0.9170034900307655
1220,0.8750066626816988
1221,0.8330098353326321
1222,0.8750066626816988
1223,0.8749775588512421
1224,0.8329807315021753
1225,0.8750066626816988
1226,0.8750066626816988
1227,0.8330098353326321
1228,0.8750066626816988
1229,0.8750066626816988
1230,0.8330098353326321
1231,0.8329807315021753
1232,0.9169743862003088
1233,0.8750066626816988
1234,0.8750066626816988
1235,0.8749775588512421
1236,0.8749775588512421
1237,0.8750066626816988
1238,0.8330098353326321
1239,0.8750066626816988
1240,0.8749775588512421
1241,0.8330098353326321
1242,0.833999365568161
1243,0.8750066626816988
1244,0.8329807315021753
1245,0.8750066626816988
1246,0.8330098353326321
1247,0.8749775588512421
1248,0.8750066626816988
1249,0.8750066626816988
1250,0.8749775588512421
1251,0.8329807315021753
1252,0.8330098353326321
1253,0.8750066626816988
1254,0.8750066626816988
1255,0.8749775588512421
1256,0.8329807315021753
1257,0.833999365568161
1258,0.8330098353326321
1259,0.8750066626816988
1260,0.7920025382190943
1261,0.8750066626816988
1262,0.8330098353326321
1263,0.8329807315021753
1264,0.8329807315021753
1265,0.833999365568161
1266,0.8750066626816988
1267,0.8750066626816988
1268,0.8329807315021753
1269,0.8330098353326321
1270,0.833999365568161
1271,0.8329807315021753
1272,0.8329807315021753
1273,0.833999365568161
1274,0.8330098353326321
1275,0.8330098353326321
1276,0.8750066626816988
1277,0.8750066626816988
1278,0.833999365568161
1279,0.8750066626816988
1280,0.8329807315021753
1281,0.8329807315021753
1282,0.833999365568161
1283,0.8330098353326321
1284,0.8749775588512421
1285,0.8749775588512421
1286,0.833999365568161
1287,0.833999365568161
1288,0.8329807315021753
1289,0.8329807315021753
1290,0.8330098353326321
1291,0.8750066626816988
1292,0.8750066626816988
1293,0.8749775588512421
1294,0.8750066626816988
1295,0.8750066626816988
1296,0.8329807315021753
1297,0.8329807315021753
1298,0.9170034900307655
1299,0.8750066626816988
1300,0.8329807315021753
1301,0.8329807315021753
1302,0.8750066626816988
1303,0.9170034900307655
1304,0.8330098353326321
1305,0.8329807315021753
1306,0.8749775588512421
1307,0.833999365568161
1308,0.8330098353326321
1309,0.8749775588512421
1310,0.8749775588512421
1311,0.833999365568161
1312,0.8330098353326321
1313,0.8749775588512421
1314,0.833999365568161
1315,0.833999365568161
1316,0.8750066626816988
1317,0.833999365568161
1318,0.8749775588512421
1319,0.8330098353326321
1320,0.8750066626816988
1321,0.8330098353326321
1322,0.833999365568161
1323,0.8750066626816988
1324,0.8330098353326321
1325,0.8330098353326321
1326,0.8329807315021753
1327,0.9170034900307655
1328,0.8750066626816988
1329,0.8750066626816988
1330,0.8749775588512421
1331,0.8750066626816988
1332,0.8330098353326321
1333,0.8330098353326321
1334,0.8749775588512421
1335,0.8750066626816988
1336,0.833999365568161
1337,0.8330098353326321
1338,0.8329807315021753
1339,0.8329807315021753
1340,0.9170034900307655
1341,0.8750066626816988
1342,0.8749775588512421
1343,0.8329807315021753
1344,0.8750066626816988
1345,0.8330098353326321
1346,0.7920025382190943
1347,0.833999365568161
1348,0.9170034900307655
1349,0.8750066626816988
1350,0.8750066626816988
1351,0.8749775588512421
1352,0.833999365568161
1353,0.8330098353326321
1354,0.8750066626816988
1355,0.833999365568161
1356,0.8750066626816988
1357,0.8330098353326321
1358,0.833999365568161
1359,0.8749775588512421
1360,0.7920025382190943
1361,0.8750066626816988
1362,0.8330098353326321
1363,0.833999365568161
1364,0.833999365568161
1365,0.8330098353326321
1366,0.8330098353326321
1367,0.8749775588512421
1368,0.8749775588512421
1369,0.8750066626816988
1370,0.8750066626816988
1371,0.8329807315021753
1372,0.8749775588512421
1373,0.8750066626816988
1374,0.8330098353326321
1375,0.8330098353326321
1376,0.7920025382190943
1377,0.833999365568161
1378,0.7920025382190943
1379,0.8330098353326321
1380,0.8329807315021753
1381,0.8329807315021753
1382,0.833999365568161
1383,0.8330098353326321
1384,0.8329807315021753
1385,0.8749775588512421
1386,0.8750066626816988
1387,0.8330098353326321
1388,0.8330098353326321
1389,0.833999365568161
1390,0.833999365568161
1391,0.833999365568161
1392,0.8329807315021753
1393,0.8329807315021753
1394,0.9160139597952366
1395,0.8750066626816988
1396,0.8750066626816988
1397,0.8749775588512421
1398,0.8330098353326321
1399,0.833999365568161
1400,0.8330098353326321
1401,0.8750066626816988
1402,0.833999365568161
1403,0.833999365568161
1404,0.8750066626816988
1405,0.8750066626816988
1406,0.8750066626816988
1407,0.9160139597952366
1408,0.8329807315021753
1409,0.9159848559647799
1410,0.8330098353326321
1411,0.8330098353326321
1412,0.8330098353326321
1413,0.8750066626816988
1414,0.8750066626816988
1415,0.8330098353326321
1416,0.8750066626816988
1417,0.8750066626816988
1418,0.8750066626816988
1419,0.9160139597952366
1420,0.8329807315021753
1421,0.8749775588512421
1422,0.8330098353326321
1423,0.8750066626816988
1424,0.833999365568161
1425,0.833999365568161
1426,0.7920025382190943
1427,0.8750066626816988
1428,0.8330098353326321
1429,0.8749775588512421
1430,0.8329807315021753
1431,0.8750066626816988
1432,0.8750066626816988
1433,0.833999365568161
1434,0.8750066626816988
1435,0.8330098353326321
1436,0.833999365568161
1437,0.9170034900307655
1438,0.833999365568161
1439,0.8330098353326321
1440,0.8330098353326321
1441,0.8750066626816988
1442,0.833999365568161
1443,0.9170034900307655
1444,0.8750066626816988
1445,0.8750066626816988
1446,0.9159848559647799
1447,0.8330098353326321
1448,0.833999365568161
1449,0.8750066626816988
1450,0.8329807315021753
1451,0.833999365568161
1452,0.8750066626816988
1453,0.8750066626816988
1454,0.8329807315021753
1455,0.8750066626816988
1456,0.8330098353326321
1457,0.833999365568161
1458,0.8329807315021753
1459,0.8750066626816988
1460,0.833999365568161
1461,0.8750066626816988
1462,0.8750066626816988
1463,0.8330098353326321
1464,0.8330098353326321
1465,0.8750066626816988
1466,0.8750066626816988
1467,0.8750066626816988
1468,0.8750066626816988
1469,0.9590003173798323
1470,0.8329807315021753
1471,0.8329807315021753
1472,0.833999365568161
1473,0.8750066626816988
1474,0.833999365568161
1475,0.8329807315021753
1476,0.8750066626816988
1477,0.8750066626816988
1478,0.8330098353326321
1479,0.8750066626816988
1480,0.8330098353326321
1481,0.833999365568161
1482,0.8750066626816988
1483,0.9159848559647799
1484,0.8330098353326321
1485,0.9160139597952366
1486,0.9170034900307655
1487,0.8750066626816988
1488,0.9170034900307655
1489,0.8750066626816988
1490,0.8330098353326321
1491,0.8329807315021753
1492,0.8750066626816988
1493,0.8750066626816988
1494,0.8330098353326321
1495,0.833999365568161
1496,0.8750066626816988
1497,0.8330098353326321
1498,0.833999365568161
1499,0.8749775588512421
1500,0.7909839041531086
1501,0.8330098353326321
1502,0.8750066626816988
1503,0.8330098353326321
1504,0.8750066626816988
1505,0.8330098353326321
1506,0.9160139597952366
1507,0.8750066626816988
1508,0.7919734343886375
1509,0.8330098353326321
1510,0.8750066626816988
1511,0.8749775588512421
1512,0.8329807315021753
1513,0.8330098353326321
1514,0.9160139597952366
1515,0.8750066626816988
1516,0.8750066626816988
1517,0.8330098353326321
1518,0.8750066626816988
1519,0.8330098353326321
1520,0.9159848559647799
1521,0.8330098353326321
1522,0.8330098353326321
1523,0.8750066626816988
1524,0.8329807315021753
1525,0.8749775588512421
1526,0.833999365568161
1527,0.8330098353326321
1528,0.8329807315021753
1529,0.8750066626816988
1530,0.8750066626816988
1531,0.8330098353326321
1532,0.7920025382190943
1533,0.833999365568161
1534,0.8750066626816988
1535,0.8750066626816988
1536,0.7920025382190943
1537,0.8750066626816988
1538,0.8750066626816988
1539,0.8750066626816988
1540,0.8750066626816988
1541,0.9169743862003088
1542,0.8750066626816988
1543,0.8750066626816988
1544,0.9160139597952366
1545,0.8749775588512421
1546,0.7920025382190943
1547,0.833999365568161
1548,0.8330098353326321
1549,0.8749775588512421
1550,0.9170034900307655
1551,0.8750066626816988
1552,0.833999365568161
1553,0.8749775588512421
1554,0.8329807315021753
1555,0.8750066626816988
1556,0.9590003173798323
1557,0.8750066626816988
1558,0.8750066626816988
1559,0.8329807315021753
1560,0.8329807315021753
1561,0.9160139597952366
1562,0.8750066626816988
1563,0.833999365568161
1564,0.8329807315021753
1565,0.8330098353326321
1566,0.8330098353326321
1567,0.8330098353326321
1568,0.833999365568161
1569,0.8750066626816988
1570,0.8330098353326321
1571,0.8750066626816988
1572,0.8750066626816988
1573,0.8330098353326321
1574,0.8750066626816988
1575,0.9170034900307655
1576,0.833999365568161
1577,0.8330098353326321
1578,0.8750066626816988
1579,0.8750066626816988
1580,0.8750066626816988
1581,0.8750066626816988
1582,0.8330098353326321
1583,0.9170034900307655
1584,0.833999365568161
1585,0.8329807315021753
1586,0.8750066626816988
1587,0.8750066626816988
1588,0.8330098353326321
1589,0.8750066626816988
1590,0.8750066626816988
1591,0.8750066626816988
1592,0.8750066626816988
1593,0.8750066626816988
1594,0.8330098353326321
1595,0.8330098353326321
1596,0.833999365568161
1597,0.8329807315021753
1598,0.8749775588512421
1599,0.8750066626816988
1600,0.8330098353326321
1601,0.8750066626816988
1602,0.8330098353326321
1603,0.8750066626816988
1604,0.8750066626816988
1605,0.833999365568161
1606,0.7920025382190943
1607,0.8750066626816988
1608,0.833999365568161
1609,0.8329807315021753
1610,0.8749775588512421
1611,0.8330098353326321
1612,0.8330098353326321
1613,0.833999365568161
1614,0.8749775588512421
1615,0.8330098353326321
1616,0.7920025382190943
1617,0.8749775588512421
1618,0.8749775588512421
1619,0.8330098353326321
1620,0.8750066626816988
1621,0.8750066626816988
1622,0.8749775588512421
1623,0.8750066626816988
1624,0.8750066626816988
1625,0.8750066626816988
1626,0.8329807315021753
1627,0.833999365568161
1628,0.8330098353326321
1629,0.8750066626816988
1630,0.8750066626816988
1631,0.8750066626816988
1632,0.8750066626816988
1633,0.833999365568161
1634,0.8750066626816988
1635,0.8749775588512421
1636,0.833999365568161
1637,0.8750066626816988
1638,0.8330098353326321
1639,0.8749775588512421
1640,0.833999365568161
1641,0.8750066626816988
1642,0.8330098353326321
1643,0.833999365568161
1644,0.8330098353326321
1645,0.8750066626816988
1646,0.7920025382190943
1647,0.833999365568161
1648,0.8750066626816988
1649,0.9160139597952366
1650,0.8750066626816988
1651,0.8749775588512421
1652,0.8750066626816988
1653,0.8750066626816988
1654,0.8750066626816988
1655,0.8750066626816988
1656,0.833999365568161
1657,0.8750066626816988
1658,0.8750066626816988
1659,0.8749775588512421
1660,0.9170034900307655
1661,0.8750066626816988
1662,0.8750066626816988
1663,0.8749775588512421
1664,0.8329807315021753
1665,0.8750066626816988
1666,0.8330098353326321
1667,0.833999365568161
1668,0.8749775588512421
1669,0.9590003173798323
1670,0.9170034900307655
1671,0.8750066626816988
1672,0.9170034900307655
1673,1.0830117389559746
1674,0.8750066626816988
1675,0.8329807315021753
1676,0.8749775588512421
1677,0.8750066626816988
1678,0.7920025382190943
1679,0.833999365568161
1680,0.8329807315021753
1681,0.8750066626816988
1682,0.833999365568161
1683,0.8750066626816988
1684,0.8329807315021753
1685,0.8750066626816988
1686,0.9170034900307655
1687,0.8329807315021753
1688,0.8749775588512421
1689,0.8750066626816988
1690,0.833999365568161
1691,0.8330098353326321
1692,0.8749775588512421
1693,0.8750066626816988
1694,0.8330098353326321
1695,0.8750066626816988
1696,0.9169743862003088
1697,0.8750066626816988
1698,0.8750066626816988
1699,0.8750066626816988
1700,0.8329807315021753
1701,0.8329807315021753
1702,0.833999365568161
1703,0.8750066626816988
1704,0.8749775588512421
1705,0.8750066626816988
1706,0.8750066626816988
1707,0.8330098353326321
1708,0.8749775588512421
1709,0.8750066626816988
1710,0.9160139597952366
1711,0.8750066626816988
1712,0.833999365568161
1713,0.8750066626816988
1714,0.8330098353326321
1715,0.8330098353326321
1716,0.833999365568161
1717,0.8749775588512421
1718,0.833999365568161
1719,0.8330098353326321
1720,0.7909839041531086
1721,0.8749775588512421
1722,0.833999365568161
1723,0.9170034900307655
1724,0.8749775588512421
1725,0.8749775588512421
1726,0.8750066626816988
1727,0.9170034900307655
1728,0.9160139597952366
1729,0.8329807315021753
1730,0.8750066626816988
1731,0.8330098353326321
1732,0.833999365568161
1733,0.8749775588512421
1734,0.8329807315021753
1735,0.833999365568161
1736,0.8330098353326321
1737,0.8329807315021753
1738,0.9159848559647799
1739,0.8330098353326321
1740,0.8750066626816988
1741,0.8749775588512421
1742,0.8749775588512421
1743,0.8330098353326321
1744,0.8330098353326321
1745,0.833999365568161
1746,0.8749775588512421
1747,0.8750066626816988
1748,0.7920025382190943
1749,0.8750066626816988
1750,0.8329807315021753
1751,0.8750066626816988
1752,0.8750066626816988
1753,0.8750066626816988
1754,0.833999365568161
1755,0.8330098353326321
1756,0.8750066626816988
1757,0.8750066626816988
1758,0.8749775588512421
1759,0.8750066626816988
1760,0.8330098353326321
1761,0.8750066626816988
1762,0.833999365568161
1763,0.8330098353326321
1764,0.8330098353326321
1765,0.8750066626816988
1766,0.8750066626816988
1767,0.833999365568161
1768,0.8330098353326321
1769,0.8750066626816988
1770,0.8749775588512421
1771,0.8329807315021753
1772,0.8750066626816988
1773,0.9170034900307655
1774,0.8749775588512421
1775,0.8749775588512421
1776,0.9590003173798323
1777,0.8750066626816988
1778,0.9170034900307655
1779,0.8330098353326321
1780,0.8750066626816988
1781,0.8750066626816988
1782,0.833999365568161
1783,0.9169743862003088
1784,0.8750066626816988
1785,0.8750066626816988
1786,0.8750066626816988
1787,0.9170034900307655
1788,0.8750066626816988
1789,0.8749775588512421
1790,0.8749775588512421
1791,0.8750066626816988
1792,0.8750066626816988
1793,0.8749775588512421
1794,0.8750066626816988
1795,0.8750066626816988
1796,0.8750066626816988
1797,0.8749775588512421
1798,0.8749775588512421
1799,0.8750066626816988
1800,0.8750066626816988
1801,0.8749775588512421
1802,0.8329807315021753
1803,0.8750066626816988
1804,0.8330098353326321
1805,0.8749775588512421
1806,0.8749775588512421
1807,0.8750066626816988
1808,0.833999365568161
1809,0.8749775588512421
1810,0.8749775588512421
1811,0.9170034900307655
1812,0.9170034900307655
1813,0.8329807315021753
1814,0.833999365568161
1815,0.9170034900307655
1816,0.9170034900307655
1817,0.8750066626816988
1818,0.8750066626816988
1819,0.8750066626816988
1820,0.8750066626816988
1821,0.8330098353326321
1822,0.833999365568161
1823,0.8750066626816988
1824,0.8750066626816988
1825,0.8750066626816988
1826,0.7919734343886375
1827,0.8330098353326321
1828,0.8750066626816988
1829,0.833999365568161
1830,0.8329807315021753
1831,0.8330098353326321
1832,0.833999365568161
1833,0.8750066626816988
1834,0.833999365568161
1835,0.8750066626816988
1836,0.8330098353326321
1837,0.833999365568161
1838,0.8749775588512421
1839,0.8749775588512421
1840,0.9170034900307655
1841,0.833999365568161
1842,0.8749775588512421
1843,0.8329807315021753
1844,0.8750066626816988
1845,0.8330098353326321
1846,0.8750066626816988
1847,0.8750066626816988
1848,0.8330098353326321
1849,0.8750066626816988
1850,0.8330098353326321
1851,0.8750066626816988
1852,0.8330098353326321
1853,0.833999365568161
1854,0.833999365568161
1855,0.8329807315021753
1856,0.8330098353326321
1857,0.8750066626816988
1858,0.8750066626816988
1859,0.8749775588512421
1860,0.8750066626816988
1861,0.8330098353326321
1862,0.8750066626816988
1863,0.8329807315021753
1864,0.8329807315021753
1865,0.8750066626816988
1866,0.8330098353326321
1867,0.8329807315021753
1868,0.8329807315021753
1869,0.833999365568161
1870,0.8750066626816988
1871,0.833999365568161
1872,0.8750066626816988
1873,0.8750066626816988
1874,0.833999365568161
1875,0.8329807315021753
1876,0.8329807315021753
1877,0.8330098353326321
1878,0.833999365568161
1879,0.833999365568161
1880,0.7919734343886375
1881,0.8330098353326321
1882,0.8330098353326321
1883,0.8750066626816988
1884,0.833999365568161
1885,0.8330098353326321
1886,0.8330098353326321
1887,0.8330098353326321
1888,0.8749775588512421
1889,0.8750066626816988
1890,0.8330098353326321
1891,0.833999365568161
1892,0.8329807315021753
1893,0.8329807315021753
1894,0.7920025382190943
1895,0.8750066626816988
1896,0.7920025382190943
1897,0.8329807315021753
1898,0.9160139597952366
1899,0.8330098353326321
1900,0.7909839041531086
1901,0.8329807315021753
1902,0.8750066626816988
1903,0.8750066626816988
1904,0.8330098353326321
1905,0.8329807315021753
1906,0.8750066626816988
1907,0.8750066626816988
1908,0.8330098353326321
1909,0.8749775588512421
1910,0.8750066626816988
1911,0.8750066626816988
1912,0.8330098353326321
1913,0.8329807315021753
1914,0.8329807315021753
1915,0.833999365568161
1916,0.7920025382190943
1917,0.8329807315021753
1918,0.8749775588512421
1919,0.8750066626816988
1920,0.8330098353326321
1921,0.8330098353326321
1922,0.8750066626816988
1923,0.9170034900307655
1924,0.9170034900307655
1925,0.8750066626816988
1926,0.833999365568161
1927,0.9170034900307655
1928,0.8750066626816988
1929,0.8750066626816988
1930,0.8340284693986177
1931,0.8330098353326321
1932,0.8750066626816988
1933,0.8750066626816988
1934,0.8749775588512421
1935,0.8750066626816988
1936,0.8750066626816988
1937,0.833999365568161
1938,0.8329807315021753
1939,0.8750066626816988
1940,0.8750066626816988
1941,0.8330098353326321
1942,0.8329807315021753
1943,0.833999365568161
1944,0.8330098353326321
1945,0.8750066626816988
1946,0.8749775588512421
1947,0.8749775588512421
1948,0.8330098353326321
1949,0.8330098353326321
1950,0.8749775588512421
1951,0.8749775588512421
1952,0.8750066626816988
1953,0.8750066626816988
1954,0.8750066626816988
1955,0.8749775588512421
1956,0.8750066626816988
1957,0.8750066626816988
1958,0.9170034900307655
1959,0.833999365568161
1960,0.8330098353326321
1961,0.8330098353326321
1962,0.833999365568161
1963,0.8749775588512421
1964,0.7920025382190943
1965,0.833999365568161
1966,0.8750066626816988
1967,0.8329807315021753
1968,0.833999365568161
1969,0.8330098353326321
1970,0.8750066626816988
1971,0.8749775588512421
1972,0.8750066626816988
1973,0.8750066626816988
1974,0.8330098353326321
1975,0.8329807315021753
1976,0.8329807315021753
1977,0.833999365568161
1978,0.833999365568161
1979,0.8329807315021753
1980,0.8329807315021753
1981,0.8330098353326321
1982,0.7920025382190943
1983,0.833999365568161
1984,0.8749775588512421
1985,0.8750066626816988
1986,0.833999365568161
1987,0.8330098353326321
1988,0.7909839041531086
1989,0.8330098353326321
1990,0.7910130079835653
1991,0.8750066626816988
1992,0.8329807315021753
1993,0.8750066626816988
1994,0.833999365568161
1995,0.8330098353326321
1996,0.8330098353326321
1997,0.8749775588512421
1998,0.8750066626816988
1999,0.8330098353326321
2000,0.8330098353326321
2001,0.8749775588512421
2002,0.7920025382190943
2003,0.833999365568161
2004,0.8750066626816988
2005,0.833999365568161
2006,0.7920025382190943
2007,0.8750066626816988
2008,0.8750066626816988
2009,0.8750066626816988
2010,0.8750066626816988
2011,0.8330098353326321
2012,0.7920025382190943
2013,0.8750066626816988
2014,0.8330098353326321
2015,0.8750066626816988
2016,0.9160139597952366
2017,0.8329807315021753
2018,0.833999365568161
2019,0.8750066626816988
2020,0.8750066626816988
2021,0.833999365568161
2022,0.8330098353326321
2023,0.8330098353326321
2024,0.833999365568161
2025,0.8329807315021753
2026,0.9159848559647799
2027,0.8750066626816988
2028,0.833999365568161
2029,0.8329807315021753
2030,0.8749775588512421
2031,0.8750066626816988
2032,0.8750066626816988
2033,0.833999365568161
2034,0.8329807315021753
2035,0.8750066626816988
2036,0.8750066626816988
2037,0.8750066626816988
2038,0.833999365568161
2039,0.8330098353326321
2040,0.8330098353326321
2041,0.8330098353326321
2042,0.833999365568161
2043,0.833999365568161
2044,0.8330098353326321
2045,0.8330098353326321
2046,0.7909839041531086
2047,0.8329807315021753
2048,0.833999365568161
2049,0.8330098353326321
2050,0.8329807315021753
2051,0.8329807315021753
2052,0.8750066626816988
2053,0.8330098353326321
2054,0.8330098353326321
2055,0.833999365568161
2056,0.8750066626816988
2057,0.8330098353326321
2058,0.7920025382190943
2059,0.833999365568161
2060,0.8330098353326321
2061,0.8330098353326321
2062,0.833999365568161
2063,0.833999365568161
2064,0.8330098353326321
2065,0.8330098353326321
2066,0.8750066626816988
2067,0.8750066626816988
2068,0.8330098353326321
2069,0.8330098353326321
2070,0.833999365568161
2071,0.8330098353326321
2072,0.7910130079835653
2073,0.8330098353326321
2074,0.8340284693986177
2075,0.8750066626816988
2076,0.8330098353326321
2077,0.9160139597952366
2078,0.8749775588512421
2079,0.8750066626816988
2080,0.8330098353326321
2081,0.8750066626816988
2082,0.8329807315021753
2083,0.8329807315021753
2084,0.833999365568161
2085,0.8330098353326321
2086,0.8329807315021753
2087,0.8749775588512421
2088,0.7920025382190943
2089,0.8750066626816988
2090,0.833999365568161
2091,0.8329807315021753
2092,0.8750066626816988
2093,0.8750066626816988
2094,0.8329807315021753
2095,0.9169743862003088
2096,0.8330098353326321
2097,0.8750066626816988
2098,0.833999365568161
2099,0.8329807315021753
2100,0.8330098353326321
2101,0.833999365568161
2102,0.8750066626816988
2103,0.8329807315021753
2104,0.833999365568161
2105,0.833999365568161
2106,0.8330098353326321
2107,0.8329807315021753
2108,0.8749775588512421
2109,0.8750066626816988
2110,0.7920025382190943
2111,0.9169743862003088
2112,0.8749775588512421
2113,0.833999365568161
2114,0.7920025382190943
2115,0.8750066626816988
2116,0.8750066626816988
2117,0.8330098353326321
2118,0.8750066626816988
2119,0.8749775588512421
2120,0.8329807315021753
2121,0.8330098353326321
2122,0.9160139597952366
2123,0.8750066626816988
2124,0.833999365568161
2125,0.8750066626816988
2126,0.8750066626816988
2127,0.8750066626816988
2128,0.9159848559647799
2129,0.8750066626816988
2130,0.8330098353326321
2131,0.8750066626816988
2132,0.8749775588512421
2133,0.8750066626816988
2134,0.9160139597952366
2135,0.8750066626816988
2136,0.8329807315021753
2137,0.833999365568161
2138,0.8750066626816988
2139,0.8750066626816988
2140,0.8749775588512421
2141,0.833999365568161
2142,0.833999365568161
2143,0.8750066626816988
2144,0.8329807315021753
2145,0.8749775588512421
2146,0.833999365568161
2147,0.7920025382190943
2148,0.8329807315021753
2149,0.8329807315021753
2150,0.9160139597952366
2151,0.8750066626816988
2152,0.8330098353326321
2153,0.7920025382190943
2154,0.833999365568161
2155,0.8330098353326321
2156,0.8330098353326321
2157,0.833999365568161
2158,0.833999365568161
2159,0.8330098353326321
2160,0.7910130079835653
2161,0.8750066626816988
2162,0.9170034900307655
2163,0.8750066626816988
2164,0.8750066626816988
2165,0.8329807315021753
2166,0.7920025382190943
2167,0.833999365568161
2168,0.8750066626816988
2169,0.833999365568161
2170,0.8329807315021753
2171,0.8750066626816988
2172,0.7920025382190943
2173,0.833999365568161
2174,0.8329807315021753
2175,0.8750066626816988
2176,0.8750066626816988
2177,0.8750066626816988
2178,0.7909839041531086
2179,0.7910130079835653
2180,0.7910130079835653
2181,0.8750066626816988
2182,0.8329807315021753
2183,0.833999365568161
2184,0.8330098353326321
2185,0.8750066626816988
2186,0.8749775588512421
2187,0.8329807315021753
2188,0.8330098353326321
2189,0.833999365568161
2190,0.7920025382190943
2191,0.8329807315021753
2192,0.8330098353326321
2193,0.8330098353326321
2194,0.8749775588512421
2195,0.8749775588512421
2196,0.8330098353326321
2197,0.9160139597952366
2198,0.8750066626816988
2199,0.8329807315021753
2200,0.833999365568161
2201,0.8330098353326321
2202,0.8330098353326321
2203,0.8749775588512421
2204,0.8330098353326321
2205,0.8330098353326321
2206,0.8330098353326321
2207,0.833999365568161
2208,0.8750066626816988
2209,0.8750066626816988
2210,0.8750066626816988
2211,0.7909839041531086
2212,0.8329807315021753
2213,0.8750066626816988
2214,0.833999365568161
2215,0.8750066626816988
2216,0.8750066626816988
2217,0.8750066626816988
2218,0.9160139597952366
2219,0.8330098353326321
2220,0.8329807315021753
2221,0.833999365568161
2222,0.833999365568161
2223,0.8750066626816988
2224,0.8750066626816988
2225,0.8330098353326321
2226,0.8330098353326321
2227,0.833999365568161
2228,0.8749775588512421
2229,0.8749775588512421
2230,0.8750066626816988
2231,0.8330098353326321
2232,0.833999365568161
2233,0.833999365568161
2234,0.8330098353326321
2235,0.8330098353326321
2236,0.833999365568161
2237,0.8750066626816988
2238,0.8330098353326321
2239,0.8330098353326321
2240,0.8330098353326321
2241,0.8750066626816988
2242,0.8330098353326321
2243,0.8750066626816988
2244,0.9160139597952366
2245,0.8329807315021753
2246,0.833999365568161
2247,0.8330098353326321
2248,0.8330098353326321
2249,0.8749775588512421
2250,0.8330098353326321
2251,0.8330098353326321
2252,0.8330098353326321
2253,0.8330098353326321
2254,0.833999365568161
2255,0.7920025382190943
2256,0.8330098353326321
2257,0.8330098353326321
2258,0.8750066626816988
2259,0.8330098353326321
2260,0.7910130079835653
2261,0.8330098353326321
2262,0.8329807315021753
2263,0.8330098353326321
2264,0.8330098353326321
2265,0.7920025382190943
2266,0.833999365568161
2267,0.8750066626816988
2268,0.7920025382190943
2269,0.7920025382190943
2270,0.8329807315021753
2271,0.7909839041531086
2272,0.8330098353326321
2273,0.8750066626816988
2274,0.9170034900307655
2275,0.8750066626816988
2276,0.7910130079835653
2277,0.8330098353326321
2278,0.7910130079835653
2279,0.8749775588512421
2280,0.8330098353326321
2281,0.8750066626816988
2282,0.8750066626816988
2283,0.8329807315021753
2284,0.7909839041531086
2285,0.8330098353326321
2286,0.833999365568161
2287,0.833999365568161
2288,0.7920025382190943
2289,0.8330098353326321
2290,0.8330098353326321
2291,0.833999365568161
2292,0.7919734343886375
2293,0.8750066626816988
2294,0.8750066626816988
2295,0.833999365568161
2296,0.8329807315021753
2297,0.8330098353326321
2298,0.8330098353326321
2299,0.833999365568161
2300,0.833999365568161
2301,0.8330098353326321
2302,0.8330098353326321
2303,0.8750066626816988
2304,0.8329807315021753
2305,0.833999365568161
2306,0.833999365568161
2307,0.833999365568161
2308,0.8329807315021753
2309,0.8329807315021753
2310,0.7920025382190943
2311,0.833999365568161
2312,0.7920025382190943
2313,0.8329807315021753
2314,0.7910130079835653
2315,0.8330098353326321
2316,0.833999365568161
2317,0.8749775588512421
2318,0.8750066626816988
2319,0.8330098353326321
2320,0.7920025382190943
2321,0.8749775588512421
2322,0.8330098353326321
2323,0.8750066626816988
2324,0.833999365568161
2325,0.8749775588512421
2326,0.8329807315021753
2327,0.8750066626816988
2328,0.833999365568161
2329,0.833999365568161
2330,0.7919734343886375
2331,0.8330098353326321
2332,0.8330098353326321
2333,0.833999365568161
2334,0.8750066626816988
2335,0.8750066626816988
2336,0.8750066626816988
2337,0.8330098353326321
2338,0.833999365568161
2339,0.7920025382190943
2340,0.8750066626816988
2341,0.833999365568161
2342,0.8329807315021753
2343,0.8329807315021753
2344,0.8330098353326321
2345,0.9580107871443033
2346,0.7920025382190943
2347,0.8330098353326321
2348,0.8750066626816988
2349,0.8750066626816988
2350,0.833999365568161
2351,0.833999365568161
2352,0.7920025382190943
2353,0.8750066626816988
2354,0.8750066626816988
2355,0.833999365568161
2356,0.7920025382190943
2357,0.8330098353326321
2358,0.8330098353326321
2359,0.8749775588512421
2360,0.7920025382190943
2361,0.833999365568161
2362,0.8330098353326321
2363,0.9170034900307655
2364,0.8750066626816988
2365,0.8750066626816988
2366,0.7920025382190943
2367,0.8749775588512421
2368,0.8749775588512421
2369,0.8750066626816988
2370,0.8750066626816988
2371,0.8329807315021753
2372,0.8329807315021753
2373,0.833999365568161
2374,0.833999365568161
2375,0.833999365568161
2376,0.8329807315021753
2377,0.8750066626816988
2378,0.8750066626816988
2379,0.833999365568161
2380,0.8750066626816988
2381,0.8330098353326321
2382,0.8330098353326321
2383,0.833999365568161
2384,0.9170034900307655
2385,0.833999365568161
2386,0.833999365568161
2387,0.8330098353326321
2388,0.9579816833138466
2389,0.833999365568161
2390,0.8330098353326321
2391,0.8750066626816988
2392,0.8329807315021753
2393,0.8749775588512421
2394,0.833999365568161
2395,0.8750066626816988
2396,0.8329807315021753
2397,0.8750066626816988
2398,0.7920025382190943
2399,0.833999365568161
2400,0.8329807315021753
2401,0.8749775588512421
2402,0.8750066626816988
2403,0.8750066626816988
2404,0.8750066626816988
2405,0.8749775588512421
2406,0.8750066626816988
2407,0.8330098353326321
2408,0.8750066626816988
2409,0.8329807315021753
2410,0.8330098353326321
2411,0.8330098353326321
2412,0.8750066626816988
2413,0.8750066626816988
2414,0.8750066626816988
2415,0.833999365568161
2416,0.8330098353326321
2417,0.8329807315021753
2418,0.833999365568161
2419,0.8750066626816988
2420,0.8750066626816988
2421,0.8749775588512421
2422,0.9580107871443033
2423,0.8330098353326321
2424,0.833999365568161
2425,0.9169743862003088
2426,0.8329807315021753
2427,0.8750066626816988
2428,0.833999365568161
2429,0.8750066626816988
2430,0.9159848559647799
2431,0.8750066626816988
2432,0.8750066626816988
2433,0.8750066626816988
2434,0.8329807315021753
2435,0.833999365568161
2436,0.8330098353326321
2437,0.8330098353326321
2438,0.833999365568161
2439,0.8750066626816988
2440,0.8750066626816988
2441,0.8329807315021753
2442,0.8329807315021753
2443,0.8750066626816988
2444,0.8330098353326321
2445,0.8330098353326321
2446,0.8750066626816988
2447,0.8330098353326321
2448,0.9160139597952366
2449,0.8750066626816988
2450,0.8749775588512421
2451,0.8750066626816988
2452,0.8750066626816988
2453,0.8750066626816988
2454,0.833999365568161
2455,0.8330098353326321
2456,0.8330098353326321
2457,0.833999365568161
2458,0.8329807315021753
2459,0.8749775588512421
2460,0.833999365568161
2461,0.8330098353326321
2462,0.8329807315021753
2463,0.8749775588512421
2464,0.8330098353326321
2465,0.8330098353326321
2466,0.833999365568161
2467,0.8329807315021753
2468,0.8750066626816988
2469,0.833999365568161
2470,0.8329807315021753
2471,0.8329807315021753
2472,0.8330098353326321
2473,0.833999365568161
2474,0.8750066626816988
2475,0.8749775588512421
2476,0.8329807315021753
2477,0.8750066626816988
2478,0.8330098353326321
2479,0.833999365568161
2480,0.7920025382190943
2481,0.8330098353326321
2482,0.8750066626816988
2483,0.8750066626816988
2484,0.8750066626816988
2485,0.8330098353326321
2486,0.9160139597952366
2487,0.8750066626816988
2488,0.8750066626816988
2489,0.8330098353326321
2490,0.8330098353326321
2491,0.833999365568161
2492,0.8329807315021753
2493,0.8750066626816988
2494,0.8330098353326321
2495,0.8330098353326321
2496,0.8749775588512421
2497,0.8750066626816988
2498,0.7910130079835653
2499,0.8750066626816988
2500,0.8749775588512421
2501,0.8329807315021753
2502,0.833999365568161
2503,0.8750066626816988
2504,0.833999365568161
2505,0.8750066626816988
2506,0.833999365568161
2507,0.8330098353326321
2508,0.8749775588512421
2509,0.8750066626816988
2510,0.8330098353326321
2511,0.7910130079835653
2512,0.8750066626816988
2513,0.8750066626816988
2514,0.8750066626816988
2515,0.833999365568161
2516,0.8329807315021753
2517,0.8749775588512421
2518,0.8330098353326321
2519,0.8330098353326321
2520,0.833999365568161
2521,0.8329807315021753
2522,0.8750066626816988
2523,0.8750066626816988
2524,0.8330098353326321
2525,0.8749775588512421
2526,0.8750066626816988
2527,0.8750066626816988
2528,0.9170034900307655
2529,0.8340284693986177
2530,0.8330098353326321
2531,0.8330098353326321
2532,0.7920025382190943
2533,0.8749775588512421
2534,0.8330098353326321
2535,0.8750066626816988
2536,0.8750066626816988
2537,0.8749775588512421
2538,0.8750066626816988
2539,0.8750066626816988
2540,0.8750066626816988
2541,0.8749775588512421
2542,0.8749775588512421
2543,0.9170034900307655
2544,0.8750066626816988
2545,0.8750066626816988
2546,0.8750066626816988
2547,0.8750066626816988
2548,0.8330098353326321
2549,0.833999365568161
2550,0.833999365568161
2551,0.8330098353326321
2552,0.8330098353326321
2553,0.8750066626816988
2554,0.8329807315021753
2555,0.8330098353326321
2556,0.8750066626816988
2557,0.8750066626816988
2558,0.8329807315021753
2559,0.8750066626816988
2560,0.8330098353326321
2561,0.9159848559647799
2562,0.8329807315021753
2563,0.8750066626816988
2564,0.9160139597952366
2565,0.8750066626816988
2566,0.833999365568161
2567,0.8750066626816988
2568,0.8750066626816988
2569,0.8749775588512421
2570,0.8749775588512421
2571,0.8330098353326321
2572,0.8330098353326321
2573,0.8330098353326321
2574,0.833999365568161
2575,0.8750066626816988
2576,0.9170034900307655
2577,0.8750066626816988
2578,0.8330098353326321
2579,0.8750066626816988
2580,0.8750066626816988
2581,0.8329807315021753
2582,0.833999365568161
2583,0.833999365568161
2584,0.8750066626816988
2585,0.8750066626816988
2586,0.8750066626816988
2587,0.9170034900307655
2588,0.8750066626816988
2589,0.8329807315021753
2590,0.833999365568161
2591,0.8330098353326321
2592,0.9170034900307655
2593,0.8749775588512421
2594,0.8749775588512421
2595,0.8750066626816988
2596,0.8750066626816988
2597,0.8749775588512421
2598,0.8749775588512421
2599,0.8750066626816988
2600,0.8750066626816988
2601,0.8329807315021753
2602,0.8749775588512421
2603,0.8750066626816988
2604,0.833999365568161
2605,0.8329807315021753
2606,0.8329807315021753
2607,0.833999365568161
2608,0.7500057108700275
2609,0.8749775588512421
2610,0.8329807315021753
2611,0.8750066626816988
2612,0.7910130079835653
2613,0.8750066626816988
2614,0.8340284693986177
2615,0.8330098353326321
2616,0.8750066626816988
2617,0.9170034900307655
2618,0.8750066626816988
2619,0.8330098353326321
2620,0.8330098353326321
2621,0.9170034900307655
2622,0.833999365568161
2623,0.9170034900307655
2624,0.833999365568161
2625,0.8750066626816988
2626,0.8329807315021753
2627,0.8750066626816988
2628,0.8330098353326321
2629,0.9160139597952366
2630,0.8749775588512421
2631,0.8749775588512421
2632,0.8750066626816988
2633,0.833999365568161
2634,0.8749775588512421
2635,0.8749775588512421
2636,0.8750066626816988
2637,0.8750066626816988
2638,0.8329807315021753
2639,0.8329807315021753
2640,0.7920025382190943
2641,0.9170034900307655
2642,0.833999365568161
2643,0.8329807315021753
2644,0.8330098353326321
2645,0.833999365568161
2646,0.8330098353326321
2647,0.8749775588512421
2648,0.833999365568161
2649,0.8330098353326321
2650,0.8330098353326321
2651,0.8329807315021753
2652,0.833999365568161
2653,0.833999365568161
2654,0.8330098353326321
2655,0.8750066626816988
2656,0.8329807315021753
2657,0.833999365568161
2658,0.8330098353326321
2659,0.8329807315021753
2660,0.8329807315021753
2661,0.833999365568161
2662,0.8330098353326321
2663,0.8750066626816988
2664,0.8329807315021753
2665,0.8750066626816988
2666,0.833999365568161
2667,0.8330098353326321
2668,0.7909839041531086
2669,0.8329807315021753
2670,0.8750066626816988
2671,0.8750066626816988
2672,0.833999365568161
2673,0.833999365568161
2674,0.8330098353326321
2675,0.7500057108700275
2676,0.8329807315021753
2677,0.8749775588512421
2678,0.833999365568161
2679,0.833999365568161
2680,0.8329807315021753
2681,0.7909839041531086
2682,0.8330098353326321
2683,0.833999365568161
2684,0.8330098353326321
2685,0.8749775588512421
2686,0.8749775588512421
2687,0.8750066626816988
2688,0.8750066626816988
2689,0.833999365568161
2690,0.8750066626816988
2691,0.8750066626816988
2692,0.8330098353326321
2693,0.8750066626816988
2694,0.8330098353326321
2695,0.8750066626816988
2696,0.833999365568161
2697,0.8329807315021753
2698,0.8329807315021753
2699,0.8750066626816988
2700,0.8330098353326321
2701,0.8750066626816988
2702,0.833999365568161
2703,0.833999365568161
2704,0.8330098353326321
2705,0.8330098353326321
2706,0.833999365568161
2707,0.833999365568161
2708,0.8750066626816988
2709,0.833999365568161
2710,0.8329807315021753
2711,0.8330098353326321
2712,0.833999365568161
2713,0.8750066626816988
2714,0.8329807315021753
2715,0.8329807315021753
2716,0.8750066626816988
2717,0.8330098353326321
2718,0.8749775588512421
2719,0.8330098353326321
2720,0.8750066626816988
2721,0.8750066626816988
2722,0.8330098353326321
2723,0.9159848559647799
2724,0.8330098353326321
2725,0.8750066626816988
2726,0.8749775588512421
2727,0.7909839041531086
2728,0.8330098353326321
2729,0.833999365568161
2730,0.833999365568161
2731,0.8749775588512421
2732,0.833999365568161
2733,0.8330098353326321
2734,0.8750066626816988
2735,0.8750066626816988
2736,0.8750066626816988
2737,0.833999365568161
2738,0.8330098353326321
2739,0.8749775588512421
2740,0.8329807315021753
2741,0.833999365568161
2742,0.7500057108700275
2743,0.8330098353326321
2744,0.833999365568161
2745,0.8330098353326321
2746,0.8330098353326321
2747,0.833999365568161
2748,0.8329807315021753
2749,0.8330098353326321
2750,0.8330098353326321
2751,0.833999365568161
2752,0.9169743862003088
2753,0.8750066626816988
2754,0.8330098353326321
2755,0.8749775588512421
2756,0.8749775588512421
2757,0.8750066626816988
2758,0.833999365568161
2759,0.7920025382190943
2760,0.8749775588512421
2761,0.833999365568161
2762,0.7920025382190943
2763,0.8750066626816988
2764,0.8750066626816988
2765,0.8330098353326321
2766,0.8750066626816988
2767,0.8330098353326321
2768,0.833999365568161
2769,0.8750066626816988
2770,0.833999365568161
2771,0.8330098353326321
2772,0.8329807315021753
2773,0.8329807315021753
2774,0.833999365568161
2775,0.8330098353326321
2776,0.8330098353326321
2777,0.8329807315021753
2778,0.8750066626816988
2779,0.8750066626816988
2780,0.833999365568161
2781,0.8329807315021753
2782,0.8750066626816988
2783,0.8750066626816988
2784,0.8330098353326321
2785,0.833999365568161
2786,0.8330098353326321
2787,0.8750066626816988
2788,0.9160139597952366
2789,0.8329807315021753
2790,0.8329807315021753
2791,0.833999365568161
2792,0.8330098353326321
2793,0.8750066626816988
2794,0.8750066626816988
2795,0.8750066626816988
2796,0.8330098353326321
2797,0.8330098353326321
2798,0.833999365568161
2799,0.8330098353326321
2800,0.8330098353326321
2801,0.8330098353326321
2802,0.833999365568161
2803,0.8330098353326321
2804,0.8330098353326321
2805,0.8330098353326321
2806,0.7920025382190943
2807,0.833999365568161
2808,0.8750066626816988
2809,0.8750066626816988
2810,0.8329807315021753
2811,0.8329807315021753
2812,0.8750066626816988
2813,0.8750066626816988
2814,0.8750066626816988
2815,0.8750066626816988
2816,0.8330098353326321
2817,0.7920025382190943
2818,0.8749775588512421
2819,0.8330098353326321
2820,0.8330098353326321
2821,0.8750066626816988
2822,0.7909839041531086
2823,0.8329807315021753
2824,0.7910130079835653
2825,0.8330098353326321
2826,0.7920025382190943
2827,0.8340284693986177
2828,0.8330098353326321
2829,0.8330098353326321
2830,0.833999365568161
2831,0.8329807315021753
2832,0.8749775588512421
2833,0.8750066626816988
2834,0.8330098353326321
2835,0.8329807315021753
2836,0.833999365568161
2837,0.8750066626816988
2838,0.9170034900307655
2839,0.8329807315021753
2840,0.8750066626816988
2841,0.8330098353326321
2842,0.7920025382190943
2843,0.8330098353326321
2844,0.8749775588512421
2845,0.8750066626816988
2846,0.8330098353326321
2847,0.833999365568161
2848,0.833999365568161
2849,0.8330098353326321
2850,0.8330098353326321
2851,0.8330098353326321
2852,0.833999365568161
2853,0.8330098353326321
2854,0.8750066626816988
2855,0.8330098353326321
2856,0.8749775588512421
2857,0.8329807315021753
2858,0.833999365568161
2859,0.8750066626816988
2860,0.8330098353326321
2861,0.833999365568161
2862,0.833999365568161
2863,0.9170034900307655
2864,0.833999365568161
2865,0.8749775588512421
2866,0.8330098353326321
2867,0.8330098353326321
2868,0.833999365568161
2869,0.8329807315021753
2870,0.8750066626816988
2871,0.8330098353326321
2872,0.8750066626816988
2873,0.8329807315021753
2874,0.8750066626816988
2875,0.8750066626816988
2876,0.7920025382190943
2877,0.8329807315021753
2878,0.7909839041531086
2879,0.8330098353326321
2880,0.7920025382190943
2881,0.833999365568161
2882,0.8330098353326321
2883,0.8330098353326321
2884,0.7910130079835653
2885,0.8749775588512421
2886,0.8330098353326321
2887,0.8330098353326321
2888,0.8329807315021753
2889,0.8329807315021753
2890,0.8750066626816988
2891,0.8330098353326321
2892,0.8330098353326321
2893,0.8329807315021753
2894,0.833999365568161
2895,0.8330098353326321
2896,0.7910130079835653
2897,0.8329807315021753
2898,0.833999365568161
2899,0.8330098353326321
2900,0.7920025382190943
2901,0.8329807315021753
2902,0.7909839041531086
2903,0.8330098353326321
2904,0.833999365568161
2905,0.8329807315021753
2906,0.7909839041531086
2907,0.8330098353326321
2908,0.7920025382190943
2909,0.8330098353326321
2910,0.8750066626816988
2911,0.8330098353326321
2912,0.8750066626816988
2913,0.8330098353326321
2914,0.8750066626816988
2915,0.8330098353326321
2916,0.8330098353326321
2917,0.833999365568161
2918,0.9169743862003088
2919,0.8329807315021753
2920,0.833999365568161
2921,0.833999365568161
2922,0.7920025382190943
2923,0.833999365568161
2924,0.8330098353326321
2925,0.8330098353326321
2926,0.8330098353326321
2927,0.8749775588512421
2928,0.7920025382190943
2929,0.8330098353326321
2930,0.7909839041531086
2931,0.8329807315021753
2932,0.833999365568161
2933,0.8330098353326321
2934,0.8330098353326321
2935,0.833999365568161
2936,0.8330098353326321
2937,0.7910130079835653
2938,0.8330098353326321
2939,0.8329807315021753
2940,0.7920025382190943
2941,0.7920025382190943
2942,0.833999365568161
2943,0.833999365568161
2944,0.8329807315021753
2945,0.8330098353326321
2946,0.7910130079835653
2947,0.7910130079835653
2948,0.8329807315021753
2949,0.7920025382190943
2950,0.8750066626816988
2951,0.8330098353326321
2952,0.8329807315021753
2953,0.8749775588512421
2954,0.8750066626816988
2955,0.8330098353326321
2956,0.8329807315021753
2957,0.8329807315021753
2958,0.833999365568161
2959,0.833999365568161
2960,0.8329807315021753
2961,0.8329807315021753
2962,0.8750066626816988
2963,0.8330098353326321
2964,0.8330098353326321
2965,0.833999365568161
2966,0.8750066626816988
2967,0.8330098353326321
2968,0.8330098353326321
2969,0.8329807315021753
2970,0.8750066626816988
2971,0.8750066626816988
2972,0.8750066626816988
2973,0.833999365568161
2974,0.7920025382190943
2975,0.8750066626816988
2976,0.8750066626816988
2977,0.8329807315021753
2978,0.8329807315021753
2979,0.8750066626816988
2980,0.8750066626816988
2981,0.7909839041531086
2982,0.8749775588512421
2983,0.9170034900307655
2984,0.8330098353326321
2985,0.8749775588512421
2986,0.8329807315021753
2987,0.833999365568161
2988,0.8750066626816988
2989,0.8750066626816988
2990,0.8750066626816988
2991,0.8330098353326321
2992,0.8330098353326321
2993,0.8330098353326321
2994,0.833999365568161
2995,0.8750066626816988
2996,0.8330098353326321
2997,0.8330098353326321
2998,0.833999365568161
2999,0.8330098353326321
3000,0.8330098353326321
3001,0.8330098353326321
3002,0.833999365568161
3003,0.8330098353326321
3004,0.8330098353326321
3005,0.8750066626816988
3006,0.7920025382190943
3007,0.8329807315021753
3008,0.8750066626816988
3009,0.7920025382190943
3010,0.8329807315021753
3011,0.8329807315021753
3012,0.8330098353326321
3013,0.8750066626816988
3014,0.833999365568161
3015,0.8749775588512421
3016,0.8329807315021753
3017,0.8330098353326321
3018,0.7920025382190943
3019,0.7920025382190943
3020,0.833999365568161
3021,0.8330098353326321
3022,0.8750066626816988
3023,0.8330098353326321
3024,0.7920025382190943
3025,0.7920025382190943
3026,0.7920025382190943
3027,0.833999365568161
3028,0.8329807315021753
3029,0.8330098353326321
3030,0.8330098353326321
3031,0.7920025382190943
3032,0.7919734343886375
3033,0.833999365568161
3034,0.8330098353326321
3035,0.8330098353326321
3036,0.8330098353326321
3037,0.833999365568161
3038,0.8330098353326321
3039,0.8330098353326321
3040,0.8750066626816988
3041,0.833999365568161
3042,0.8750066626816988
3043,0.833999365568161
3044,0.8329807315021753
3045,0.8329807315021753
3046,0.8750066626816988
3047,0.8750066626816988
3048,0.8330098353326321
3049,0.8749775588512421
3050,0.8329807315021753
3051,0.8750066626816988
3052,0.8750066626816988
3053,0.8750066626816988
3054,0.8330098353326321
3055,0.8750066626816988
3056,0.7920025382190943
3057,0.8330098353326321
3058,0.833999365568161
3059,0.8330098353326321
3060,0.7910130079835653
3061,0.8330098353326321
3062,0.8749775588512421
3063,0.8750066626816988
3064,0.8330098353326321
3065,0.8750066626816988
3066,0.8749775588512421
3067,0.8330098353326321
3068,0.7920025382190943
3069,0.833999365568161
3070,0.8329807315021753
3071,0.8330098353326321
3072,0.8750066626816988
3073,0.8330098353326321
3074,0.8750066626816988
3075,0.8330098353326321
3076,0.8750066626816988
3077,0.8330098353326321
3078,0.833999365568161
3079,0.8749775588512421
3080,0.8330098353326321
3081,0.8750066626816988
3082,0.8329807315021753
3083,0.8749775588512421
3084,0.833999365568161
3085,0.8330098353326321
3086,0.9159848559647799
3087,0.8750066626816988
3088,0.833999365568161
3089,0.8329807315021753
3090,0.8329807315021753
3091,0.8750066626816988
3092,0.8330098353326321
3093,0.8330098353326321
3094,0.9170034900307655
3095,0.8750066626816988
3096,0.8330098353326321
3097,0.833999365568161
3098,0.9170034900307655
3099,0.8750066626816988
3100,0.8750066626816988
3101,0.8750066626816988
3102,0.8329807315021753
3103,0.8750066626816988
3104,0.8750066626816988
3105,0.833999365568161
3106,0.8749775588512421
3107,0.8330098353326321
3108,0.9160139597952366
3109,0.8330098353326321
3110,0.8329807315021753
3111,0.833999365568161
3112,0.8330098353326321
3113,0.9160139597952366
3114,0.8329807315021753
3115,0.9169743862003088
3116,0.8330098353326321
3117,0.7910130079835653
3118,0.8330098353326321
3119,0.8329807315021753
3120,0.8750066626816988
3121,0.8330098353326321
3122,0.8750066626816988
3123,0.7920025382190943
3124,0.8330098353326321
3125,0.8330098353326321
3126,0.8750066626816988
3127,0.833999365568161
3128,0.8330098353326321
3129,0.8330098353326321
3130,0.833999365568161
3131,0.833999365568161
3132,0.8330098353326321
3133,0.8330098353326321
3134,0.8750066626816988
3135,0.8750066626816988
3136,0.7920025382190943
3137,0.7920025382190943
3138,0.833999365568161
3139,0.8329807315021753
3140,0.9159848559647799
3141,0.8750066626816988
3142,0.9580107871443033
3143,0.8330098353326321
3144,0.7920025382190943
3145,0.833999365568161
3146,0.9170034900307655
3147,0.8750066626816988
3148,0.9590003173798323
3149,0.8750066626816988
3150,0.8330098353326321
3151,0.8330098353326321
3152,0.8750066626816988
3153,0.8330098353326321
3154,0.9160139597952366
3155,0.8330098353326321
3156,0.8749775588512421
3157,0.8750066626816988
3158,0.8750066626816988
3159,0.8330098353326321
3160,0.8329807315021753
3161,0.8329807315021753
3162,0.833999365568161
3163,0.8750066626816988
3164,0.8750066626816988
3165,0.8749775588512421
3166,0.833999365568161
3167,0.833999365568161
3168,0.8750066626816988
3169,0.8749775588512421
3170,0.8330098353326321
3171,0.8750066626816988
3172,1.00000761449337
3173,0.8329807315021753
3174,0.7920025382190943
3175,0.8750066626816988
3176,0.8329807315021753
3177,0.8329807315021753
3178,0.8750066626816988
3179,0.8750066626816988
3180,0.8750066626816988
3181,0.7920025382190943
3182,0.833999365568161
3183,0.8750066626816988
3184,0.8330098353326321
3185,0.833999365568161
3186,0.8330098353326321
3187,0.8750066626816988
3188,0.8330098353326321
3189,0.833999365568161
3190,0.8330098353326321
3191,0.8330098353326321
3192,0.8750066626816988
3193,0.8749775588512421
3194,0.7909839041531086
3195,0.8330098353326321
3196,0.8330098353326321
3197,0.8330098353326321
3198,0.7500057108700275
3199,0.8330098353326321
3200,0.8330098353326321
3201,0.8330098353326321
3202,0.8329807315021753
3203,0.8329807315021753
3204,0.8750066626816988
3205,0.833999365568161
3206,0.8329807315021753
3207,0.8749775588512421
3208,0.8750066626816988
3209,0.8330098353326321
3210,0.8330098353326321
3211,0.833999365568161
3212,0.7920025382190943
3213,0.8330098353326321
3214,0.7910130079835653
3215,0.8329807315021753
3216,0.8750066626816988
3217,0.8750066626816988
3218,0.8750066626816988
3219,0.8329807315021753
3220,0.8750066626816988
3221,0.8750066626816988
3222,0.8330098353326321
3223,0.8750066626816988
3224,0.8750066626816988
3225,0.8330098353326321
3226,0.833999365568161
3227,0.8329807315021753
3228,0.8329807315021753
3229,0.8750066626816988
3230,0.8330098353326321
3231,0.8329807315021753
3232,0.8329807315021753
3233,0.8750066626816988
3234,0.9170034900307655
3235,0.833999365568161
3236,0.8329807315021753
3237,0.8330098353326321
3238,0.9160139597952366
3239,0.8329807315021753
3240,0.8329807315021753
3241,0.8330098353326321
3242,0.8750066626816988
3243,0.833999365568161
3244,0.7920025382190943
3245,0.9170034900307655
3246,0.833999365568161
3247,0.8750066626816988
3248,0.8329807315021753
3249,0.8330098353326321
3250,0.833999365568161
3251,0.8329807315021753
3252,0.7919734343886375
3253,0.8330098353326321
3254,0.7910130079835653
3255,0.8330098353326321
3256,0.8329807315021753
3257,0.833999365568161
3258,0.8330098353326321
3259,0.8750066626816988
3260,0.8329807315021753
3261,0.8750066626816988
3262,0.8330098353326321
3263,0.8750066626816988
3264,0.833999365568161
3265,0.8330098353326321
3266,0.7910130079835653
3267,0.8750066626816988
3268,0.833999365568161
3269,0.8330098353326321
3270,0.8330098353326321
3271,0.7920025382190943
3272,0.7920025382190943
3273,0.833999365568161
3274,0.8750066626816988
3275,0.8330098353326321
3276,0.8750066626816988
3277,0.8750066626816988
3278,0.8750066626816988
3279,0.8330098353326321
3280,0.833999365568161
3281,0.8749775588512421
3282,0.8330098353326321
3283,0.8330098353326321
3284,0.7910130079835653
3285,0.7909839041531086
3286,0.8749775588512421
3287,0.8330098353326321
3288,0.9170034900307655
3289,0.7920025382190943
3290,0.7919734343886375
3291,0.8330098353326321
3292,0.8330098353326321
3293,0.833999365568161
3294,0.8749775588512421
3295,0.8330098353326321
3296,0.8750066626816988
3297,0.8750066626816988
3298,0.8750066626816988
3299,0.833999365568161
3300,0.8330098353326321
3301,0.8330098353326321
3302,0.833999365568161
3303,0.9170034900307655
3304,0.8330098353326321
3305,0.833999365568161
3306,0.7920025382190943
3307,0.8330098353326321
3308,0.8330098353326321
3309,0.8750066626816988
3310,0.8749775588512421
3311,0.8749775588512421
3312,0.833999365568161
3313,0.8330098353326321
3314,0.7909839041531086
3315,0.8329807315021753
3316,0.9160139597952366
3317,0.8750066626816988
3318,0.7920025382190943
3319,0.8750066626816988
3320,0.8750066626816988
3321,0.8750066626816988
3322,0.8750066626816988
3323,0.833999365568161
3324,0.8330098353326321
3325,0.8330098353326321
3326,0.8330098353326321
3327,0.8749775588512421
3328,0.8750066626816988
3329,0.8750066626816988
3330,0.833999365568161
3331,0.8749775588512421
3332,0.8329807315021753
3333,0.8750066626816988
3334,0.833999365568161
3335,0.8750066626816988
3336,0.8329807315021753
3337,0.833999365568161
3338,0.833999365568161
3339,0.8750066626816988
3340,0.8749775588512421
3341,0.8750066626816988
3342,0.8750066626816988
3343,0.8750066626816988
3344,0.8329807315021753
3345,0.833999365568161
3346,0.8330098353326321
3347,0.8330098353326321
3348,0.8329807315021753
3349,0.833999365568161
3350,0.8330098353326321
3351,0.8750066626816988
3352,0.8749775588512421
3353,0.8330098353326321
3354,0.8750066626816988
3355,0.833999365568161
3356,0.8329807315021753
3357,0.8329807315021753
3358,0.7910130079835653
3359,0.8330098353326321
3360,0.8330098353326321
3361,0.833999365568161
3362,0.8750066626816988
3363,0.8750066626816988
3364,0.8750066626816988
3365,0.8749775588512421
3366,0.8749775588512421
3367,0.8750066626816988
3368,0.8330098353326321
3369,0.833999365568161
3370,0.8330098353326321
3371,0.8330098353326321
3372,0.8750066626816988
3373,0.8329807315021753
3374,0.8329807315021753
3375,0.8750066626816988
3376,0.8750066626816988
3377,0.833999365568161
3378,0.8750066626816988
3379,0.8330098353326321
3380,0.7910130079835653
3381,0.8329807315021753
3382,0.8329807315021753
3383,0.833999365568161
3384,0.8750066626816988
3385,0.8330098353326321
3386,0.8750066626816988
3387,0.8330098353326321
3388,0.8330098353326321
3389,0.833999365568161
3390,0.8329807315021753
3391,0.8749775588512421
3392,0.7920025382190943
3393,0.7920025382190943
3394,0.8329807315021753
3395,0.8329807315021753
3396,0.833999365568161
3397,0.8330098353326321
3398,0.8750066626816988
3399,0.8329807315021753
3400,0.9160139597952366
3401,0.8750066626816988
3402,0.833999365568161
3403,0.8750066626816988
3404,0.8750066626816988
3405,0.8750066626816988
3406,0.8750066626816988
3407,0.833999365568161
3408,0.7920025382190943
3409,0.8750066626816988
3410,0.8330098353326321
3411,0.833999365568161
3412,0.7920025382190943
3413,0.8330098353326321
3414,0.8330098353326321
3415,0.833999365568161
3416,0.8750066626816988
3417,0.8750066626816988
3418,0.8750066626816988
3419,0.8329807315021753
3420,0.8750066626816988
3421,0.8750066626816988
3422,0.8330098353326321
3423,0.8750066626816988
3424,0.8329807315021753
3425,0.833999365568161
3426,0.7920025382190943
3427,0.8750066626816988
3428,0.9159848559647799
3429,0.8750066626816988
3430,0.8330098353326321
3431,0.833999365568161
3432,0.9169743862003088
3433,0.8330098353326321
3434,0.8750066626816988
3435,0.8330098353326321
3436,0.8749775588512421
3437,0.8749775588512421
3438,0.833999365568161
3439,0.8750066626816988
3440,0.8749775588512421
3441,0.8750066626816988
3442,0.8750066626816988
3443,0.8750066626816988
3444,0.8750066626816988
3445,0.833999365568161
3446,0.8330098353326321
3447,0.8330098353326321
3448,0.8330098353326321
3449,0.8750066626816988
3450,0.8330098353326321
3451,0.8750066626816988
3452,0.833999365568161
3453,0.8750066626816988
3454,0.8330098353326321
3455,0.8750066626816988
3456,0.833999365568161
3457,0.8749775588512421
3458,0.8329807315021753
3459,0.833999365568161
3460,0.8750066626816988
3461,0.8749775588512421
3462,0.833999365568161
3463,0.8330098353326321
3464,0.8750066626816988
3465,0.8749775588512421
3466,0.8329807315021753
3467,0.8750066626816988
3468,0.8750066626816988
3469,0.9159848559647799
3470,0.8749775588512421
3471,0.8750066626816988
3472,0.9160139597952366
3473,0.8329807315021753
3474,0.8329807315021753
3475,0.7920025382190943
3476,0.7920025382190943
3477,0.833999365568161
3478,0.8749775588512421
3479,0.8750066626816988
3480,0.8330098353326321
3481,0.8750066626816988
3482,0.7920025382190943
3483,0.833999365568161
3484,0.833999365568161
3485,0.8750066626816988
3486,0.8749775588512421
3487,0.8329807315021753
3488,0.8750066626816988
3489,0.8330098353326321
3490,0.7919734343886375
3491,0.833999365568161
3492,0.8750066626816988
3493,0.833999365568161
3494,0.7920025382190943
3495,0.8329807315021753
3496,0.8330098353326321
3497,0.833999365568161
3498,0.8329807315021753
3499,0.8329807315021753
3500,0.833999365568161
3501,0.8750066626816988
3502,0.8329807315021753
3503,0.8329807315021753
3504,0.833999365568161
3505,0.8750066626816988
3506,0.7910130079835653
3507,0.8329807315021753
3508,0.9170034900307655
3509,0.833999365568161
3510,0.8330098353326321
3511,0.8329807315021753
3512,0.8329807315021753
3513,0.833999365568161
3514,0.8330098353326321
3515,0.8329807315021753
3516,0.8749775588512421
3517,0.8750066626816988
3518,0.8750066626816988
3519,0.8749775588512421
3520,0.8749775588512421
3521,0.833999365568161
3522,0.8750066626816988
3523,0.8750066626816988
3524,0.833999365568161
3525,0.7920025382190943
3526,0.8330098353326321
3527,0.8330098353326321
3528,0.8340284693986177
3529,0.8750066626816988
3530,0.8330098353326321
3531,0.9160139597952366
3532,0.8329807315021753
3533,0.8749775588512421
3534,0.8750066626816988
3535,0.8750066626816988
3536,0.833999365568161
3537,0.8330098353326321
3538,0.8750066626816988
3539,0.8330098353326321
3540,0.9170034900307655
3541,0.8330098353326321
3542,0.8750066626816988
3543,0.8330098353326321
3544,0.8749775588512421
3545,0.8330098353326321
3546,0.8330098353326321
3547,0.8330098353326321
3548,0.8330098353326321
3549,0.8329807315021753
3550,0.7920025382190943
3551,0.833999365568161
3552,0.7920025382190943
3553,0.8329807315021753
3554,0.8750066626816988
3555,0.8750066626816988
3556,0.8330098353326321
3557,0.8329807315021753
3558,0.833999365568161
3559,0.7920025382190943
3560,0.8330098353326321
3561,0.8330098353326321
3562,0.833999365568161
3563,0.8330098353326321
3564,0.8330098353326321
3565,0.833999365568161
3566,0.8329807315021753
3567,0.8330098353326321
3568,0.7920025382190943
3569,0.833999365568161
3570,0.833999365568161
3571,0.8750066626816988
3572,0.8330098353326321
3573,0.833999365568161
3574,0.7920025382190943
3575,0.8330098353326321
3576,0.8330098353326321
3577,0.833999365568161
3578,0.833999365568161
3579,0.8330098353326321
3580,0.8330098353326321
3581,0.8330098353326321
3582,0.8750066626816988
3583,0.7919734343886375
3584,0.8330098353326321
3585,0.8330098353326321
3586,0.8749775588512421
3587,0.8329807315021753
3588,0.7920025382190943
3589,0.833999365568161
3590,0.7920025382190943
3591,0.8329807315021753
3592,0.8330098353326321
3593,0.833999365568161
3594,0.8750066626816988
3595,0.8329807315021753
3596,0.9590003173798323
3597,0.833999365568161
3598,0.8329807315021753
3599,0.8749775588512421
3600,0.8330098353326321
3601,0.8330098353326321
3602,0.8329807315021753
3603,0.8750066626816988
3604,0.8330098353326321
3605,0.7920025382190943
3606,0.8749775588512421
3607,0.8329807315021753
3608,0.7910130079835653
3609,0.8330098353326321
3610,0.8330098353326321
3611,0.8749775588512421
3612,0.8750066626816988
3613,0.8330098353326321
3614,0.8750066626816988
3615,0.8329807315021753
3616,0.8330098353326321
3617,0.833999365568161
3618,0.833999365568161
3619,0.7920025382190943
3620,0.8330098353326321
3621,0.8330098353326321
3622,0.7920025382190943
3623,0.833999365568161
3624,0.7920025382190943
3625,0.8750066626816988
3626,0.833999365568161
3627,0.833999365568161
3628,0.7919734343886375
3629,0.7920025382190943
3630,0.8330098353326321
3631,0.8330098353326321
3632,0.8750066626816988
3633,0.833999365568161
3634,0.8330098353326321
3635,0.8750066626816988
3636,0.8749775588512421
3637,0.8330098353326321
3638,0.8330098353326321
3639,0.8750066626816988
3640,0.8749775588512421
3641,0.8750066626816988
3642,0.8330098353326321
3643,0.833999365568161
3644,0.8329807315021753
3645,0.8329807315021753
3646,0.8750066626816988
3647,0.8330098353326321
3648,0.9159848559647799
3649,0.9169743862003088
3650,0.833999365568161
3651,0.8330098353326321
3652,0.8750066626816988
3653,0.8750066626816988
3654,0.8750066626816988
3655,0.8750066626816988
3656,0.8750066626816988
3657,0.833999365568161
3658,0.8330098353326321
3659,0.8750066626816988
3660,0.833999365568161
3661,0.9170034900307655
3662,0.8330098353326321
3663,0.8749775588512421
3664,0.8750066626816988
3665,0.833999365568161
3666,0.8330098353326321
3667,0.8330098353326321
3668,0.9170034900307655
3669,0.833999365568161
3670,0.8750066626816988
3671,0.8750066626816988
3672,0.8329807315021753
3673,0.8330098353326321
3674,0.8750066626816988
3675,0.8749775588512421
3676,0.8329807315021753
3677,0.8330098353326321
3678,0.8750066626816988
3679,0.8330098353326321
3680,0.833999365568161
3681,0.8330098353326321
3682,0.8330098353326321
3683,0.8750066626816988
3684,0.833999365568161
3685,0.8330098353326321
3686,0.8750066626816988
3687,0.8750066626816988
3688,0.8329807315021753
3689,0.8750066626816988
3690,0.8330098353326321
3691,0.8750066626816988
3692,0.8749775588512421
3693,0.8749775588512421
3694,0.8330098353326321
3695,0.8750066626816988
3696,0.833999365568161
3697,0.8329807315021753
3698,0.7910130079835653
3699,0.8330098353326321
3700,0.833999365568161
3701,0.8329807315021753
3702,0.8330098353326321
3703,0.8330098353326321
3704,0.8750066626816988
3705,0.8749775588512421
3706,0.7920025382190943
3707,0.833999365568161
3708,0.7920025382190943
3709,0.8749775588512421
3710,0.833999365568161
3711,0.8750066626816988
3712,0.8750066626816988
3713,0.8749775588512421
3714,0.8749775588512421
3715,0.833999365568161
3716,0.8750066626816988
3717,0.8750066626816988
3718,0.833999365568161
3719,0.8750066626816988
3720,0.8330098353326321
3721,0.8330098353326321
3722,0.8329807315021753
3723,0.833999365568161
3724,0.8330098353326321
3725,0.8330098353326321
3726,0.8749775588512421
3727,0.8750066626816988
3728,0.8330098353326321
3729,0.8750066626816988
3730,0.7909839041531086
3731,0.7909839041531086
3732,0.8750066626816988
3733,0.8750066626816988
3734,0.7920025382190943
3735,0.9169743862003088
3736,0.9170034900307655
3737,0.8750066626816988
3738,0.833999365568161
3739,0.9170034900307655
3740,0.9160139597952366
3741,0.8750066626816988
3742,0.7920025382190943
3743,0.8749775588512421
3744,0.7920025382190943
3745,0.8330098353326321
3746,0.8330098353326321
3747,0.8750066626816988
3748,0.7920025382190943
3749,0.8750066626816988
3750,0.8750066626816988
3751,0.8749775588512421
3752,0.8330098353326321
3753,0.8750066626816988
3754,0.8330098353326321
3755,0.8329807315021753
3756,0.8329807315021753
3757,0.833999365568161
3758,0.8330098353326321
3759,0.8750066626816988
3760,0.8330098353326321
3761,0.8330098353326321
3762,0.8330098353326321
3763,0.8330098353326321
3764,0.833999365568161
3765,0.8750066626816988
3766,0.8330098353326321
3767,0.8749775588512421
3768,0.8329807315021753
3769,0.8750066626816988
3770,0.833999365568161
3771,0.833999365568161
3772,0.8329807315021753
3773,0.8330098353326321
3774,0.8330098353326321
3775,0.8750066626816988
3776,0.833999365568161
3777,0.8750066626816988
3778,0.7920025382190943
3779,0.8330098353326321
3780,0.7909839041531086
3781,0.8329807315021753
3782,0.833999365568161
3783,0.9170034900307655
3784,0.8330098353326321
3785,0.8749775588512421
3786,0.7920025382190943
3787,0.8330098353326321
3788,0.7910130079835653
3789,0.8329807315021753
3790,0.8329807315021753
3791,0.7920025382190943
3792,0.8750066626816988
3793,0.8329807315021753
3794,0.8750066626816988
3795,0.8750066626816988
3796,0.8750066626816988
3797,0.8329807315021753
3798,0.7909839041531086
3799,0.8330098353326321
3800,0.833999365568161
3801,0.8329807315021753
3802,0.7909839041531086
3803,0.8330098353326321
3804,0.8330098353326321
3805,0.833999365568161
3806,0.8329807315021753
3807,0.8330098353326321
3808,0.7910130079835653
3809,0.7910130079835653
3810,0.8329807315021753
3811,0.8329807315021753
3812,0.833999365568161
3813,0.8330098353326321
3814,0.8750066626816988
3815,0.8750066626816988
3816,0.8330098353326321
3817,0.8330098353326321
3818,0.833999365568161
3819,0.8329807315021753
3820,0.8330098353326321
3821,0.833999365568161
3822,0.8750066626816988
3823,0.8329807315021753
3824,0.8750066626816988
3825,0.8330098353326321
3826,0.8330098353326321
3827,0.8329807315021753
3828,0.9579816833138466
3829,0.833999365568161
3830,0.8750066626816988
3831,0.8329807315021753
3832,0.8329807315021753
3833,0.8330098353326321
3834,0.7920025382190943
3835,0.833999365568161
3836,0.833999365568161
3837,0.8330098353326321
3838,0.7910130079835653
3839,0.8750066626816988
3840,0.8750066626816988
3841,0.8330098353326321
3842,0.8330098353326321
3843,0.8330098353326321
3844,0.8329807315021753
3845,0.833999365568161
3846,0.8330098353326321
3847,0.8750066626816988
3848,0.8750066626816988
3849,0.833999365568161
3850,0.8750066626816988
3851,0.8330098353326321
3852,0.833999365568161
3853,0.8750066626816988
3854,0.9160139597952366
3855,0.8330098353326321
3856,0.7909839041531086
3857,0.8329807315021753
3858,0.833999365568161
3859,0.7920025382190943
3860,0.7920025382190943
3861,0.8329807315021753
3862,0.8330098353326321
3863,0.7920025382190943
3864,0.833999365568161
3865,0.8750066626816988
3866,0.8330098353326321
3867,0.833999365568161
3868,0.8330098353326321
3869,0.7909839041531086
3870,0.8330098353326321
3871,0.8330098353326321
3872,0.8750066626816988
3873,0.8749775588512421
3874,0.8330098353326321
3875,0.8330098353326321
3876,0.833999365568161
3877,0.833999365568161
3878,0.8330098353326321
3879,0.8330098353326321
3880,0.8330098353326321
3881,0.8750066626816988
3882,0.833999365568161
3883,0.833999365568161
3884,0.8330098353326321
3885,0.8330098353326321
3886,0.8329807315021753
3887,0.8329807315021753
3888,0.7920025382190943
3889,0.833999365568161
3890,0.7920025382190943
3891,0.8750066626816988
3892,0.7910130079835653
3893,0.7910130079835653
3894,0.8750066626816988
3895,0.833999365568161
3896,0.7920025382190943
3897,0.7920025382190943
3898,0.7920025382190943
3899,0.8749775588512421
3900,0.8330098353326321
3901,0.833999365568161
3902,0.8750066626816988
3903,0.8750066626816988
3904,0.8330098353326321
3905,0.8330098353326321
3906,0.8330098353326321
3907,0.8750066626816988
3908,0.8750066626816988
3909,0.8750066626816988
3910,0.833999365568161
3911,0.8749775588512421
3912,0.8330098353326321
3913,0.8330098353326321
3914,0.833999365568161
3915,0.8749775588512421
3916,0.8749775588512421
3917,0.8750066626816988
3918,0.8750066626816988
3919,0.8330098353326321
3920,0.833999365568161
3921,0.8330098353326321
3922,0.8330098353326321
3923,0.8749775588512421
3924,0.8329807315021753
3925,0.8330098353326321
3926,0.7920025382190943
3927,0.833999365568161
3928,0.833999365568161
3929,1.0420044418424368
3930,0.8750066626816988
3931,0.8330098353326321
3932,0.7909839041531086
3933,0.8329807315021753
3934,0.7920025382190943
3935,0.833999365568161
3936,0.8329807315021753
3937,0.8330098353326321
3938,0.8330098353326321
3939,0.9580107871443033
3940,0.9159848559647799
3941,0.8749775588512421
3942,0.833999365568161
3943,0.8330098353326321
3944,0.8750066626816988
3945,0.7920025382190943
3946,0.8750066626816988
3947,0.8750066626816988
3948,0.9159848559647799
3949,0.8749775588512421
3950,0.7920025382190943
3951,0.833999365568161
3952,0.833999365568161
3953,0.8329807315021753
3954,0.8329807315021753
3955,0.8330098353326321
3956,0.833999365568161
3957,0.7920025382190943
3958,0.7920025382190943
3959,0.7920025382190943
3960,0.9170034900307655
3961,0.833999365568161
3962,0.8329807315021753
3963,0.8330098353326321
3964,0.8750066626816988
3965,0.833999365568161
3966,0.8329807315021753
3967,0.8330098353326321
3968,0.8330098353326321
3969,0.8330098353326321
3970,0.833999365568161
3971,0.833999365568161
3972,0.8330098353326321
3973,0.8750066626816988
3974,0.8329807315021753
3975,0.7920025382190943
3976,0.8750066626816988
3977,0.8330098353326321
3978,0.8749775588512421
3979,0.8330098353326321
3980,0.8330098353326321
3981,0.8330098353326321
3982,0.8749775588512421
3983,0.8329807315021753
3984,0.8330098353326321
3985,0.8750066626816988
3986,0.7920025382190943
3987,0.8340284693986177
3988,0.8750066626816988
3989,0.833999365568161
3990,0.8330098353326321
3991,0.8329807315021753
3992,0.8329807315021753
3993,0.8330098353326321
3994,0.833999365568161
3995,0.833999365568161
3996,0.833999365568161
3997,0.833999365568161
3998,0.7920025382190943
3999,0.833999365568161
4000,0.8749775588512421
4001,0.8750066626816988
4002,0.8330098353326321
4003,0.7909839041531086
4004,0.7500057108700275
4005,0.8330098353326321
4006,0.8750066626816988
4007,0.8330098353326321
4008,0.8329807315021753
4009,0.8329807315021753
4010,0.7920025382190943
4011,0.833999365568161
4012,0.8329807315021753
4013,0.8330098353326321
4014,0.7910130079835653
4015,0.8330098353326321
4016,0.833999365568161
4017,0.833999365568161
4018,0.7920025382190943
4019,0.8330098353326321
4020,0.8330098353326321
4021,0.8749775588512421
4022,0.833999365568161
4023,0.833999365568161
4024,0.833999365568161
4025,0.8749775588512421
4026,0.8329807315021753
4027,0.7920025382190943
4028,0.7920025382190943
4029,0.8330098353326321
4030,0.8750066626816988
4031,0.8330098353326321
4032,0.8330098353326321
4033,0.8330098353326321
4034,0.8329807315021753
4035,0.8750066626816988
4036,0.8330098353326321
4037,0.8750066626816988
4038,0.8340284693986177
4039,0.8330098353326321
4040,0.7910130079835653
4041,0.8330098353326321
4042,0.8750066626816988
4043,0.8750066626816988
4044,0.8330098353326321
4045,0.8330098353326321
4046,0.8329807315021753
4047,0.7909839041531086
4048,0.8330098353326321
4049,0.833999365568161
4050,0.8329807315021753
4051,0.8749775588512421
4052,0.8330098353326321
4053,0.833999365568161
4054,0.7920025382190943
4055,0.8329807315021753
4056,0.8330098353326321
4057,0.8330098353326321
4058,0.9590003173798323
4059,0.8329807315021753
4060,0.8750066626816988
4061,0.833999365568161
4062,0.8330098353326321
4063,0.8750066626816988
4064,0.9590003173798323
4065,0.8330098353326321
4066,0.8750066626816988
4067,0.833999365568161
4068,0.9170034900307655
4069,0.8750066626816988
4070,0.8330098353326321
4071,0.8750066626816988
4072,0.8330098353326321
4073,0.8750066626816988
4074,0.8330098353326321
4075,0.8329807315021753
4076,0.8750066626816988
4077,0.8330098353326321
4078,0.7910130079835653
4079,0.8750066626816988
4080,0.8750066626816988
4081,0.8330098353326321
4082,0.7920025382190943
4083,0.833999365568161
4084,0.833999365568161
4085,0.8330098353326321
4086,0.8750066626816988
4087,0.7920025382190943
4088,0.9589712135493755
4089,0.8750066626816988
4090,0.833999365568161
4091,0.8750066626816988
4092,0.8749775588512421
4093,0.8749775588512421
4094,0.8330098353326321
4095,0.8750066626816988
4096,0.833999365568161
4097,0.8330098353326321
4098,0.8750066626816988
4099,0.8750066626816988
4100,0.8749775588512421
4101,0.8750066626816988
4102,0.8750066626816988
4103,0.833999365568161
4104,0.8329807315021753
4105,0.8749775588512421
4106,0.9159848559647799
4107,0.8749775588512421
4108,0.9170034900307655
4109,0.8750066626816988
4110,0.8750066626816988
4111,0.9169743862003088
4112,0.8750066626816988
4113,0.8750066626816988
4114,0.8750066626816988
4115,0.8749775588512421
4116,0.8750066626816988
4117,0.8750066626816988
4118,0.8329807315021753
4119,0.8749775588512421
4120,0.8750066626816988
4121,0.8750066626816988
4122,0.833999365568161
4123,0.8749775588512421
4124,0.833999365568161
4125,0.8750066626816988
4126,0.8750066626816988
4127,0.8750066626816988
4128,0.8750066626816988
4129,0.8750066626816988
4130,0.9170034900307655
4131,0.8749775588512421
4132,0.8750066626816988
4133,0.8750066626816988
4134,0.833999365568161
4135,0.8749775588512421
4136,0.8750066626816988
4137,0.8330098353326321
4138,0.833999365568161
4139,0.8329807315021753
4140,0.8329807315021753
4141,0.833999365568161
4142,0.8750066626816988
4143,0.8329807315021753
4144,0.8750066626816988
4145,0.8330098353326321
4146,0.833999365568161
4147,0.8749775588512421
4148,0.7909839041531086
4149,0.8750066626816988
4150,0.8750066626816988
4151,0.8750066626816988
4152,0.8750066626816988
4153,0.8750066626816988
4154,0.833999365568161
4155,0.8749775588512421
4156,0.8329807315021753
4157,0.8330098353326321
4158,0.833999365568161
4159,0.8330098353326321
4160,0.8750066626816988
4161,0.8750066626816988
4162,0.8750066626816988
4163,0.8330098353326321
4164,0.8329807315021753
4165,0.833999365568161
4166,0.833999365568161
4167,0.8750066626816988
4168,0.833999365568161
4169,0.8750066626816988
4170,0.8330098353326321
4171,0.8330098353326321
4172,0.8329807315021753
4173,0.8329807315021753
4174,0.8750066626816988
4175,0.8750066626816988
4176,0.8750066626816988
4177,0.8749775588512421
4178,0.8750066626816988
4179,0.8330098353326321
4180,0.8750066626816988
4181,0.833999365568161
4182,0.8750066626816988
4183,0.8330098353326321
4184,0.7920025382190943
4185,0.833999365568161
4186,0.8330098353326321
4187,0.8330098353326321
4188,0.8750066626816988
4189,0.8749775588512421
4190,0.7909839041531086
4191,0.8750066626816988
4192,0.833999365568161
4193,0.8329807315021753
4194,0.8329807315021753
4195,0.833999365568161
4196,0.8330098353326321
4197,0.8330098353326321
4198,0.833999365568161
4199,0.8330098353326321
4200,0.9170034900307655
4201,0.8750066626816988
4202,0.8749775588512421
4203,0.833999365568161
4204,0.8330098353326321
4205,0.8750066626816988
4206,0.8329807315021753
4207,0.833999365568161
4208,0.8330098353326321
4209,0.8330098353326321
4210,0.8329807315021753
4211,0.833999365568161
4212,0.8330098353326321
4213,0.8750066626816988
4214,0.8749775588512421
4215,0.8330098353326321
4216,0.8330098353326321
4217,0.833999365568161
4218,0.8329807315021753
4219,0.8329807315021753
4220,0.833999365568161
4221,0.8330098353326321
4222,0.8330098353326321
4223,0.8750066626816988
4224,0.8750066626816988
4225,0.833999365568161
4226,0.7920025382190943
4227,0.7919734343886375
4228,0.8750066626816988
4229,0.833999365568161
4230,0.8330098353326321
4231,0.8329807315021753
4232,0.8750066626816988
4233,0.8330098353326321
4234,0.833999365568161
4235,0.8329807315021753
4236,0.8749775588512421
4237,0.8750066626816988
4238,0.7920025382190943
4239,0.833999365568161
4240,0.8750066626816988
4241,0.8330098353326321
4242,0.8750066626816988
4243,0.9170034900307655
4244,0.8330098353326321
4245,0.8750066626816988
4246,0.8750066626816988
4247,0.8330098353326321
4248,0.8749775588512421
4249,0.8750066626816988
4250,0.833999365568161
4251,0.8329807315021753
4252,0.9159848559647799
4253,0.8750066626816988
4254,0.833999365568161
4255,0.8329807315021753
4256,0.8329807315021753
4257,0.8750066626816988
4258,0.8750066626816988
4259,0.9170034900307655
4260,0.8749775588512421
4261,0.8750066626816988
4262,0.8750066626816988
4263,0.833999365568161
4264,0.7919734343886375
4265,0.8330098353326321
4266,0.8750066626816988
4267,0.833999365568161
4268,0.8750066626816988
4269,0.8750066626816988
4270,0.8330098353326321
4271,0.833999365568161
4272,0.8329807315021753
4273,0.8750066626816988
4274,0.9170034900307655
4275,0.8330098353326321
4276,0.833999365568161
4277,0.8750066626816988
4278,0.7910130079835653
4279,0.8750066626816988
4280,0.9170034900307655
4281,0.833999365568161
4282,0.8330098353326321
4283,0.8330098353326321
4284,0.8750066626816988
4285,0.8750066626816988
4286,0.9170034900307655
4287,0.8330098353326321
4288,0.8330098353326321
4289,0.8750066626816988
4290,0.8750066626816988
4291,0.8750066626816988
4292,0.8750066626816988
4293,0.8749775588512421
4294,0.8750066626816988
4295,0.8330098353326321
4296,0.833999365568161
4297,0.833999365568161
4298,0.8750066626816988
4299,0.8750066626816988
4300,0.8750066626816988
4301,0.833999365568161
4302,0.8330098353326321
4303,0.8330098353326321
4304,0.8750066626816988
4305,0.8329807315021753
4306,0.8749775588512421
4307,0.8330098353326321
4308,0.8750066626816988
4309,0.8750066626816988
4310,0.7920025382190943
4311,0.8330098353326321
4312,0.8750066626816988
4313,0.8329807315021753
4314,0.8329807315021753
4315,0.833999365568161
4316,0.8330098353326321
4317,0.8750066626816988
4318,0.8329807315021753
4319,0.8750066626816988
4320,0.8750066626816988
4321,0.8750066626816988
4322,0.8749775588512421
4323,0.8750066626816988
4324,0.8750066626816988
4325,0.8750066626816988
4326,0.8749775588512421
4327,0.833999365568161
4328,0.8330098353326321
4329,0.8750066626816988
4330,0.8749775588512421
4331,0.8330098353326321
4332,0.8750066626816988
4333,0.8750066626816988
4334,0.8329807315021753
4335,0.8749775588512421
4336,0.8750066626816988
4337,0.8750066626816988
4338,0.833999365568161
4339,0.8750066626816988
4340,0.9170034900307655
4341,0.9170034900307655
4342,0.8750066626816988
4343,0.8329807315021753
4344,0.8330098353326321
4345,0.8750066626816988
4346,0.8750066626816988
4347,0.8749775588512421
4348,0.8750066626816988
4349,0.8330098353326321
4350,0.7920025382190943
4351,0.8750066626816988
4352,0.8750066626816988
4353,0.8330098353326321
4354,0.8750066626816988
4355,0.8329807315021753
4356,0.8750066626816988
4357,0.8330098353326321
4358,0.8330098353326321
4359,0.833999365568161
4360,0.833999365568161
4361,0.8750066626816988
4362,0.8330098353326321
4363,0.8750066626816988
4364,0.8750066626816988
4365,0.8330098353326321
4366,0.833999365568161
4367,0.8749775588512421
4368,0.9170034900307655
4369,0.8750066626816988
4370,0.8750066626816988
4371,0.8749775588512421
4372,0.8750066626816988
4373,0.833999365568161
4374,0.8330098353326321
4375,0.8330098353326321
4376,0.833999365568161
4377,0.833999365568161
4378,0.8330098353326321
4379,0.8330098353326321
4380,0.8749775588512421
4381,0.9170034900307655
4382,0.8750066626816988
4383,0.8749775588512421
4384,0.8329807315021753
4385,0.8750066626816988
4386,0.8330098353326321
4387,0.8750066626816988
4388,0.8749775588512421
4389,0.833999365568161
4390,0.8330098353326321
4391,0.8330098353326321
4392,0.833999365568161
4393,0.8750066626816988
4394,0.8330098353326321
4395,0.8750066626816988
4396,0.833999365568161
4397,0.8330098353326321
4398,0.8750066626816988
4399,0.8750066626816988
4400,0.7920025382190943
4401,0.9170034900307655
4402,0.8750066626816988
4403,0.833999365568161
4404,0.8329807315021753
4405,0.8749775588512421
4406,0.8750066626816988
4407,0.8330098353326321
4408,0.8330098353326321
4409,0.833999365568161
4410,0.7920025382190943
4411,0.8330098353326321
4412,0.8330098353326321
4413,0.8749775588512421
4414,0.7909839041531086
4415,0.8330098353326321
4416,0.8750066626816988
4417,0.8749775588512421
4418,0.833999365568161
4419,0.833999365568161
4420,0.7920025382190943
4421,0.8749775588512421
4422,0.8329807315021753
4423,0.8330098353326321
4424,0.833999365568161
4425,0.7920025382190943
4426,0.8749775588512421
4427,0.8330098353326321
4428,0.8750066626816988
4429,0.8330098353326321
4430,0.7909839041531086
4431,0.8330098353326321
4432,0.8330098353326321
4433,0.8750066626816988
4434,0.8329807315021753
4435,0.8749775588512421
4436,0.833999365568161
4437,0.8330098353326321
4438,0.7909839041531086
4439,0.8329807315021753
4440,0.833999365568161
4441,0.8750066626816988
4442,0.8750066626816988
4443,0.8749775588512421
4444,0.8330098353326321
4445,0.8750066626816988
4446,0.9170034900307655
4447,0.8749775588512421
4448,0.8750066626816988
4449,0.8750066626816988
4450,0.8750066626816988
4451,0.8750066626816988
4452,0.8750066626816988
4453,0.8750066626816988
4454,0.8750066626816988
4455,0.9159848559647799
4456,0.9170034900307655
4457,0.8750066626816988
4458,0.8750066626816988
4459,0.8750066626816988
4460,0.833999365568161
4461,0.8330098353326321
4462,0.8330098353326321
4463,0.8749775588512421
4464,0.8749775588512421
4465,0.8330098353326321
4466,0.8750066626816988
4467,0.8749775588512421
4468,0.8749775588512421
4469,0.8750066626816988
4470,0.8750066626816988
4471,0.833999365568161
4472,0.833999365568161
4473,0.8750066626816988
4474,0.8330098353326321
4475,0.8750066626816988
4476,0.8329807315021753
4477,0.8750066626816988
4478,0.8330098353326321
4479,0.8330098353326321
4480,0.8750066626816988
4481,0.8750066626816988
4482,0.7920025382190943
4483,0.833999365568161
4484,0.8749775588512421
4485,0.7909839041531086
4486,0.7910130079835653
4487,0.8750066626816988
4488,0.833999365568161
4489,0.8750066626816988
4490,0.8750066626816988
4491,0.8750066626816988
4492,0.8330098353326321
4493,0.833999365568161
4494,0.8750066626816988
4495,0.8330098353326321
4496,0.8750066626816988
4497,0.833999365568161
4498,0.8330098353326321
4499,0.8330098353326321
4500,0.7920025382190943
4501,0.8749775588512421
4502,0.833999365568161
4503,0.8330098353326321
4504,0.8750066626816988
4505,0.833999365568161
4506,0.8330098353326321
4507,0.8750066626816988
4508,0.833999365568161
4509,0.8749775588512421
4510,0.8749775588512421
4511,0.8750066626816988
4512,0.8330098353326321
4513,0.8330098353326321
4514,0.833999365568161
4515,0.8330098353326321
4516,0.9160139597952366
4517,0.8330098353326321
4518,0.833999365568161
4519,0.8330098353326321
4520,0.8330098353326321
4521,0.833999365568161
4522,0.833999365568161
4523,0.7920025382190943
4524,0.7920025382190943
4525,0.8330098353326321
4526,0.8329807315021753
4527,0.8749775588512421
4528,0.8750066626816988
4529,0.8750066626816988
4530,0.8329807315021753
4531,0.833999365568161
4532,0.8330098353326321
4533,0.8750066626816988
4534,0.8329807315021753
4535,0.8330098353326321
4536,0.8750066626816988
4537,0.8330098353326321
4538,0.7909839041531086
4539,0.8329807315021753
4540,0.833999365568161
4541,0.8750066626816988
4542,0.8750066626816988
4543,0.833999365568161
4544,0.8330098353326321
4545,0.7910130079835653
4546,0.7910130079835653
4547,0.8329807315021753
4548,0.8329807315021753
4549,0.833999365568161
4550,0.8750066626816988
4551,0.8329807315021753
4552,0.7909839041531086
4553,0.8750066626816988
4554,0.833999365568161
4555,0.8329807315021753
4556,0.8749775588512421
4557,0.8750066626816988
4558,0.8330098353326321
4559,0.7909839041531086
4560,0.8329807315021753
4561,0.8330098353326321
4562,0.8750066626816988
4563,0.8750066626816988
4564,0.8329807315021753
4565,0.8330098353326321
4566,0.833999365568161
4567,0.7920025382190943
4568,0.8329807315021753
4569,0.833999365568161
4570,0.8750066626816988
4571,0.833999365568161
4572,0.8749775588512421
4573,0.8329807315021753
4574,0.8750066626816988
4575,0.8750066626816988
4576,0.8750066626816988
4577,0.833999365568161
4578,0.8330098353326321
4579,0.8330098353326321
4580,0.8330098353326321
4581,0.833999365568161
4582,0.833999365568161
4583,0.833999365568161
4584,0.7920025382190943
4585,0.8329807315021753
4586,0.8330098353326321
4587,0.9580107871443033
4588,0.8750066626816988
4589,0.8749775588512421
4590,0.8750066626816988
4591,0.8330098353326321
4592,0.8750066626816988
4593,0.8749775588512421
4594,0.8330098353326321
4595,0.8330098353326321
4596,0.833999365568161
4597,0.8749775588512421
4598,0.9160139597952366
4599,0.9580107871443033
4600,0.9999785106629133
4601,0.9579816833138466
4602,0.8750066626816988
4603,0.9580107871443033
4604,0.8750066626816988
4605,0.8749775588512421
4606,1.0420044418424368
4607,0.9160139597952366
4608,0.8750066626816988
4609,0.9170034900307655
4610,0.8750066626816988
4611,0.9170034900307655
4612,0.9159848559647799
4613,1.0420044418424368
4614,0.8750066626816988
4615,1.0420044418424368
4616,1.0420044418424368
4617,0.9170034900307655
4618,0.9590003173798323
4619,0.9170034900307655
4620,1.1250085663050413
4621,0.9170034900307655
4622,0.8749775588512421
4623,0.9159848559647799
4624,1.1250085663050413
4625,0.9170034900307655
4626,0.8750066626816988
4627,0.9170034900307655
4628,0.9170034900307655
4629,0.9999785106629133
4630,0.8749775588512421
4631,0.9590003173798323
4632,0.8750066626816988
4633,0.9159848559647799
4634,0.9579816833138466
4635,0.9170034900307655
4636,0.8750066626816988
4637,0.8750066626816988
4638,0.9579816833138466
4639,0.9170034900307655
4640,0.9590003173798323
4641,0.9170034900307655
4642,0.9169743862003088
4643,0.8750066626816988
4644,0.9170034900307655
4645,0.9159848559647799
4646,0.9170034900307655
4647,0.9170034900307655
4648,0.8750066626816988
4649,0.8750066626816988
4650,0.9170034900307655
4651,1.0420044418424368
4652,0.8750066626816988
4653,0.9159848559647799
4654,0.8749775588512421
4655,0.9170034900307655
4656,0.8330098353326321
4657,0.8750066626816988
4658,0.8750066626816988
4659,1.00000761449337
4660,0.8750066626816988
4661,0.9579816833138466
4662,0.8750066626816988
4663,0.9160139597952366
4664,0.8750066626816988
4665,0.8749775588512421
4666,0.8750066626816988
4667,0.9160139597952366
4668,0.8330098353326321
4669,0.9590003173798323
4670,0.9170034900307655
4671,0.9590003173798323
4672,0.9590003173798323
4673,0.8749775588512421
4674,0.9590003173798323
4675,0.9590003173798323
4676,0.8750066626816988
4677,0.9590003173798323
4678,0.9170034900307655
4679,0.9170034900307655
4680,0.9579816833138466
4681,0.8750066626816988
4682,0.8750066626816988
4683,0.9580107871443033
4684,0.9170034900307655
4685,0.9170034900307655
4686,0.8750066626816988
4687,0.8750066626816988
4688,0.9170034900307655
4689,0.9170034900307655
4690,0.8750066626816988
4691,0.9580107871443033
4692,0.9159848559647799
4693,0.8749775588512421
4694,0.8750066626816988
4695,0.9160139597952366
4696,0.8750066626816988
4697,0.9170034900307655
4698,0.8750066626816988
4699,0.8750066626816988
4700,0.9170034900307655
4701,0.9580107871443033
4702,1.00000761449337
4703,0.9999785106629133
4704,0.9169743862003088
4705,0.8750066626816988
4706,0.8750066626816988
4707,0.9170034900307655
4708,0.8749775588512421
4709,0.9160139597952366
4710,0.8750066626816988
4711,0.9170034900307655
4712,0.833999365568161
4713,0.8750066626816988
4714,0.8750066626816988
4715,0.8750066626816988
4716,0.9169743862003088
4717,0.9170034900307655
4718,0.9170034900307655
4719,0.9170034900307655
4720,0.9159848559647799
4721,0.8750066626816988
4722,0.8750066626816988
4723,0.8750066626816988
4724,0.9169743862003088
4725,0.9170034900307655
4726,0.8750066626816988
4727,0.8750066626816988
4728,0.9169743862003088
4729,0.8750066626816988
4730,0.8750066626816988
4731,0.9159848559647799
4732,0.9159848559647799
4733,0.8750066626816988
4734,0.9590003173798323
4735,0.9170034900307655
4736,0.8750066626816988
4737,0.9580107871443033
4738,0.9170034900307655
4739,0.9169743862003088
4740,0.9170034900307655
4741,0.8750066626816988
4742,0.8750066626816988
4743,0.9590003173798323
4744,1.00000761449337
4745,0.9170034900307655
4746,0.8330098353326321
4747,0.8750066626816988
4748,0.8750066626816988
4749,0.9170034900307655
4750,0.9590003173798323
4751,0.9590003173798323
4752,0.9580107871443033
4753,0.9580107871443033
4754,0.9159848559647799
4755,0.8749775588512421
4756,0.9170034900307655
4757,0.9170034900307655
4758,0.9170034900307655
4759,0.8750066626816988
4760,0.9170034900307655
4761,0.9580107871443033
4762,0.9159848559647799
4763,0.8749775588512421
4764,0.9170034900307655
4765,0.9170034900307655
4766,0.8749775588512421
4767,0.9159848559647799
4768,0.9580107871443033
4769,1.00000761449337
4770,0.9590003173798323
4771,0.8750066626816988
4772,0.8750066626816988
4773,0.8750066626816988
4774,0.9579816833138466
4775,0.9170034900307655
4776,0.9590003173798323
4777,0.8750066626816988
4778,0.8750066626816988
4779,0.9160139597952366
4780,0.9160139597952366
4781,0.8750066626816988
4782,0.8749775588512421
4783,0.9160139597952366
4784,0.8330098353326321
4785,0.9159848559647799
4786,0.9159848559647799
4787,0.8750066626816988
4788,0.8750066626816988
4789,0.9159848559647799
4790,0.8749775588512421
4791,0.9170034900307655
4792,0.9170034900307655
4793,0.9170034900307655
4794,0.9159848559647799
4795,0.8750066626816988
4796,0.9170034900307655
4797,0.9170034900307655
4798,0.9590003173798323
4799,0.9170034900307655
4800,0.9170034900307655
4801,0.8749775588512421
4802,0.9159848559647799
4803,0.9160139597952366
4804,0.9170034900307655
4805,0.9170034900307655
4806,0.8750066626816988
4807,0.8750066626816988
4808,0.9160139597952366
4809,0.8750066626816988
4810,0.9170034900307655
4811,0.8750066626816988
4812,0.9590003173798323
4813,0.8329807315021753
4814,0.9159848559647799
4815,0.8750066626816988
4816,0.8750066626816988
4817,0.9169743862003088
4818,0.833999365568161
4819,0.8750066626816988
4820,0.8750066626816988
4821,0.9159848559647799
4822,0.9579816833138466
4823,0.8750066626816988
4824,0.8750066626816988
4825,0.8749775588512421
4826,0.8749775588512421
4827,0.9170034900307655
4828,0.8750066626816988
4829,0.9170034900307655
4830,0.9170034900307655
4831,0.9160139597952366
4832,0.9160139597952366
4833,0.8749775588512421
4834,0.9170034900307655
4835,0.9170034900307655
4836,0.8750066626816988
4837,0.8749775588512421
4838,0.9170034900307655
4839,0.9170034900307655
4840,0.9170034900307655
4841,0.9159848559647799
4842,0.9580107871443033
4843,0.9170034900307655
4844,0.9170034900307655
4845,0.9159848559647799
4846,0.8330098353326321
4847,0.8750066626816988
4848,0.8750066626816988
4849,0.9169743862003088
4850,0.9170034900307655
4851,0.8750066626816988
4852,0.8750066626816988
4853,0.9170034900307655
4854,0.9170034900307655
4855,0.8750066626816988
4856,0.9170034900307655
4857,0.9159848559647799
4858,0.9160139597952366
4859,0.9160139597952366
4860,0.9170034900307655
4861,0.8749775588512421
4862,0.9160139597952366
4863,0.9160139597952366
4864,0.8330098353326321
4865,0.9590003173798323
4866,0.9170034900307655
4867,0.9170034900307655
4868,0.9170034900307655
4869,0.8750066626816988
4870,0.833999365568161
4871,0.8750066626816988
4872,0.9169743862003088
4873,0.8749775588512421
4874,0.8750066626816988
4875,0.9170034900307655
4876,0.9579816833138466
4877,0.9159848559647799
4878,0.9580107871443033
4879,0.8750066626816988
4880,0.9169743862003088
4881,0.8750066626816988
4882,0.8750066626816988
4883,0.8750066626816988
4884,0.8749775588512421
4885,0.9170034900307655
4886,0.9170034900307655
4887,0.8750066626816988
4888,0.9170034900307655
4889,0.9170034900307655
4890,0.9170034900307655
4891,0.9160139597952366
4892,0.8750066626816988
4893,0.8750066626816988
4894,0.8750066626816988
4895,0.8750066626816988
4896,0.8749775588512421
4897,0.8749775588512421
4898,0.9170034900307655
4899,0.8750066626816988
4900,0.8749775588512421
4901,0.8749775588512421
4902,0.8750066626816988
4903,0.9160139597952366
4904,0.9170034900307655
4905,0.8750066626816988
4906,0.8330098353326321
4907,0.8750066626816988
4908,0.9159848559647799
4909,0.8749775588512421
4910,0.9170034900307655
4911,0.9170034900307655
4912,0.8749775588512421
4913,0.9170034900307655
4914,0.8750066626816988
4915,0.8750066626816988
4916,0.9590003173798323
4917,0.9170034900307655
4918,0.9590003173798323
4919,0.9170034900307655
4920,0.9170034900307655
4921,0.9160139597952366
4922,0.8330098353326321
4923,0.8749775588512421
4924,0.8749775588512421
4925,0.8750066626816988
4926,0.9160139597952366
4927,0.9170034900307655
4928,0.8749775588512421
4929,0.9170034900307655
4930,0.9160139597952366
4931,0.9170034900307655
4932,0.9169743862003088
4933,0.9170034900307655
4934,0.9170034900307655
4935,0.8750066626816988
4936,0.9169743862003088
4937,0.8750066626816988
4938,0.9160139597952366
4939,0.9159848559647799
4940,0.9579816833138466
4941,0.9160139597952366
4942,0.8750066626816988
4943,0.8749775588512421
4944,0.9159848559647799
4945,0.8750066626816988
4946,0.8750066626816988
4947,0.9170034900307655
4948,0.9159848559647799
4949,0.8750066626816988
4950,0.9170034900307655
4951,0.8750066626816988
4952,0.9170034900307655
4953,0.9580107871443033
4954,0.8750066626816988
4955,0.9169743862003088
4956,1.0420044418424368
4957,1.1250085663050413
4958,1.1659867595881224
4959,1.207983586937189
4960,1.2500095181167126
4961,1.1659867595881224
4962,1.1249794624745846
4963,1.1250085663050413
4964,1.167005393654108
4965,1.1250085663050413
4966,1.0840012691915035
4967,1.207983586937189
4968,1.1249794624745846
4969,1.2080126907676458
4970,1.1250085663050413
4971,1.1249794624745846
4972,1.0830117389559746
4973,0.9160139597952366
4974,0.9159848559647799
4975,0.9579816833138466
4976,0.9580107871443033
4977,0.9170034900307655
4978,0.9169743862003088
4979,0.8750066626816988
4980,0.8750066626816988
4981,0.8750066626816988
4982,0.8749775588512421
4983,0.8749775588512421
4984,0.9170034900307655
4985,0.9170034900307655
4986,0.9169743862003088
4987,0.9170034900307655
4988,0.9160139597952366
4989,0.9160139597952366
4990,0.8749775588512421
4991,0.9170034900307655
4992,0.8750066626816988
4993,0.9159848559647799
4994,0.9159848559647799
4995,0.8750066626816988
4996,0.9170034900307655
4997,0.9170034900307655
4998,0.9170034900307655
4999,0.9170034900307655
5000,0.9160139597952366
5001,0.9170034900307655
5002,0.9170034900307655
5003,0.9170034900307655
5004,0.9170034900307655
5005,0.9170034900307655
5006,0.8750066626816988
5007,0.9160139597952366
5008,0.8750066626816988
5009,0.9170034900307655
5010,0.9170034900307655
5011,0.9590003173798323
5012,0.9170034900307655
5013,0.9590003173798323
5014,0.9580107871443033
5015,1.00000761449337
5016,0.8750066626816988
5017,0.9159848559647799
5018,0.9170034900307655
5019,0.8750066626816988
5020,0.9170034900307655
5021,0.9170034900307655
5022,0.9170034900307655
5023,0.9580107871443033
5024,0.8749775588512421
5025,0.9579816833138466
5026,0.9170034900307655
5027,0.9160139597952366
5028,0.8750066626816988
5029,0.8749775588512421
5030,0.8750066626816988
5031,0.8750066626816988
5032,0.8749775588512421
5033,0.9159848559647799
5034,1.00000761449337
5035,0.9170034900307655
5036,0.9170034900307655
5037,0.9170034900307655
5038,0.8750066626816988
5039,0.9580107871443033
5040,0.9999785106629133
5041,0.9170034900307655
5042,0.8750066626816988
5043,0.9580107871443033
5044,0.9579816833138466
5045,0.8749775588512421
5046,0.8750066626816988
5047,0.9170034900307655
5048,0.9590003173798323
5049,0.9590003173798323
5050,1.00000761449337
5051,0.9159848559647799
5052,0.9169743862003088
5053,0.8750066626816988
5054,0.9170034900307655
5055,0.8749775588512421
5056,0.9579816833138466
5057,0.9580107871443033
5058,0.9170034900307655
5059,0.9159848559647799
5060,0.9159848559647799
5061,0.9580107871443033
5062,0.9160139597952366
5063,0.9999785106629133
5064,0.9999785106629133
5065,0.9170034900307655
5066,0.8750066626816988
5067,0.8750066626816988
5068,0.9170034900307655
5069,0.9170034900307655
5070,0.8750066626816988
5071,0.9159848559647799
5072,0.9580107871443033
5073,0.8750066626816988
5074,0.8750066626816988
5075,0.9169743862003088
5076,0.9579816833138466
5077,0.9170034900307655
5078,0.9160139597952366
5079,0.8750066626816988
5080,0.9170034900307655
5081,0.8750066626816988
5082,0.9170034900307655
5083,0.9159848559647799
5084,0.8750066626816988
5085,0.8750066626816988
5086,0.9999785106629133
5087,0.8749775588512421
5088,0.9170034900307655
5089,0.9170034900307655
5090,0.9170034900307655
5091,0.8750066626816988
5092,0.8330098353326321
5093,0.9590003173798323
5094,0.8750066626816988
5095,0.9590003173798323
5096,0.9580107871443033
5097,0.9160139597952366
5098,0.8750066626816988
5099,0.8750066626816988
5100,0.9170034900307655
5101,0.9170034900307655
5102,0.9579816833138466
5103,0.9579816833138466
5104,0.9160139597952366
5105,0.9580107871443033
5106,0.9159848559647799
5107,0.9159848559647799
5108,0.8750066626816988
5109,0.9170034900307655
5110,0.9169743862003088
5111,0.9170034900307655
5112,0.9170034900307655
5113,0.8750066626816988
5114,0.9590003173798323
5115,0.8750066626816988
5116,0.9170034900307655
5117,0.8749775588512421
5118,0.8749775588512421
5119,0.9170034900307655
5120,0.9170034900307655
5121,0.8750066626816988
5122,0.9170034900307655
5123,0.9580107871443033
5124,0.9160139597952366
5125,0.9159848559647799
5126,1.00000761449337
5127,0.9170034900307655
5128,0.9170034900307655
5129,0.8750066626816988
5130,0.9160139597952366
5131,0.8750066626816988
5132,0.9169743862003088
5133,0.9170034900307655
5134,0.9170034900307655
5135,0.8750066626816988
5136,0.9170034900307655
5137,0.8750066626816988
5138,0.9160139597952366
5139,0.8750066626816988
5140,0.9170034900307655
5141,0.8750066626816988
5142,0.833999365568161
5143,0.9170034900307655
5144,0.8750066626816988
5145,0.8750066626816988
5146,0.9160139597952366
5147,0.9170034900307655
5148,0.9170034900307655
5149,0.8750066626816988
5150,0.8750066626816988
5151,0.9159848559647799
5152,0.9159848559647799
5153,0.8750066626816988
5154,0.8750066626816988
5155,0.9169743862003088
5156,0.8750066626816988
5157,0.9160139597952366
5158,0.9170034900307655
5159,0.9579816833138466
5160,0.8750066626816988
5161,0.9580107871443033
5162,0.9579816833138466
5163,0.8329807315021753
5164,0.9170034900307655
5165,0.9590003173798323
5166,0.8749775588512421
5167,0.9159848559647799
5168,0.9160139597952366
5169,0.8750066626816988
5170,0.8750066626816988
5171,0.9170034900307655
5172,0.9160139597952366
5173,0.9160139597952366
5174,0.8750066626816988
5175,0.9590003173798323
5176,0.9170034900307655
5177,0.9170034900307655
5178,0.8749775588512421
5179,0.8750066626816988
5180,0.8750066626816988
5181,0.9170034900307655
5182,0.9170034900307655
5183,0.9170034900307655
5184,0.9590003173798323
5185,0.9590003173798323
5186,0.8329807315021753
5187,0.8749775588512421
5188,0.9170034900307655
5189,0.9170034900307655
5190,0.9590003173798323
5191,0.8330098353326321
5192,0.8750066626816988
5193,0.9170034900307655
5194,0.8749775588512421
5195,0.9590003173798323
5196,0.9170034900307655
5197,0.8750066626816988
5198,0.8750066626816988
5199,0.8750066626816988
5200,0.9170034900307655
5201,0.9170034900307655
5202,0.9170034900307655
5203,0.8750066626816988
5204,0.8750066626816988
5205,0.9170034900307655
5206,0.8749775588512421
5207,0.9170034900307655
5208,0.9580107871443033
5209,0.9159848559647799
5210,0.9579816833138466
5211,0.9580107871443033
5212,0.9160139597952366
5213,0.9159848559647799
5214,0.8749775588512421
5215,0.9170034900307655
5216,1.00000761449337
5217,0.9159848559647799
5218,0.9159848559647799
5219,0.9160139597952366
5220,0.9160139597952366
5221,0.8750066626816988
5222,0.9580107871443033
5223,0.9160139597952366
5224,0.9160139597952366
5225,0.9579816833138466
5226,0.9590003173798323
5227,0.8750066626816988
5228,0.9590003173798323
5229,0.9579816833138466
5230,0.9590003173798323
5231,0.9170034900307655
5232,0.9170034900307655
5233,0.9590003173798323
5234,0.9580107871443033
5235,0.9580107871443033
5236,0.8750066626816988
5237,0.9170034900307655
5238,0.9170034900307655
5239,0.9170034900307655
5240,0.9169743862003088
5241,0.9170034900307655
5242,0.9590003173798323
5243,0.9590003173798323
5244,0.9169743862003088
5245,0.8750066626816988
5246,0.9170034900307655
5247,0.9159848559647799
5248,0.9159848559647799
5249,0.9160139597952366
5250,0.9160139597952366
5251,0.9580107871443033
5252,0.9170034900307655
5253,0.9170034900307655
5254,0.9170034900307655
5255,0.9590003173798323
5256,0.8750066626816988
5257,0.9590003173798323
5258,0.8750066626816988
5259,0.9590003173798323
5260,0.9170034900307655
5261,0.9170034900307655
5262,0.9590003173798323
5263,0.9589712135493755
5264,0.9170034900307655
5265,0.9170034900307655
5266,0.9170034900307655
5267,0.9170034900307655
5268,0.9590003173798323
5269,0.9590003173798323
5270,0.8750066626816988
5271,0.9590003173798323
5272,0.9590003173798323
5273,0.8750066626816988
5274,0.9170034900307655
5275,0.9170034900307655
5276,0.9580107871443033
5277,0.9170034900307655
5278,0.9169743862003088
5279,0.9170034900307655
5280,1.00000761449337
5281,0.8750066626816988
5282,0.9169743862003088
5283,0.9170034900307655
5284,0.9170034900307655
5285,0.9160139597952366
5286,0.9159848559647799
5287,0.9160139597952366
5288,0.9160139597952366
5289,0.9159848559647799
5290,0.8749775588512421
5291,0.9580107871443033
5292,0.9580107871443033
5293,0.9170034900307655
5294,0.9170034900307655
5295,0.9580107871443033
5296,0.9590003173798323
5297,0.9170034900307655
5298,0.8750066626816988
5299,0.9580107871443033
5300,0.8750066626816988
5301,0.9579816833138466
5302,0.9170034900307655
5303,0.9170034900307655
5304,0.9170034900307655
5305,0.9590003173798323
5306,0.9170034900307655
5307,0.8750066626816988
5308,0.9170034900307655
5309,0.9170034900307655
5310,0.9170034900307655
5311,0.9590003173798323
5312,0.9170034900307655
5313,0.9579816833138466
5314,0.9170034900307655
5315,0.9580107871443033
5316,0.9579816833138466
5317,0.8750066626816988
5318,0.9160139597952366
5319,0.9580107871443033
5320,0.8750066626816988
5321,0.9580107871443033
5322,0.9160139597952366
5323,1.00000761449337
5324,0.9590003173798323
5325,0.9170034900307655
5326,0.9170034900307655
5327,0.9170034900307655
5328,0.8750066626816988
5329,0.9160139597952366
5330,0.9160139597952366
5331,0.9579816833138466
5332,0.9579816833138466
5333,0.9580107871443033
5334,0.8750066626816988
5335,0.8750066626816988
5336,0.9170034900307655
5337,0.9590003173798323
5338,0.9580107871443033
5339,0.9159848559647799
5340,0.8749775588512421
5341,0.9170034900307655
5342,0.8750066626816988
5343,0.9159848559647799
5344,0.8329807315021753
5345,0.9170034900307655
5346,0.9170034900307655
5347,0.9169743862003088
5348,0.9590003173798323
5349,0.9170034900307655
5350,0.8750066626816988
5351,1.00000761449337
5352,1.0830117389559746
5353,1.00000761449337
5354,0.9579816833138466
5355,0.9159848559647799
5356,0.9160139597952366
5357,0.9170034900307655
5358,0.9590003173798323
5359,0.9170034900307655
5360,0.9170034900307655
5361,0.8750066626816988
5362,0.9590003173798323
5363,0.9170034900307655
5364,0.8750066626816988
5365,0.9160139597952366
5366,0.9159848559647799
5367,0.8750066626816988
5368,0.9170034900307655
5369,0.8750066626816988
5370,0.9170034900307655
5371,0.8750066626816988
5372,0.9170034900307655
5373,0.8750066626816988
5374,0.8749775588512421
5375,0.9170034900307655
5376,0.9160139597952366
5377,0.9170034900307655
5378,0.9169743862003088
5379,0.9170034900307655
5380,0.8750066626816988
5381,0.9170034900307655
5382,0.8749775588512421
5383,0.8750066626816988
5384,0.9160139597952366
5385,0.8750066626816988
5386,0.8749775588512421
5387,0.8750066626816988
5388,0.8750066626816988
5389,0.9170034900307655
5390,0.8749775588512421
5391,0.8750066626816988
5392,0.8750066626816988
5393,0.9170034900307655
5394,0.9169743862003088
5395,0.9170034900307655
5396,0.9590003173798323
5397,0.9170034900307655
5398,0.8749775588512421
5399,0.9580107871443033
5400,0.9590003173798323
5401,0.9170034900307655
5402,0.9170034900307655
5403,0.9170034900307655
5404,0.833999365568161
5405,0.9170034900307655
5406,0.8750066626816988
5407,0.9590003173798323
5408,0.8750066626816988
5409,0.9159848559647799
5410,0.9159848559647799
5411,0.9160139597952366
5412,0.8750066626816988
5413,0.8749775588512421
5414,0.9170034900307655
5415,0.8750066626816988
5416,0.9170034900307655
5417,0.8749775588512421
5418,0.8749775588512421
5419,0.9170034900307655
5420,0.9170034900307655
5421,0.9169743862003088
5422,0.833999365568161
5423,0.9170034900307655
5424,0.8750066626816988
5425,0.8749775588512421
5426,0.9159848559647799
5427,0.8750066626816988
5428,0.8750066626816988
5429,0.8750066626816988
5430,0.9170034900307655
5431,0.9170034900307655
5432,0.9170034900307655
5433,0.8750066626816988
5434,0.8750066626816988
5435,0.9170034900307655
5436,0.9160139597952366
5437,0.9169743862003088
5438,0.9170034900307655
5439,0.9590003173798323
5440,0.9170034900307655
5441,0.8749775588512421
5442,0.8750066626816988
5443,0.9160139597952366
5444,0.8750066626816988
5445,0.8749775588512421
5446,0.833999365568161
5447,0.8750066626816988
5448,0.9590003173798323
5449,0.9169743862003088
5450,0.9170034900307655
5451,0.8750066626816988
5452,0.8749775588512421
5453,0.9579816833138466
5454,0.8750066626816988
5455,0.8750066626816988
5456,0.9170034900307655
5457,0.8750066626816988
5458,0.8750066626816988
5459,0.8750066626816988
5460,0.8749775588512421
5461,0.9159848559647799
5462,0.8750066626816988
5463,0.9170034900307655
5464,0.9590003173798323
5465,0.8750066626816988
5466,0.8750066626816988
5467,0.8750066626816988
5468,0.9170034900307655
5469,0.8750066626816988
5470,0.8750066626816988
5471,0.8750066626816988
5472,0.8749775588512421
5473,0.8749775588512421
5474,0.9170034900307655
5475,0.8750066626816988
5476,0.833999365568161
5477,0.8750066626816988
5478,0.9170034900307655
5479,0.9160139597952366
5480,0.9159848559647799
5481,0.9159848559647799
5482,0.8750066626816988
5483,0.9170034900307655
5484,0.9169743862003088
5485,0.9159848559647799
5486,0.8750066626816988
5487,0.8750066626816988
5488,0.8749775588512421
5489,0.9170034900307655
5490,0.9580107871443033
5491,0.9170034900307655
5492,0.9170034900307655
5493,0.9170034900307655
5494,0.8750066626816988
5495,0.8750066626816988
5496,0.9159848559647799
5497,0.9160139597952366
5498,0.8750066626816988
5499,0.9170034900307655
5500,0.8750066626816988
5501,0.9160139597952366
5502,0.8750066626816988
5503,0.9170034900307655
5504,0.8750066626816988
5505,0.8750066626816988
5506,0.9170034900307655
5507,0.8750066626816988
5508,0.9170034900307655
5509,0.9170034900307655
5510,0.833999365568161
5511,0.8750066626816988
5512,0.9170034900307655
5513,0.833999365568161
5514,0.9580107871443033
5515,0.9170034900307655
5516,0.9169743862003088
5517,0.8750066626816988
5518,0.9580107871443033
5519,0.9159848559647799
5520,0.9159848559647799
5521,0.8750066626816988
5522,0.9170034900307655
5523,0.8749775588512421
5524,0.8329807315021753
5525,0.8750066626816988
5526,0.8750066626816988
5527,0.8750066626816988
5528,0.8750066626816988
5529,0.8750066626816988
5530,0.9170034900307655
5531,0.9170034900307655
5532,0.9579816833138466
5533,0.9170034900307655
5534,0.8750066626816988
5535,0.8749775588512421
5536,0.8750066626816988
5537,0.8750066626816988
5538,1.00000761449337
5539,0.9170034900307655
5540,0.8750066626816988
5541,0.8330098353326321
5542,0.8750066626816988
5543,0.9170034900307655
5544,0.833999365568161
5545,0.8750066626816988
5546,0.833999365568161
5547,0.9170034900307655
5548,0.9170034900307655
5549,0.8750066626816988
5550,0.9160139597952366
5551,0.8750066626816988
5552,0.8750066626816988
5553,0.8750066626816988
5554,0.8750066626816988
5555,0.8749775588512421
5556,0.9579816833138466
5557,0.8750066626816988
5558,0.8330098353326321
5559,0.9159848559647799
5560,0.9159848559647799
5561,0.8750066626816988
5562,0.8330098353326321
5563,0.9159848559647799
5564,0.8750066626816988
5565,0.8750066626816988
5566,0.9160139597952366
5567,0.8749775588512421
5568,0.8750066626816988
5569,0.8750066626816988
5570,0.9170034900307655
5571,0.9169743862003088
5572,0.8750066626816988
5573,0.8750066626816988
5574,0.8330098353326321
5575,0.8750066626816988
5576,0.9170034900307655
5577,0.9160139597952366
5578,0.8750066626816988
5579,0.8749775588512421
5580,0.8750066626816988
5581,0.8750066626816988
5582,0.8750066626816988
5583,0.9169743862003088
5584,0.8750066626816988
5585,0.8750066626816988
5586,0.8750066626816988
5587,0.8750066626816988
5588,0.8330098353326321
5589,0.9160139597952366
5590,0.9170034900307655
5591,0.9170034900307655
5592,0.8330098353326321
5593,0.8750066626816988
5594,0.9580107871443033
5595,0.9170034900307655
5596,0.8750066626816988
5597,0.9170034900307655
5598,0.9590003173798323
5599,0.9169743862003088
5600,0.833999365568161
5601,0.9580107871443033
5602,0.9170034900307655
5603,0.9170034900307655
5604,0.9170034900307655
5605,0.9170034900307655
5606,0.9170034900307655
5607,0.8750066626816988
5608,0.8750066626816988
5609,0.8750066626816988
5610,0.8330098353326321
5611,0.9169743862003088
5612,0.9159848559647799
5613,0.8750066626816988
5614,0.9170034900307655
5615,0.9169743862003088
5616,0.8750066626816988
5617,0.8750066626816988
5618,0.8750066626816988
5619,0.8750066626816988
5620,0.9170034900307655
5621,0.9170034900307655
5622,0.9579816833138466
5623,0.9159848559647799
5624,0.8750066626816988
5625,0.8750066626816988
5626,0.9159848559647799
5627,0.8749775588512421
5628,0.9170034900307655
5629,0.9170034900307655
5630,0.9159848559647799
5631,0.8749775588512421
5632,0.9170034900307655
5633,0.8750066626816988
5634,0.9170034900307655
5635,0.8750066626816988
5636,1.00000761449337
5637,0.9590003173798323
5638,0.8750066626816988
5639,0.9590003173798323
5640,0.8750066626816988
5641,0.9170034900307655
5642,0.9170034900307655
5643,0.8750066626816988
5644,0.8750066626816988
5645,0.9169743862003088
5646,0.9170034900307655
5647,0.9170034900307655
5648,0.9170034900307655
5649,0.9170034900307655
5650,0.9170034900307655
5651,0.8750066626816988
5652,0.9159848559647799
5653,0.8749775588512421
5654,0.9170034900307655
5655,0.9170034900307655
5656,0.9169743862003088
5657,0.8750066626816988
5658,0.9160139597952366
5659,0.8750066626816988
5660,0.9169743862003088
5661,0.8749775588512421
5662,0.8330098353326321
5663,0.8750066626816988
5664,0.8749775588512421
5665,0.9170034900307655
5666,0.8750066626816988
5667,0.8750066626816988
5668,0.9170034900307655
5669,0.9170034900307655
5670,0.9160139597952366
5671,0.8750066626816988
5672,0.9170034900307655
5673,0.8750066626816988
5674,0.833999365568161
5675,0.8750066626816988
5676,0.8749775588512421
5677,0.9159848559647799
5678,0.9170034900307655
5679,0.8750066626816988
5680,0.8749775588512421
5681,0.8329807315021753
5682,0.8750066626816988
5683,0.8750066626816988
5684,0.833999365568161
5685,0.9170034900307655
5686,0.8330098353326321
5687,0.9160139597952366
5688,0.9159848559647799
5689,0.8750066626816988
5690,0.9170034900307655
5691,0.9160139597952366
5692,0.8750066626816988
5693,0.8750066626816988
5694,0.9170034900307655
5695,0.8750066626816988
5696,0.9170034900307655
5697,0.8750066626816988
5698,0.9170034900307655
5699,0.9160139597952366
5700,0.8750066626816988
5701,0.8750066626816988
5702,0.8750066626816988
5703,0.8750066626816988
5704,0.9590003173798323
5705,0.8750066626816988
5706,0.8750066626816988
5707,0.9170034900307655
5708,0.9169743862003088
5709,0.9159848559647799
5710,0.8750066626816988
5711,0.9170034900307655
5712,0.8750066626816988
5713,0.9170034900307655
5714,0.8750066626816988
5715,0.9170034900307655
5716,0.9169743862003088
5717,0.9170034900307655
5718,0.9160139597952366
5719,0.9170034900307655
5720,0.8749775588512421
5721,0.9170034900307655
5722,0.9170034900307655
5723,0.9159848559647799
5724,0.8749775588512421
5725,0.8750066626816988
5726,0.8750066626816988
5727,0.8750066626816988
5728,0.9169743862003088
5729,0.9170034900307655
5730,0.8750066626816988
5731,0.9170034900307655
5732,0.8749775588512421
5733,0.9170034900307655
5734,0.9170034900307655
5735,0.9159848559647799
5736,0.9159848559647799
5737,0.8750066626816988
5738,0.8330098353326321
5739,0.9159848559647799
5740,0.9159848559647799
5741,0.9170034900307655
5742,0.8750066626816988
5743,0.9159848559647799
5744,0.8749775588512421
5745,0.9170034900307655
5746,0.8750066626816988
5747,0.8750066626816988
5748,0.9169743862003088
5749,0.9590003173798323
5750,0.9590003173798323
5751,0.9169743862003088
5752,0.9170034900307655
5753,0.9160139597952366
5754,0.8330098353326321
5755,0.9169743862003088
5756,0.8750066626816988
5757,0.9580107871443033
5758,0.9580107871443033
5759,0.9159848559647799
5760,0.8749775588512421
5761,0.9170034900307655
5762,0.8750066626816988
5763,0.8749775588512421
5764,0.8750066626816988
5765,0.9160139597952366
5766,0.9160139597952366
5767,0.8750066626816988
5768,0.9170034900307655
5769,0.8750066626816988
5770,0.9170034900307655
5771,0.8749775588512421
5772,0.8750066626816988
5773,0.9170034900307655
5774,0.8750066626816988
5775,0.9999785106629133
5776,0.9170034900307655
5777,0.9170034900307655
5778,0.8749775588512421
5779,0.9159848559647799
5780,0.9580107871443033
5781,0.9170034900307655
5782,0.9159848559647799
5783,0.8749775588512421
5784,0.9170034900307655
5785,0.8750066626816988
5786,0.8750066626816988
5787,0.8329807315021753
5788,0.9160139597952366
5789,0.9580107871443033
5790,0.9170034900307655
5791,0.9169743862003088
5792,0.8750066626816988
5793,0.9160139597952366
5794,0.9159848559647799
5795,0.8749775588512421
5796,0.9170034900307655
5797,0.9170034900307655
5798,0.9169743862003088
5799,0.9170034900307655
5800,0.8750066626816988
5801,0.9170034900307655
5802,0.9169743862003088
5803,0.8750066626816988
5804,0.9160139597952366
5805,0.8750066626816988
5806,0.9170034900307655
5807,0.9170034900307655
5808,0.9160139597952366
5809,0.9160139597952366
5810,0.9159848559647799
5811,0.9159848559647799
5812,0.8750066626816988
5813,0.9170034900307655
5814,0.8749775588512421
5815,0.9170034900307655
5816,0.833999365568161
5817,0.9170034900307655
5818,0.9159848559647799
5819,0.9160139597952366
5820,0.9580107871443033
5821,0.9170034900307655
5822,0.9169743862003088
5823,0.9170034900307655
5824,0.9160139597952366
5825,0.9159848559647799
5826,0.9999785106629133
5827,0.8750066626816988
5828,0.9170034900307655
5829,0.9590003173798323
5830,0.9169743862003088
5831,0.8750066626816988
5832,0.9590003173798323
5833,0.9170034900307655
5834,0.9170034900307655
5835,0.8750066626816988
5836,0.833999365568161
5837,0.9170034900307655
5838,0.8750066626816988
5839,0.9160139597952366
5840,0.9160139597952366
5841,0.8750066626816988
5842,0.9170034900307655
5843,0.9170034900307655
5844,0.8750066626816988
5845,0.9159848559647799
5846,0.8749775588512421
5847,0.9170034900307655
5848,0.8750066626816988
5849,0.9170034900307655
5850,0.9580107871443033
5851,0.8750066626816988
5852,0.9170034900307655
5853,0.8750066626816988
5854,0.8750066626816988
5855,0.9170034900307655
5856,0.9160139597952366
5857,0.9159848559647799
5858,0.8750066626816988
5859,0.9170034900307655
5860,0.8750066626816988
5861,0.9170034900307655
5862,0.9170034900307655
5863,0.9170034900307655
5864,0.9170034900307655
5865,0.9169743862003088
5866,0.9170034900307655
5867,0.8750066626816988
5868,0.9159848559647799
5869,0.9169743862003088
5870,0.9170034900307655
5871,0.9170034900307655
5872,0.9579816833138466
5873,0.9169743862003088
5874,0.8330098353326321
5875,0.9160139597952366
5876,0.8750066626816988
5877,0.8749775588512421
5878,0.9590003173798323
5879,0.9170034900307655
5880,0.8750066626816988
5881,0.8750066626816988
5882,0.8750066626816988
5883,0.8750066626816988
5884,0.8749775588512421
5885,0.9159848559647799
5886,0.8750066626816988
5887,0.9170034900307655
5888,0.9169743862003088
5889,0.9590003173798323
5890,0.9170034900307655
5891,0.9170034900307655
5892,0.9590003173798323
5893,0.8750066626816988
5894,0.9170034900307655
5895,0.9170034900307655
5896,0.8750066626816988
5897,0.9170034900307655
5898,0.9170034900307655
5899,0.8750066626816988
5900,0.833999365568161
5901,0.8750066626816988
5902,0.9170034900307655
5903,0.9590003173798323
5904,0.8750066626816988
5905,0.8750066626816988
5906,0.9580107871443033
5907,0.9170034900307655
5908,0.8750066626816988
5909,0.9170034900307655
5910,0.9160139597952366
5911,0.8750066626816988
5912,0.8750066626816988
5913,0.9170034900307655
5914,0.9170034900307655
5915,0.9159848559647799
5916,0.9159848559647799
5917,0.9170034900307655
5918,0.9170034900307655
5919,0.9579816833138466
5920,0.9159848559647799
5921,0.9170034900307655
5922,0.8750066626816988
5923,0.9590003173798323
5924,0.9580107871443033
5925,0.9580107871443033
5926,0.9159848559647799
5927,0.9579816833138466
5928,0.8750066626816988
5929,0.9170034900307655
5930,0.9170034900307655
5931,0.9169743862003088
5932,0.8750066626816988
5933,0.9170034900307655
5934,0.9170034900307655
5935,0.9170034900307655
5936,0.8750066626816988
5937,0.9160139597952366
5938,0.9579816833138466
5939,0.9579816833138466
5940,0.9160139597952366
5941,0.9170034900307655
5942,0.9170034900307655
5943,0.9170034900307655
5944,0.9170034900307655
5945,0.9590003173798323
5946,0.9590003173798323
5947,0.9170034900307655
5948,0.9170034900307655
5949,0.9590003173798323
5950,0.8749775588512421
5951,0.9170034900307655
5952,0.9170034900307655
5953,0.9170034900307655
5954,0.9159848559647799
5955,0.9580107871443033
5956,0.9580107871443033
5957,0.9170034900307655
5958,0.9170034900307655
5959,0.8750066626816988
5960,0.9160139597952366
5961,0.9170034900307655
5962,0.8750066626816988
5963,0.9160139597952366
5964,0.9160139597952366
5965,0.9159848559647799
5966,0.9159848559647799
5967,0.9580107871443033
5968,0.8750066626816988
5969,0.9579816833138466
5970,0.9999785106629133
5971,0.9170034900307655
5972,0.8750066626816988
5973,0.8750066626816988
5974,0.9170034900307655
5975,0.9170034900307655
5976,0.9170034900307655
5977,0.9579816833138466
5978,0.9170034900307655
5979,0.9170034900307655
5980,0.9590003173798323
5981,0.9579816833138466
5982,1.0410149116069078
5983,1.166015863418579
5984,1.1249794624745846
5985,1.2500095181167126
5986,1.167005393654108
5987,1.1669762898236513
5988,1.2080126907676458
5989,1.166015863418579
5990,1.207983586937189
5991,1.167005393654108
5992,1.2090022210031748
5993,1.207983586937189
5994,1.166015863418579
5995,1.166015863418579
5996,1.1659867595881224
5997,1.2080126907676458
5998,1.00000761449337
5999,0.9170034900307655
6000,0.9170034900307655
6001,0.9590003173798323
6002,0.9170034900307655
6003,0.9590003173798323
6004,0.9580107871443033
6005,0.9160139597952366
6006,0.9160139597952366
6007,0.9159848559647799
6008,0.9160139597952366
6009,0.9580107871443033
6010,0.9590003173798323
6011,0.8749775588512421
6012,1.00000761449337
6013,0.8750066626816988
6014,0.9579816833138466
6015,0.9579816833138466
6016,0.8750066626816988
6017,0.9580107871443033
6018,0.9579816833138466
6019,0.9159848559647799
6020,1.00000761449337
6021,0.9590003173798323
6022,0.9170034900307655
6023,0.9580107871443033
6024,0.9170034900307655
6025,0.9579816833138466
6026,6.832997314631939
6027,1.2090022210031748
6028,1.2080126907676458
6029,1.333013642579317
6030,1.2090022210031748
6031,1.1659867595881224
6032,1.1250085663050413
6033,0.9999785106629133
6034,0.9579816833138466
6035,0.9580107871443033
6036,0.9590003173798323
6037,0.9170034900307655
6038,0.9580107871443033
6039,1.00000761449337
6040,0.9170034900307655
6041,0.9579816833138466
6042,0.9160139597952366
6043,1.00000761449337
6044,0.9999785106629133
6045,0.9579816833138466
6046,0.9580107871443033
6047,0.9580107871443033
6048,0.9590003173798323
6049,0.9580107871443033
6050,0.9580107871443033
6051,1.00000761449337
6052,0.9159848559647799
6053,1.0410149116069078
6054,0.8750066626816988
6055,0.9579816833138466
6056,0.9159848559647799
6057,1.00000761449337
6058,0.9580107871443033
6059,0.9999785106629133
6060,0.9579816833138466
6061,0.9580107871443033
6062,0.9590003173798323
6063,0.9579816833138466
6064,0.9580107871443033
6065,0.9580107871443033
6066,0.9159848559647799
6067,0.9579816833138466
6068,0.9590003173798323
6069,1.0420044418424368
6070,0.9579816833138466
6071,0.9579816833138466
6072,0.9590003173798323
6073,1.0420044418424368
6074,0.9999785106629133
6075,0.9160139597952366
6076,0.9580107871443033
6077,0.9590003173798323
6078,0.9169743862003088
6079,1.00000761449337
6080,1.00000761449337
6081,1.040985807776451
6082,1.040985807776451
6083,1.0420044418424368
6084,1.0420044418424368
6085,0.9579816833138466
6086,0.9160139597952366
6087,0.9580107871443033
6088,0.9170034900307655
6089,0.9590003173798323
6090,1.00000761449337
6091,0.9590003173798323
6092,0.9590003173798323
6093,0.9590003173798323
6094,1.00000761449337
6095,1.0830117389559746
6096,1.0829826351255178
6097,1.0830117389559746
6098,0.8750066626816988
6099,0.9159848559647799
6100,1.00000761449337
6101,1.0410149116069078
6102,1.00000761449337
6103,0.9579816833138466
6104,0.9580107871443033
6105,0.9580107871443033
6106,0.9999785106629133
6107,0.9999785106629133
6108,1.00000761449337
6109,0.9580107871443033
6110,1.00000761449337
6111,1.0840012691915035
6112,0.9170034900307655
6113,1.00000761449337
6114,0.9170034900307655
6115,0.9590003173798323
6116,1.00000761449337
6117,1.0420044418424368
6118,0.9999785106629133
6119,1.0420044418424368
6120,0.9580107871443033
6121,0.9170034900307655
6122,0.9580107871443033
6123,1.0410149116069078
6124,0.9579816833138466
6125,0.9579816833138466
6126,1.0410149116069078
6127,0.9580107871443033
6128,0.9590003173798323
6129,0.9580107871443033
6130,1.00000761449337
6131,1.00000761449337
6132,0.9159848559647799
6133,0.9999785106629133
6134,0.9580107871443033
6135,1.00000761449337
6136,0.9579816833138466
6137,0.9590003173798323
6138,0.9580107871443033
6139,1.00000761449337
6140,0.9170034900307655
6141,0.9580107871443033
6142,0.9580107871443033
6143,0.9590003173798323
6144,1.00000761449337
6145,1.0410149116069078
6146,1.00000761449337
6147,0.9580107871443033
6148,0.9590003173798323
6149,0.9999785106629133
6150,0.9590003173798323
6151,0.9580107871443033
6152,1.00000761449337
6153,0.9590003173798323
6154,0.9580107871443033
6155,1.00000761449337
6156,0.9159848559647799
6157,0.9579816833138466
6158,0.9170034900307655
6159,0.9590003173798323
6160,0.9579816833138466
6161,0.9999785106629133
6162,0.9580107871443033
6163,0.9160139597952366
6164,0.9579816833138466
6165,0.9170034900307655
6166,0.9590003173798323
6167,0.9579816833138466
6168,0.9579816833138466
6169,0.9590003173798323
6170,1.00000761449337
6171,0.9999785106629133
6172,0.9999785106629133
6173,1.0420044418424368
6174,1.00000761449337
6175,1.00000761449337
6176,0.9580107871443033
6177,0.9580107871443033
6178,0.9590003173798323
6179,0.9580107871443033
6180,0.9580107871443033
6181,1.00000761449337
6182,1.00000761449337
6183,1.00000761449337
6184,0.9580107871443033
6185,0.9170034900307655
6186,0.9590003173798323
6187,0.9580107871443033
6188,0.9160139597952366
6189,0.9580107871443033
6190,1.00000761449337
6191,1.00000761449337
6192,1.00000761449337
6193,0.9579816833138466
6194,0.9579816833138466
6195,0.9580107871443033
6196,0.9590003173798323
6197,0.9590003173798323
6198,0.9580107871443033
6199,0.9580107871443033
6200,0.9590003173798323
6201,0.9590003173798323
6202,0.9170034900307655
6203,0.9580107871443033
6204,0.9159848559647799
6205,0.9159848559647799
6206,1.0410149116069078
6207,1.00000761449337
6208,0.9999785106629133
6209,0.9590003173798323
6210,1.0420044418424368
6211,0.9999785106629133
6212,1.0420044418424368
6213,1.0420044418424368
6214,0.9590003173798323
6215,0.9579816833138466
6216,0.9590003173798323
6217,0.9590003173798323
6218,0.9170034900307655
6219,0.9579816833138466
6220,0.9580107871443033
6221,0.9590003173798323
6222,0.9170034900307655
6223,1.00000761449337
6224,1.00000761449337
6225,1.00000761449337
6226,0.9579816833138466
6227,1.00000761449337
6228,0.9170034900307655
6229,0.9590003173798323
6230,0.9579816833138466
6231,0.9160139597952366
6232,0.9580107871443033
6233,0.9590003173798323
6234,0.9579816833138466
6235,1.00000761449337
6236,0.9580107871443033
6237,0.9579816833138466
6238,0.9590003173798323
6239,0.9590003173798323
6240,0.9580107871443033
6241,0.9579816833138466
6242,1.00000761449337
6243,1.00000761449337
6244,0.9170034900307655
6245,0.9999785106629133
6246,0.9580107871443033
6247,1.00000761449337
6248,0.9590003173798323
6249,0.9580107871443033
6250,0.9580107871443033
6251,0.9580107871443033
6252,0.9159848559647799
6253,0.9580107871443033
6254,0.9580107871443033
6255,0.9590003173798323
6256,0.9169743862003088
6257,0.9580107871443033
6258,0.9580107871443033
6259,0.9590003173798323
6260,0.9170034900307655
6261,0.9170034900307655
6262,0.9580107871443033
6263,0.9590003173798323
6264,0.9170034900307655
6265,0.9580107871443033
6266,0.9580107871443033
6267,0.9579816833138466
6268,0.9170034900307655
6269,1.00000761449337
6270,0.9159848559647799
6271,0.9579816833138466
6272,1.00000761449337
6273,0.9160139597952366
6274,0.9999785106629133
6275,0.9170034900307655
6276,0.9590003173798323
6277,0.9170034900307655
6278,0.9579816833138466
6279,0.9580107871443033
6280,0.9590003173798323
6281,1.00000761449337
6282,0.9159848559647799
6283,0.9580107871443033
6284,0.9170034900307655
6285,0.9579816833138466
6286,0.9579816833138466
6287,1.00000761449337
6288,1.00000761449337
6289,0.9170034900307655
6290,1.00000761449337
6291,0.9590003173798323
6292,0.9579816833138466
6293,0.9579816833138466
6294,0.8750066626816988
6295,0.9580107871443033
6296,0.9579816833138466
6297,0.9579816833138466
6298,0.9590003173798323
6299,1.0420044418424368
6300,1.00000761449337
6301,0.9590003173798323
6302,1.00000761449337
6303,0.8750066626816988
6304,0.9579816833138466
6305,0.9580107871443033
6306,0.9160139597952366
6307,1.00000761449337
6308,0.9590003173798323
6309,0.9580107871443033
6310,1.00000761449337
6311,0.9590003173798323
6312,0.9580107871443033
6313,0.9580107871443033
6314,1.00000761449337
6315,0.9159848559647799
6316,0.9160139597952366
6317,0.9580107871443033
6318,0.9170034900307655
6319,0.9579816833138466
6320,0.9170034900307655
6321,0.9590003173798323
6322,0.9590003173798323
6323,0.9579816833138466
6324,0.9160139597952366
6325,0.9580107871443033
6326,1.040985807776451
6327,0.9580107871443033
6328,0.9580107871443033
6329,0.9590003173798323
6330,0.8749775588512421
6331,0.9590003173798323
6332,0.9170034900307655
6333,1.00000761449337
6334,0.9159848559647799
6335,0.9580107871443033
6336,0.9170034900307655
6337,0.9170034900307655
6338,1.00000761449337
6339,0.9580107871443033
6340,1.00000761449337
6341,0.9590003173798323
6342,0.9170034900307655
6343,0.9580107871443033
6344,0.9170034900307655
6345,0.9579816833138466
6346,0.9580107871443033
6347,1.167005393654108
6348,0.9999785106629133
6349,0.9999785106629133
6350,0.8750066626816988
6351,0.9580107871443033
6352,0.9159848559647799
6353,0.9159848559647799
6354,0.9160139597952366
6355,0.9580107871443033
6356,0.9999785106629133
6357,0.9170034900307655
6358,0.9590003173798323
6359,0.9579816833138466
6360,0.9579816833138466
6361,0.9170034900307655
6362,0.9580107871443033
6363,1.00000761449337
6364,1.00000761449337
6365,1.00000761449337
6366,0.9580107871443033
6367,0.9159848559647799
6368,0.9159848559647799
6369,0.8750066626816988
6370,0.8750066626816988
6371,0.9169743862003088
6372,0.9170034900307655
6373,0.9580107871443033
6374,0.9159848559647799
6375,0.9159848559647799
6376,0.9580107871443033
6377,0.9160139597952366
6378,0.9159848559647799
6379,0.9159848559647799
6380,0.8750066626816988
6381,0.9170034900307655
6382,0.9590003173798323
6383,0.9169743862003088
6384,1.00000761449337
6385,0.9580107871443033
6386,0.9159848559647799
6387,0.9170034900307655
6388,0.9170034900307655
6389,0.9170034900307655
6390,0.9170034900307655
6391,0.9170034900307655
6392,0.9590003173798323
6393,0.8330098353326321
6394,0.8750066626816988
6395,0.9170034900307655
6396,0.8750066626816988
6397,0.9580107871443033
6398,0.8750066626816988
6399,0.9170034900307655
6400,0.8750066626816988
6401,0.9170034900307655
6402,0.8750066626816988
6403,0.9160139597952366
6404,0.9160139597952366
6405,0.9170034900307655
6406,0.8749775588512421
6407,0.9170034900307655
6408,0.8750066626816988
6409,0.9159848559647799
6410,0.8749775588512421
6411,0.9170034900307655
6412,0.9170034900307655
6413,0.9170034900307655
6414,0.9170034900307655
6415,0.9160139597952366
6416,0.9160139597952366
6417,0.9170034900307655
6418,0.8749775588512421
6419,0.9170034900307655
6420,0.8750066626816988
6421,0.8750066626816988
6422,0.9169743862003088
6423,0.9170034900307655
6424,0.9580107871443033
6425,0.9170034900307655
6426,0.9170034900307655
6427,0.9170034900307655
6428,0.8750066626816988
6429,0.9579816833138466
6430,0.9159848559647799
6431,0.9160139597952366
6432,0.8750066626816988
6433,0.9170034900307655
6434,0.9170034900307655
6435,0.9160139597952366
6436,0.9580107871443033
6437,0.9169743862003088
6438,0.8750066626816988
6439,0.9160139597952366
6440,0.8750066626816988
6441,0.9170034900307655
6442,0.9170034900307655
6443,0.9580107871443033
6444,0.9159848559647799
6445,0.8749775588512421
6446,0.9170034900307655
6447,0.9170034900307655
6448,0.9170034900307655
6449,0.9170034900307655
6450,0.9170034900307655
6451,0.9170034900307655
6452,0.8749775588512421
6453,0.8749775588512421
6454,0.8750066626816988
6455,0.9170034900307655
6456,0.9159848559647799
6457,0.9159848559647799
6458,0.9580107871443033
6459,0.9170034900307655
6460,0.9579816833138466
6461,0.9170034900307655
6462,0.9170034900307655
6463,0.8750066626816988
6464,0.8750066626816988
6465,0.9170034900307655
6466,0.9170034900307655
6467,0.9170034900307655
6468,0.8749775588512421
6469,0.9159848559647799
6470,0.9160139597952366
6471,1.00000761449337
6472,0.9579816833138466
6473,0.9590003173798323
6474,0.9170034900307655
6475,0.9170034900307655
6476,0.9170034900307655
6477,0.9160139597952366
6478,0.9160139597952366
6479,0.8750066626816988
6480,0.8749775588512421
6481,0.9170034900307655
6482,0.9590003173798323
6483,0.9170034900307655
6484,0.8750066626816988
6485,0.8750066626816988
6486,0.9580107871443033
6487,0.9579816833138466
6488,0.9170034900307655
6489,0.9170034900307655
6490,0.8750066626816988
6491,1.00000761449337
6492,0.9590003173798323
6493,0.9170034900307655
6494,0.9170034900307655
6495,0.9169743862003088
6496,0.8750066626816988
6497,0.9170034900307655
6498,0.8750066626816988
6499,0.8749775588512421
6500,0.9579816833138466
6501,0.9590003173798323
6502,0.9170034900307655
6503,0.8750066626816988
6504,0.9580107871443033
6505,0.9580107871443033
6506,0.8749775588512421
6507,0.9159848559647799
6508,0.8750066626816988
6509,0.9170034900307655
6510,0.8749775588512421
6511,0.8749775588512421
6512,0.9580107871443033
6513,0.8750066626816988
6514,0.9170034900307655
6515,0.8749775588512421
6516,0.9590003173798323
6517,0.8750066626816988
6518,1.0420044418424368
6519,0.9170034900307655
6520,0.9160139597952366
6521,0.9170034900307655
6522,0.9170034900307655
6523,0.9170034900307655
6524,0.9590003173798323
6525,0.9170034900307655
6526,0.9169743862003088
6527,0.9579816833138466
6528,0.8750066626816988
6529,0.8750066626816988
6530,0.8749775588512421
6531,0.9170034900307655
6532,0.9590003173798323
6533,0.9170034900307655
6534,0.8749775588512421
6535,0.8749775588512421
6536,0.8750066626816988
6537,0.9590003173798323
6538,0.9589712135493755
6539,0.9170034900307655
6540,0.8750066626816988
6541,0.9159848559647799
6542,0.8749775588512421
6543,0.8750066626816988
6544,0.9590003173798323
6545,0.9170034900307655
6546,0.8749775588512421
6547,0.8750066626816988
6548,0.9580107871443033
6549,0.8749775588512421
6550,0.9159848559647799
6551,0.8750066626816988
6552,0.9170034900307655
6553,0.8750066626816988
6554,0.9159848559647799
6555,0.9160139597952366
6556,0.9160139597952366
6557,0.9159848559647799
6558,0.9170034900307655
6559,0.9170034900307655
6560,0.8750066626816988
6561,0.9170034900307655
6562,0.9590003173798323
6563,0.9590003173798323
6564,0.9170034900307655
6565,0.8749775588512421
6566,0.8749775588512421
6567,0.9170034900307655
6568,0.8750066626816988
6569,0.9169743862003088
6570,0.9579816833138466
6571,0.9170034900307655
6572,0.9160139597952366
6573,0.9579816833138466
6574,0.9159848559647799
6575,0.9170034900307655
6576,0.9170034900307655
6577,0.9169743862003088
6578,0.9170034900307655
6579,0.9170034900307655
6580,0.9170034900307655
6581,0.9170034900307655
6582,0.8750066626816988
6583,0.8750066626816988
6584,0.8750066626816988
6585,0.9579816833138466
6586,0.9170034900307655
6587,0.9170034900307655
6588,0.9590003173798323
6589,0.9170034900307655
6590,0.8750066626816988
6591,0.9580107871443033
6592,0.8750066626816988
6593,0.9580107871443033
6594,0.9160139597952366
6595,0.9580107871443033
6596,0.9170034900307655
6597,0.9170034900307655
6598,0.8750066626816988
6599,0.9170034900307655
6600,0.8749775588512421
6601,0.9579816833138466
6602,0.8750066626816988
6603,0.8750066626816988
6604,0.9579816833138466
6605,0.9170034900307655
6606,0.9170034900307655
6607,0.9170034900307655
6608,0.9579816833138466
6609,0.9170034900307655
6610,0.9170034900307655
6611,0.8750066626816988
6612,0.9169743862003088
6613,0.9170034900307655
6614,0.8750066626816988
6615,0.9170034900307655
6616,0.9169743862003088
6617,0.9170034900307655
6618,0.9590003173798323
6619,0.9170034900307655
6620,0.9170034900307655
6621,0.8750066626816988
6622,0.9580107871443033
6623,0.9159848559647799
6624,0.9579816833138466
6625,0.9170034900307655
6626,0.9160139597952366
6627,0.9579816833138466
6628,0.9159848559647799
6629,0.8750066626816988
6630,0.833999365568161
6631,0.9579816833138466
6632,0.9579816833138466
6633,0.9170034900307655
6634,1.00000761449337
6635,0.9169743862003088
6636,0.8749775588512421
6637,0.8750066626816988
6638,0.9170034900307655
6639,0.9159848559647799
6640,0.8750066626816988
6641,0.9170034900307655
6642,0.9590003173798323
6643,0.9170034900307655
6644,0.8750066626816988
6645,0.9160139597952366
6646,1.00000761449337
6647,0.9159848559647799
6648,0.9160139597952366
6649,0.9580107871443033
6650,0.9159848559647799
6651,0.9159848559647799
6652,0.8750066626816988
6653,0.9170034900307655
6654,1.00000761449337
6655,0.9170034900307655
6656,1.0420044418424368
6657,0.9590003173798323
6658,0.8750066626816988
6659,0.9160139597952366
6660,0.9160139597952366
6661,0.8750066626816988
6662,0.9170034900307655
6663,0.9170034900307655
6664,0.8750066626816988
6665,0.9159848559647799
6666,0.9170034900307655
6667,0.8750066626816988
6668,0.9170034900307655
6669,0.8749775588512421
6670,0.9159848559647799
6671,0.9160139597952366
6672,0.8330098353326321
6673,0.9169743862003088
6674,0.9590003173798323
6675,0.9170034900307655
6676,0.8749775588512421
6677,0.8749775588512421
6678,0.8750066626816988
6679,0.9170034900307655
6680,0.9590003173798323
6681,0.9169743862003088
6682,0.9590003173798323
6683,0.8750066626816988
6684,0.9170034900307655
6685,0.9170034900307655
6686,0.8750066626816988
6687,0.9160139597952366
6688,0.9170034900307655
6689,0.9170034900307655
6690,0.9170034900307655
6691,0.9170034900307655
6692,0.9159848559647799
6693,0.9159848559647799
6694,0.9170034900307655
6695,0.9170034900307655
6696,0.9170034900307655
6697,0.9170034900307655
6698,0.9170034900307655
6699,0.9170034900307655
6700,0.8749775588512421
6701,0.8750066626816988
6702,0.9160139597952366
6703,1.00000761449337
6704,0.9159848559647799
6705,0.9160139597952366
6706,0.9160139597952366
6707,0.9170034900307655
6708,0.9169743862003088
6709,0.8750066626816988
6710,0.9590003173798323
6711,0.8750066626816988
6712,0.9590003173798323
6713,0.8750066626816988
6714,0.8750066626816988
6715,0.9580107871443033
6716,0.9170034900307655
6717,0.9170034900307655
6718,0.9580107871443033
6719,0.9159848559647799
6720,0.9159848559647799
6721,0.9160139597952366
6722,0.9580107871443033
6723,0.9159848559647799
6724,0.9159848559647799
6725,0.9580107871443033
6726,0.8750066626816988
6727,0.9170034900307655
6728,0.8750066626816988
6729,0.9590003173798323
6730,0.9590003173798323
6731,0.9169743862003088
6732,0.8750066626816988
6733,0.9170034900307655
6734,0.9170034900307655
6735,0.9590003173798323
6736,0.9170034900307655
6737,0.8750066626816988
6738,0.9159848559647799
6739,0.9169743862003088
6740,0.9170034900307655
6741,0.9170034900307655
6742,0.8750066626816988
6743,0.9159848559647799
6744,0.9580107871443033
6745,0.8750066626816988
6746,0.8750066626816988
6747,0.9170034900307655
6748,0.9170034900307655
6749,0.9170034900307655
6750,0.8749775588512421
6751,0.9579816833138466
6752,0.9170034900307655
6753,0.9170034900307655
6754,0.9169743862003088
6755,0.8750066626816988
6756,0.9160139597952366
6757,0.9580107871443033
6758,0.9169743862003088
6759,0.9160139597952366
6760,0.8750066626816988
6761,0.9170034900307655
6762,0.8749775588512421
6763,0.9170034900307655
6764,0.9170034900307655
6765,0.8749775588512421
6766,0.9159848559647799
6767,0.9160139597952366
6768,0.9160139597952366
6769,0.9159848559647799
6770,0.9159848559647799
6771,0.9170034900307655
6772,0.9170034900307655
6773,0.8750066626816988
6774,0.9170034900307655
6775,0.9170034900307655
6776,0.9160139597952366
6777,0.9159848559647799
6778,0.9159848559647799
6779,0.8750066626816988
6780,0.9170034900307655
6781,0.9170034900307655
6782,0.9170034900307655
6783,0.9580107871443033
6784,0.9580107871443033
6785,0.9589712135493755
6786,0.9170034900307655
6787,0.8750066626816988
6788,0.8749775588512421
6789,0.8749775588512421
6790,0.9170034900307655
6791,0.9170034900307655
6792,0.9170034900307655
6793,0.9159848559647799
6794,0.8750066626816988
6795,0.9590003173798323
6796,0.8750066626816988
6797,0.9170034900307655
6798,0.9160139597952366
6799,0.9160139597952366
6800,0.9159848559647799
6801,0.8749775588512421
6802,0.8750066626816988
6803,0.9170034900307655
6804,0.9590003173798323
6805,0.9170034900307655
6806,0.9580107871443033
6807,0.9160139597952366
6808,0.9159848559647799
6809,0.9159848559647799
6810,0.8750066626816988
6811,0.9170034900307655
6812,0.9590003173798323
6813,0.9590003173798323
6814,0.9580107871443033
6815,0.9170034900307655
6816,0.9169743862003088
6817,0.9170034900307655
6818,0.9170034900307655
6819,0.9170034900307655
6820,0.9579816833138466
6821,0.9590003173798323
6822,0.9170034900307655
6823,0.9170034900307655
6824,0.8749775588512421
6825,0.9170034900307655
6826,0.8750066626816988
6827,0.9170034900307655
6828,1.00000761449337
6829,0.9160139597952366
6830,0.8750066626816988
6831,0.9170034900307655
6832,0.9590003173798323
6833,0.9580107871443033
6834,0.9160139597952366
6835,0.9159848559647799
6836,0.8749775588512421
6837,0.9170034900307655
6838,0.9580107871443033
6839,0.9999785106629133
6840,0.9160139597952366
6841,0.9580107871443033
6842,0.8750066626816988
6843,0.9169743862003088
6844,0.9590003173798323
6845,0.8750066626816988
6846,0.8749775588512421
6847,0.9159848559647799
6848,0.8750066626816988
6849,0.9170034900307655
6850,0.9579816833138466
6851,0.9169743862003088
6852,0.8330098353326321
6853,0.9160139597952366
6854,0.9159848559647799
6855,0.9159848559647799
6856,0.9160139597952366
6857,0.9160139597952366
6858,0.9159848559647799
6859,0.8749775588512421
6860,0.8750066626816988
6861,0.9170034900307655
6862,0.9169743862003088
6863,0.9170034900307655
6864,0.9170034900307655
6865,0.9170034900307655
6866,0.8749775588512421
6867,0.9160139597952366
6868,0.8750066626816988
6869,0.9170034900307655
6870,0.9169743862003088
6871,0.9170034900307655
6872,0.9590003173798323
6873,0.8750066626816988
6874,0.9590003173798323
6875,0.9170034900307655
6876,0.9580107871443033
6877,0.9159848559647799
6878,0.9159848559647799
6879,0.9170034900307655
6880,0.9580107871443033
6881,0.9159848559647799
6882,0.9159848559647799
6883,0.9160139597952366
6884,0.9160139597952366
6885,0.9159848559647799
6886,0.8749775588512421
6887,0.9170034900307655
6888,0.9590003173798323
6889,0.9170034900307655
6890,0.9170034900307655
6891,0.9170034900307655
6892,0.8750066626816988
6893,0.8750066626816988
6894,0.9160139597952366
6895,0.8750066626816988
6896,0.9579816833138466
6897,0.9159848559647799
6898,0.9160139597952366
6899,0.9170034900307655
6900,0.8750066626816988
6901,0.9170034900307655
6902,0.8750066626816988
6903,0.9160139597952366
6904,0.9579816833138466
6905,0.9159848559647799
6906,0.9170034900307655
6907,0.9170034900307655
6908,0.9169743862003088
6909,0.9170034900307655
6910,0.8750066626816988
6911,0.8750066626816988
6912,0.9169743862003088
6913,0.9170034900307655
6914,0.9590003173798323
6915,0.9590003173798323
6916,0.8749775588512421
6917,0.9170034900307655
6918,0.9170034900307655
6919,1.00000761449337
6920,0.9579816833138466
6921,0.9160139597952366
6922,1.00000761449337
6923,0.9590003173798323
6924,0.8750066626816988
6925,0.9580107871443033
6926,0.8750066626816988
6927,0.9159848559647799
6928,0.9159848559647799
6929,0.8750066626816988
6930,0.9580107871443033
6931,0.9159848559647799
6932,0.9159848559647799
6933,0.8750066626816988
6934,0.9170034900307655
6935,0.8749775588512421
6936,0.9170034900307655
6937,0.9590003173798323
6938,0.9170034900307655
6939,0.9169743862003088
6940,0.9590003173798323
6941,0.9170034900307655
6942,0.9170034900307655
6943,0.9170034900307655
6944,0.8750066626816988
6945,0.9160139597952366
6946,0.8750066626816988
6947,0.9169743862003088
6948,0.9590003173798323
6949,0.9170034900307655
6950,0.9170034900307655
6951,0.8749775588512421
6952,0.8750066626816988
6953,0.9580107871443033
6954,0.9170034900307655
6955,0.9170034900307655
6956,0.9160139597952366
6957,0.8750066626816988
6958,0.9579816833138466
6959,0.9580107871443033
6960,0.9170034900307655
6961,0.9170034900307655
6962,0.9170034900307655
6963,0.9170034900307655
6964,0.9170034900307655
6965,0.9170034900307655
6966,0.9170034900307655
6967,0.9170034900307655
6968,0.9590003173798323
6969,0.9170034900307655
6970,0.9170034900307655
6971,0.9160139597952366
6972,0.9170034900307655
6973,0.9170034900307655
6974,0.9170034900307655
6975,0.9160139597952366
6976,0.9160139597952366
6977,0.8750066626816988
6978,0.9579816833138466
6979,0.9160139597952366
6980,0.8750066626816988
6981,0.9159848559647799
6982,0.9159848559647799
6983,0.9160139597952366
6984,0.9160139597952366
6985,0.8750066626816988
6986,0.9170034900307655
6987,0.8750066626816988
6988,0.9590003173798323
6989,0.9170034900307655
6990,0.9170034900307655
6991,0.9170034900307655
6992,0.9170034900307655
6993,0.9169743862003088
6994,0.8750066626816988
6995,0.8750066626816988
6996,0.9170034900307655
6997,0.9170034900307655
6998,0.9580107871443033
6999,0.9170034900307655
7000,0.9170034900307655
7001,0.9169743862003088
7002,0.9170034900307655
7003,0.9170034900307655
7004,0.9170034900307655
7005,0.9579816833138466
7006,0.8750066626816988
7007,0.9580107871443033
7008,0.8750066626816988
7009,0.9170034900307655
7010,1.00000761449337
7011,0.8750066626816988
7012,0.9159848559647799
7013,0.9579816833138466
7014,0.9590003173798323
7015,0.9590003173798323
7016,0.8749775588512421
7017,0.9170034900307655
7018,0.9590003173798323
7019,0.9590003173798323
7020,0.9169743862003088
7021,0.9170034900307655
7022,0.9590003173798323
7023,0.9170034900307655
7024,0.9579816833138466
7025,0.9580107871443033
7026,0.9580107871443033
7027,0.9159848559647799
7028,0.9159848559647799
7029,0.9580107871443033
7030,0.9170034900307655
7031,0.9169743862003088
7032,0.8750066626816988
7033,0.9160139597952366
7034,0.9160139597952366
7035,0.9159848559647799
7036,0.9580107871443033
7037,0.9580107871443033
7038,0.9580107871443033
7039,0.9579816833138466
7040,0.9160139597952366
7041,0.8750066626816988
7042,0.9170034900307655
7043,0.9579816833138466
7044,0.8750066626816988
7045,0.9170034900307655
7046,0.8749775588512421
7047,0.9159848559647799
7048,0.9160139597952366
7049,0.9160139597952366
7050,0.8750066626816988
7051,0.9169743862003088
7052,0.9580107871443033
7053,0.9580107871443033
7054,0.8750066626816988
7055,0.9170034900307655
7056,0.9580107871443033
7057,0.9580107871443033
7058,0.8749775588512421
7059,0.9159848559647799
7060,0.9580107871443033
7061,0.9170034900307655
7062,0.9170034900307655
7063,0.9590003173798323
7064,0.9170034900307655
7065,0.9170034900307655
7066,0.9170034900307655
7067,0.9170034900307655
7068,0.9170034900307655
7069,0.9590003173798323
7070,0.9169743862003088
7071,0.9590003173798323
7072,0.9580107871443033
7073,0.9159848559647799
7074,0.9159848559647799
7075,0.9160139597952366
7076,0.8750066626816988
7077,0.9170034900307655
7078,0.9170034900307655
7079,0.9590003173798323
7080,0.8750066626816988
7081,0.9169743862003088
7082,0.9579816833138466
7083,0.9160139597952366
7084,0.9580107871443033
7085,0.9170034900307655
7086,0.9590003173798323
7087,0.9590003173798323
7088,0.9170034900307655
7089,0.9169743862003088
7090,0.9170034900307655
7091,0.9170034900307655
7092,0.9590003173798323
7093,0.9590003173798323
7094,0.8750066626816988
7095,0.9170034900307655
7096,0.9169743862003088
7097,0.9590003173798323
7098,0.9590003173798323
7099,0.9170034900307655
7100,0.9579816833138466
7101,0.9580107871443033
7102,0.8750066626816988
7103,0.9580107871443033
7104,0.9169743862003088
7105,0.9580107871443033
7106,0.9580107871443033
7107,0.9579816833138466
7108,0.9159848559647799
7109,0.9580107871443033
7110,0.9170034900307655
7111,0.9170034900307655
7112,0.8750066626816988
7113,0.8750066626816988
7114,0.9580107871443033
7115,0.9170034900307655
7116,0.9170034900307655
7117,0.9170034900307655
7118,0.9170034900307655
7119,0.8749775588512421
7120,0.9170034900307655
7121,0.9170034900307655
7122,0.8750066626816988
7123,1.00000761449337
7124,0.9170034900307655
7125,0.9170034900307655
7126,0.9580107871443033
7127,0.9170034900307655
7128,0.9170034900307655
7129,1.00000761449337
7130,0.9580107871443033
7131,0.9579816833138466
7132,1.00000761449337
7133,0.9580107871443033
7134,0.9159848559647799
7135,0.9159848559647799
7136,0.9580107871443033
7137,0.9160139597952366
7138,0.8750066626816988
7139,0.9170034900307655
7140,0.9580107871443033
7141,0.9170034900307655
7142,0.9999785106629133
7143,1.0410149116069078
7144,0.9170034900307655
7145,0.9170034900307655
7146,0.9169743862003088
7147,0.9170034900307655
7148,0.8750066626816988
7149,0.9170034900307655
7150,0.8750066626816988
7151,0.9580107871443033
7152,0.9160139597952366
7153,0.9159848559647799
7154,0.9579816833138466
7155,1.00000761449337
7156,0.8750066626816988
7157,0.9579816833138466
7158,0.8750066626816988
7159,0.9160139597952366
7160,0.9160139597952366
7161,0.9159848559647799
7162,0.9159848559647799
7163,0.9170034900307655
7164,0.9170034900307655
7165,0.8749775588512421
7166,1.00000761449337
7167,0.9170034900307655
7168,0.9159848559647799
7169,0.9160139597952366
7170,0.9160139597952366
7171,0.8750066626816988
7172,0.9169743862003088
7173,0.8750066626816988
7174,0.8750066626816988
7175,0.9159848559647799
7176,0.8749775588512421
7177,0.9170034900307655
7178,0.9170034900307655
7179,0.9580107871443033
7180,0.9159848559647799
7181,0.8750066626816988
7182,0.8750066626816988
7183,0.9170034900307655
7184,0.8750066626816988
7185,0.9170034900307655
7186,0.8750066626816988
7187,0.8750066626816988
7188,0.9170034900307655
7189,0.9580107871443033
7190,0.8750066626816988
7191,0.8749775588512421
7192,0.9159848559647799
7193,0.9170034900307655
7194,0.8750066626816988
7195,0.9590003173798323
7196,0.9170034900307655
7197,0.9170034900307655
7198,0.9170034900307655
7199,0.8749775588512421
7200,0.8749775588512421
7201,0.9170034900307655
7202,0.8750066626816988
7203,0.9159848559647799
7204,0.9160139597952366
7205,0.8750066626816988
7206,0.9170034900307655
7207,0.9169743862003088
7208,0.9170034900307655
7209,0.8750066626816988
7210,0.8750066626816988
7211,0.9579816833138466
7212,0.9580107871443033
7213,0.9170034900307655
7214,0.8750066626816988
7215,0.9170034900307655
7216,0.9160139597952366
7217,0.9160139597952366
7218,0.9170034900307655
7219,0.9579816833138466
7220,0.9170034900307655
7221,0.9590003173798323
7222,0.9590003173798323
7223,0.9590003173798323
7224,0.9580107871443033
7225,0.9160139597952366
7226,0.8750066626816988
7227,0.9170034900307655
7228,0.8750066626816988
7229,0.9170034900307655
7230,1.00000761449337
7231,0.8750066626816988
7232,0.8750066626816988
7233,0.9170034900307655
7234,0.9579816833138466
7235,0.9580107871443033
7236,0.9170034900307655
7237,0.9590003173798323
7238,0.8750066626816988
7239,0.8750066626816988
7240,0.8750066626816988
7241,0.8749775588512421
7242,0.9159848559647799
7243,0.9160139597952366
7244,0.9160139597952366
7245,0.9159848559647799
7246,0.9159848559647799
7247,0.9160139597952366
7248,0.8750066626816988
7249,0.9170034900307655
7250,0.9169743862003088
7251,0.9170034900307655
7252,0.9170034900307655
7253,0.9169743862003088
7254,0.9170034900307655
7255,0.8750066626816988
7256,0.9580107871443033
7257,0.9159848559647799
7258,1.00000761449337
7259,0.9580107871443033
7260,1.00000761449337
7261,0.9169743862003088
7262,0.9590003173798323
7263,0.9170034900307655
7264,0.9590003173798323
7265,0.8749775588512421
7266,0.9170034900307655
7267,0.9160139597952366
7268,0.9159848559647799
7269,0.9169743862003088
7270,0.9170034900307655
7271,0.9170034900307655
7272,0.9159848559647799
7273,0.9579816833138466
7274,0.9160139597952366
7275,0.9160139597952366
7276,0.9580107871443033
7277,0.9159848559647799
7278,0.9160139597952366
7279,0.9160139597952366
7280,0.9159848559647799
7281,0.9159848559647799
7282,0.9160139597952366
7283,0.9160139597952366
7284,0.8750066626816988
7285,0.9580107871443033
7286,0.9160139597952366
7287,0.9160139597952366
7288,0.9579816833138466
7289,0.9580107871443033
7290,0.9160139597952366
7291,0.8750066626816988
7292,0.9579816833138466
7293,0.9160139597952366
7294,0.9160139597952366
7295,0.9159848559647799
7296,0.9159848559647799
7297,0.9580107871443033
7298,0.9160139597952366
7299,0.9170034900307655
7300,0.9170034900307655
7301,0.9170034900307655
7302,0.8750066626816988
7303,0.9169743862003088
7304,0.9579816833138466
7305,0.8750066626816988
7306,0.9580107871443033
7307,0.9579816833138466
7308,0.8750066626816988
7309,0.8750066626816988
7310,0.8750066626816988
7311,0.9169743862003088
7312,0.9170034900307655
7313,0.9170034900307655
7314,0.9170034900307655
7315,0.8750066626816988
7316,0.9160139597952366
7317,0.9580107871443033
7318,0.9579816833138466
7319,0.9579816833138466
7320,0.9160139597952366
7321,0.9160139597952366
7322,0.9579816833138466
7323,0.9159848559647799
7324,0.8750066626816988
7325,0.9580107871443033
7326,0.9579816833138466
7327,0.9159848559647799
7328,0.9160139597952366
7329,0.9170034900307655
7330,0.8749775588512421
7331,0.9170034900307655
7332,0.9580107871443033
7333,0.9580107871443033
7334,0.9159848559647799
7335,0.9579816833138466
7336,0.9580107871443033
7337,0.9160139597952366
7338,0.9579816833138466
7339,0.9160139597952366
7340,0.9580107871443033
7341,0.8749775588512421
7342,0.9159848559647799
7343,0.9160139597952366
7344,0.9170034900307655
7345,0.9170034900307655
7346,0.9170034900307655
7347,0.9170034900307655
7348,0.8750066626816988
7349,0.9170034900307655
7350,0.8749775588512421
7351,0.9170034900307655
7352,0.9160139597952366
7353,0.9159848559647799
7354,0.9169743862003088
7355,0.9590003173798323
7356,0.8750066626816988
7357,0.9159848559647799
7358,0.8749775588512421
7359,0.9170034900307655
7360,0.9170034900307655
7361,0.8749775588512421
7362,0.9159848559647799
7363,0.9580107871443033
7364,0.8750066626816988
7365,0.9169743862003088
7366,0.8750066626816988
7367,0.8750066626816988
7368,0.8750066626816988
7369,0.9169743862003088
7370,0.8750066626816988
7371,0.9170034900307655
7372,0.8750066626816988
7373,0.9169743862003088
7374,0.9170034900307655
7375,0.9160139597952366
7376,0.8750066626816988
7377,0.9579816833138466
7378,0.8750066626816988
7379,0.9580107871443033
7380,0.8750066626816988
7381,0.9159848559647799
7382,0.9159848559647799
7383,0.9170034900307655
7384,0.8750066626816988
7385,0.9589712135493755
7386,0.8750066626816988
7387,0.9170034900307655
7388,0.8749775588512421
7389,0.9159848559647799
7390,0.8750066626816988
7391,0.8750066626816988
7392,0.9170034900307655
7393,0.9159848559647799
7394,1.00000761449337
7395,0.9160139597952366
7396,0.8750066626816988
7397,0.9169743862003088
7398,0.9590003173798323
7399,0.9170034900307655
7400,0.9170034900307655
7401,0.9170034900307655
7402,0.9170034900307655
7403,0.9170034900307655
7404,0.8749775588512421
7405,0.9159848559647799
7406,0.8750066626816988
7407,0.9580107871443033
7408,0.8750066626816988
7409,0.8330098353326321
7410,0.8750066626816988
7411,0.8750066626816988
7412,0.8749775588512421
7413,0.9170034900307655
7414,0.8750066626816988
7415,0.9170034900307655
7416,0.9169743862003088
7417,0.9159848559647799
7418,0.9160139597952366
7419,0.9160139597952366
7420,0.9159848559647799
7421,0.9170034900307655
7422,0.9170034900307655
7423,0.8750066626816988
7424,0.9170034900307655
7425,0.9580107871443033
7426,0.8750066626816988
7427,0.8750066626816988
7428,0.9169743862003088
7429,0.9170034900307655
7430,0.8750066626816988
7431,0.9170034900307655
7432,0.9590003173798323
7433,0.9170034900307655
7434,0.9170034900307655
7435,0.9580107871443033
7436,0.9590003173798323
7437,0.9170034900307655
7438,0.9170034900307655
7439,0.9159848559647799
7440,0.9159848559647799
7441,0.8750066626816988
7442,0.9170034900307655
7443,0.9170034900307655
7444,0.9580107871443033
7445,0.9170034900307655
7446,0.9170034900307655
7447,0.9590003173798323
7448,0.9590003173798323
7449,0.9170034900307655
7450,0.8750066626816988
7451,0.9159848559647799
7452,1.00000761449337
7453,0.9170034900307655
7454,0.9170034900307655
7455,0.9170034900307655
7456,0.9170034900307655
7457,0.9170034900307655
7458,0.9170034900307655
7459,0.9579816833138466
7460,0.9580107871443033
7461,0.9580107871443033
7462,0.9170034900307655
7463,0.9170034900307655
7464,0.8750066626816988
7465,0.9170034900307655
7466,0.9579816833138466
7467,0.9580107871443033
7468,0.9160139597952366
7469,0.9159848559647799
7470,0.9169743862003088
7471,0.8750066626816988
7472,0.9170034900307655
7473,0.9170034900307655
7474,0.9170034900307655
7475,0.9170034900307655
7476,0.8750066626816988
7477,0.9170034900307655
7478,0.9169743862003088
7479,0.9170034900307655
7480,0.9580107871443033
7481,0.8750066626816988
7482,0.9170034900307655
7483,0.9170034900307655
7484,0.9170034900307655
7485,0.9169743862003088
7486,0.9170034900307655
7487,0.9160139597952366
7488,0.9580107871443033
7489,0.8750066626816988
7490,0.9580107871443033
7491,0.9160139597952366
7492,0.9170034900307655
7493,0.9170034900307655
7494,0.9170034900307655
7495,0.9170034900307655
7496,0.9170034900307655
7497,0.9170034900307655
7498,0.9170034900307655
7499,0.9580107871443033
7500,0.8749775588512421
7501,0.9159848559647799
7502,0.9160139597952366
7503,0.9160139597952366
7504,0.8750066626816988
7505,0.9169743862003088
7506,0.9170034900307655
7507,0.9170034900307655
7508,0.9170034900307655
7509,0.9170034900307655
7510,0.9170034900307655
7511,0.9170034900307655
7512,0.8749775588512421
7513,0.9159848559647799
7514,0.8750066626816988
7515,0.9170034900307655
7516,0.8749775588512421
7517,0.9170034900307655
7518,0.9170034900307655
7519,0.9170034900307655
7520,0.8749775588512421
7521,0.9159848559647799
7522,0.9160139597952366
7523,0.9160139597952366
7524,0.8750066626816988
7525,0.9580107871443033
7526,0.9580107871443033
7527,0.9159848559647799
7528,0.9159848559647799
7529,0.9160139597952366
7530,0.9170034900307655
7531,0.8750066626816988
7532,0.9590003173798323
7533,0.9580107871443033
7534,0.8750066626816988
7535,0.8750066626816988
7536,0.9590003173798323
7537,0.9590003173798323
7538,0.8750066626816988
7539,0.9170034900307655
7540,0.9170034900307655
7541,0.9160139597952366
7542,0.9160139597952366
7543,0.9159848559647799
7544,0.8749775588512421
7545,0.9170034900307655
7546,0.9170034900307655
7547,0.9169743862003088
7548,0.9579816833138466
7549,0.9590003173798323
7550,0.9170034900307655
7551,0.9169743862003088
7552,0.9170034900307655
7553,0.9170034900307655
7554,0.8750066626816988
7555,0.9170034900307655
7556,0.9170034900307655
7557,0.9160139597952366
7558,0.9580107871443033
7559,0.9159848559647799
7560,0.9580107871443033
7561,0.9170034900307655
7562,0.9170034900307655
7563,0.9159848559647799
7564,0.8750066626816988
7565,0.9170034900307655
7566,0.9170034900307655
7567,0.9590003173798323
7568,0.9170034900307655
7569,0.9170034900307655
7570,0.9170034900307655
7571,0.9170034900307655
7572,0.8750066626816988
7573,0.9170034900307655
7574,0.9170034900307655
7575,0.9170034900307655
7576,0.8750066626816988
7577,0.9170034900307655
7578,0.8750066626816988
7579,0.9170034900307655
7580,0.8750066626816988
7581,0.9170034900307655
7582,0.8749775588512421
7583,0.9170034900307655
7584,0.8750066626816988
7585,0.9170034900307655
7586,0.9590003173798323
7587,0.8750066626816988
7588,0.9170034900307655
7589,0.9170034900307655
7590,0.9579816833138466
7591,0.9580107871443033
7592,0.9580107871443033
7593,0.8749775588512421
7594,0.9579816833138466
7595,0.8750066626816988
7596,0.9160139597952366
7597,0.9579816833138466
7598,0.9579816833138466
7599,0.8750066626816988
7600,0.9160139597952366
7601,0.9590003173798323
7602,0.9170034900307655
7603,0.9590003173798323
7604,0.8750066626816988
7605,0.9159848559647799
7606,0.8749775588512421
7607,0.9170034900307655
7608,0.9170034900307655
7609,0.9170034900307655
7610,0.9580107871443033
7611,0.9160139597952366
7612,0.8750066626816988
7613,0.9169743862003088
7614,0.8750066626816988
7615,0.9170034900307655
7616,0.9170034900307655
7617,0.9170034900307655
7618,0.833999365568161
7619,0.9170034900307655
7620,0.8750066626816988
7621,0.9159848559647799
7622,0.9170034900307655
7623,0.9170034900307655
7624,0.8750066626816988
7625,0.8750066626816988
7626,0.9580107871443033
7627,0.9160139597952366
7628,0.9170034900307655
7629,0.9169743862003088
7630,0.8750066626816988
7631,0.9160139597952366
7632,0.9170034900307655
7633,0.8749775588512421
7634,0.8750066626816988
7635,0.8750066626816988
7636,0.9170034900307655
7637,0.9169743862003088
7638,0.9580107871443033
7639,0.9580107871443033
7640,0.9579816833138466
7641,0.9159848559647799
7642,0.8750066626816988
7643,0.9170034900307655
7644,0.9169743862003088
7645,0.9170034900307655
7646,0.9160139597952366
7647,0.9170034900307655
7648,0.9170034900307655
7649,0.9590003173798323
7650,0.9170034900307655
7651,0.9160139597952366
7652,0.9579816833138466
7653,0.9580107871443033
7654,0.9580107871443033
7655,0.9590003173798323
7656,1.00000761449337
7657,0.9170034900307655
7658,0.9170034900307655
7659,0.9159848559647799
7660,0.9159848559647799
7661,0.8750066626816988
7662,0.9170034900307655
7663,0.9170034900307655
7664,0.8750066626816988
7665,0.9160139597952366
7666,0.8750066626816988
7667,0.8750066626816988
7668,0.8750066626816988
7669,0.9160139597952366
7670,0.9170034900307655
7671,0.9170034900307655
7672,0.9170034900307655
7673,0.9160139597952366
7674,0.8750066626816988
7675,0.9170034900307655
7676,0.9580107871443033
7677,0.9590003173798323
7678,0.9169743862003088
7679,0.9159848559647799
7680,0.8750066626816988
7681,0.9170034900307655
7682,0.9170034900307655
7683,0.8750066626816988
7684,0.8750066626816988
7685,0.8750066626816988
7686,0.8749775588512421
7687,0.9170034900307655
7688,0.9160139597952366
7689,0.9170034900307655
7690,0.9579816833138466
7691,0.8750066626816988
7692,0.8750066626816988
7693,0.9170034900307655
7694,0.9590003173798323
7695,0.9170034900307655
7696,0.833999365568161
7697,0.9170034900307655
7698,0.9590003173798323
7699,0.9170034900307655
7700,0.9170034900307655
7701,0.9170034900307655
7702,0.8749775588512421
7703,0.9170034900307655
7704,0.9170034900307655
7705,0.9170034900307655
7706,0.9590003173798323
7707,0.8750066626816988
7708,0.9170034900307655
7709,0.9159848559647799
7710,0.9159848559647799
7711,0.9580107871443033
7712,0.9580107871443033
7713,0.9159848559647799
7714,0.9580107871443033
7715,0.9160139597952366
7716,0.9160139597952366
7717,0.9159848559647799
7718,0.9170034900307655
7719,0.8750066626816988
7720,0.9170034900307655
7721,0.9169743862003088
7722,0.8750066626816988
7723,0.8750066626816988
7724,0.8750066626816988
7725,0.9169743862003088
7726,0.9159848559647799
7727,0.8750066626816988
7728,0.9580107871443033
7729,0.9169743862003088
7730,0.8750066626816988
7731,0.9580107871443033
7732,0.9170034900307655
7733,0.9170034900307655
7734,0.9580107871443033
7735,0.9160139597952366
7736,0.8750066626816988
7737,0.9169743862003088
7738,0.8750066626816988
7739,0.8750066626816988
7740,0.8750066626816988
7741,0.9170034900307655
7742,0.8750066626816988
7743,0.9170034900307655
7744,0.9170034900307655
7745,0.9170034900307655
7746,0.9170034900307655
7747,0.9170034900307655
7748,0.9170034900307655
7749,0.9170034900307655
7750,0.9160139597952366
7751,0.9170034900307655
7752,0.9170034900307655
7753,0.9170034900307655
7754,0.9170034900307655
7755,0.8750066626816988
7756,0.9169743862003088
7757,0.9170034900307655
7758,0.9170034900307655
7759,0.9580107871443033
7760,0.9579816833138466
7761,0.9170034900307655
7762,0.9170034900307655
7763,0.9170034900307655
7764,0.9170034900307655
7765,0.9590003173798323
7766,0.8750066626816988
7767,0.8749775588512421
7768,0.8749775588512421
7769,0.9170034900307655
7770,0.9170034900307655
7771,0.9579816833138466
7772,0.9169743862003088
7773,0.9170034900307655
7774,0.9170034900307655
7775,0.9170034900307655
7776,0.8750066626816988
7777,0.9170034900307655
7778,0.9590003173798323
7779,0.9169743862003088
7780,0.9170034900307655
7781,0.9170034900307655
7782,0.8750066626816988
7783,0.9159848559647799
7784,1.00000761449337
7785,0.9160139597952366
7786,0.8750066626816988
7787,0.8749775588512421
7788,0.9170034900307655
7789,0.9170034900307655
7790,0.8750066626816988
7791,0.8750066626816988
7792,0.9580107871443033
7793,0.9160139597952366
7794,0.9579816833138466
7795,0.9159848559647799
7796,0.9580107871443033
7797,0.9580107871443033
7798,0.8750066626816988
7799,0.9170034900307655
7800,0.8750066626816988
7801,0.9160139597952366
7802,0.8750066626816988
7803,0.9169743862003088
7804,0.9580107871443033
7805,0.9160139597952366
7806,0.9579816833138466
7807,0.9590003173798323
7808,0.9170034900307655
7809,0.9170034900307655
7810,0.8749775588512421
7811,0.9159848559647799
7812,0.9160139597952366
7813,0.9580107871443033
7814,0.8750066626816988
7815,0.9170034900307655
7816,0.9170034900307655
7817,0.9170034900307655
7818,0.8749775588512421
7819,0.9580107871443033
7820,0.9580107871443033
7821,0.9159848559647799
7822,0.9159848559647799
7823,0.9160139597952366
7824,0.9580107871443033
7825,0.9579816833138466
7826,0.9169743862003088
7827,0.9590003173798323
7828,0.9170034900307655
7829,0.9170034900307655
7830,0.9159848559647799
7831,0.9160139597952366
7832,0.9160139597952366
7833,0.9170034900307655
7834,0.9170034900307655
7835,0.9170034900307655
7836,0.9170034900307655
7837,0.8749775588512421
7838,0.9590003173798323
7839,0.9170034900307655
7840,0.9170034900307655
7841,0.9169743862003088
7842,0.9170034900307655
7843,0.9170034900307655
7844,0.9170034900307655
7845,0.9170034900307655
7846,0.9580107871443033
7847,0.9160139597952366
7848,0.9580107871443033
7849,0.9170034900307655
7850,0.9170034900307655
7851,0.8750066626816988
7852,0.8750066626816988
7853,0.9169743862003088
7854,0.9590003173798323
7855,0.9170034900307655
7856,0.9590003173798323
7857,0.9170034900307655
7858,0.9170034900307655
7859,0.9170034900307655
7860,0.9169743862003088
7861,0.9170034900307655
7862,0.9580107871443033
7863,0.9160139597952366
7864,0.9159848559647799
7865,0.9580107871443033
7866,0.9580107871443033
7867,0.9160139597952366
7868,0.9579816833138466
7869,0.9170034900307655
7870,0.9590003173798323
7871,0.9170034900307655
7872,0.9170034900307655
7873,0.9170034900307655
7874,0.9170034900307655
7875,0.9580107871443033
7876,0.8750066626816988
7877,0.9580107871443033
7878,0.8750066626816988
7879,0.9170034900307655
7880,0.9170034900307655
7881,0.9580107871443033
7882,0.8750066626816988
7883,0.8749775588512421
7884,0.8750066626816988
7885,0.9160139597952366
7886,0.9160139597952366
7887,0.9159848559647799
7888,0.9159848559647799
7889,0.8750066626816988
7890,0.9170034900307655
7891,0.9170034900307655
7892,0.9170034900307655
7893,0.9170034900307655
7894,0.9580107871443033
7895,0.9170034900307655
7896,0.9170034900307655
7897,0.9170034900307655
7898,0.9580107871443033
7899,0.833999365568161
7900,0.8750066626816988
7901,0.9590003173798323
7902,0.9170034900307655
7903,0.9590003173798323
7904,0.9170034900307655
7905,0.9170034900307655
7906,0.9580107871443033
7907,0.9170034900307655
7908,0.9160139597952366
7909,0.9170034900307655
7910,0.9170034900307655
7911,0.9170034900307655
7912,0.9170034900307655
7913,0.9170034900307655
7914,0.8749775588512421
7915,0.9159848559647799
7916,0.9160139597952366
7917,0.9160139597952366
7918,0.9579816833138466
7919,0.9159848559647799
7920,0.8750066626816988
7921,0.9170034900307655
7922,0.9170034900307655
7923,0.9170034900307655
7924,0.9580107871443033
7925,0.9160139597952366
7926,0.9579816833138466
7927,0.9170034900307655
7928,0.9170034900307655
7929,0.9170034900307655
7930,0.9169743862003088
7931,0.8750066626816988
7932,0.8750066626816988
7933,0.8750066626816988
7934,0.9169743862003088
7935,0.9170034900307655
7936,0.9580107871443033
7937,0.9170034900307655
7938,0.9579816833138466
7939,0.9170034900307655
7940,0.8750066626816988
7941,0.9170034900307655
7942,0.9170034900307655
7943,0.8750066626816988
7944,0.9160139597952366
7945,0.9170034900307655
7946,0.8750066626816988
7947,0.8750066626816988
7948,0.9160139597952366
7949,0.8750066626816988
7950,0.8330098353326321
7951,0.8750066626816988
7952,0.9170034900307655
7953,0.9170034900307655
7954,0.8750066626816988
7955,0.9160139597952366
7956,0.8330098353326321
7957,0.9169743862003088
7958,0.9159848559647799
7959,0.9160139597952366
7960,0.9170034900307655
7961,0.9170034900307655
7962,0.9590003173798323
7963,0.9170034900307655
7964,0.8750066626816988
7965,0.9579816833138466
7966,0.8750066626816988
7967,0.9170034900307655
7968,0.8750066626816988
7969,0.9170034900307655
7970,0.8750066626816988
7971,0.9160139597952366
7972,0.8750066626816988
7973,0.8749775588512421
7974,0.8750066626816988
7975,0.9160139597952366
7976,0.8750066626816988
7977,0.9169743862003088
7978,0.8750066626816988
7979,0.8750066626816988
7980,0.9159848559647799
7981,0.8749775588512421
7982,0.9170034900307655
7983,0.8750066626816988
7984,0.9170034900307655
7985,0.9159848559647799
7986,0.8750066626816988
7987,0.9170034900307655
7988,0.9170034900307655
7989,0.9170034900307655
7990,0.9590003173798323
7991,0.9170034900307655
7992,0.8749775588512421
7993,0.9159848559647799
7994,0.9160139597952366
7995,0.9160139597952366
7996,0.9579816833138466
7997,0.9159848559647799
7998,0.8750066626816988
7999,0.9170034900307655
8000,0.9159848559647799
8001,0.9159848559647799
8002,0.8750066626816988
8003,0.9170034900307655
8004,0.9170034900307655
8005,0.8750066626816988
8006,0.9170034900307655
8007,0.9160139597952366
8008,0.9579816833138466
8009,0.9160139597952366
8010,0.9160139597952366
8011,0.8750066626816988
8012,0.9169743862003088
8013,0.8750066626816988
8014,0.9590003173798323
8015,0.8750066626816988
8016,0.9170034900307655
8017,0.8750066626816988
8018,0.9160139597952366
8019,0.9159848559647799
8020,0.9159848559647799
8021,0.9160139597952366
8022,0.9160139597952366
8023,0.9159848559647799
8024,0.9579816833138466
8025,0.8750066626816988
8026,0.8750066626816988
8027,0.8749775588512421
8028,0.9170034900307655
8029,0.9170034900307655
8030,0.8750066626816988
8031,0.9170034900307655
8032,0.8750066626816988
8033,0.8750066626816988
8034,0.9160139597952366
8035,0.9159848559647799
8036,0.8749775588512421
8037,0.9170034900307655
8038,0.8750066626816988
8039,0.8749775588512421
8040,0.8750066626816988
8041,0.8750066626816988
8042,0.9170034900307655
8043,0.8750066626816988
8044,0.8750066626816988
8045,0.8750066626816988
8046,0.9160139597952366
8047,0.9159848559647799
8048,0.8750066626816988
8049,0.9170034900307655
8050,0.9160139597952366
8051,0.9159848559647799
8052,0.9160139597952366
8053,0.8750066626816988
8054,0.9590003173798323
8055,0.8750066626816988
8056,0.9170034900307655
8057,0.9170034900307655
8058,0.9170034900307655
8059,0.9159848559647799
8060,0.8750066626816988
8061,0.8750066626816988
8062,0.8749775588512421
8063,0.9159848559647799
8064,0.9170034900307655
8065,0.8750066626816988
8066,0.8749775588512421
8067,0.8749775588512421
8068,0.8750066626816988
8069,0.9160139597952366
8070,0.8330098353326321
8071,0.8750066626816988
8072,0.8750066626816988
8073,0.8750066626816988
8074,0.8749775588512421
8075,0.8749775588512421
8076,0.9170034900307655
8077,0.9170034900307655
8078,0.9170034900307655
8079,0.8750066626816988
8080,0.9160139597952366
8081,0.9170034900307655
8082,0.8749775588512421
8083,0.9159848559647799
8084,0.9580107871443033
8085,0.833999365568161
8086,0.9999785106629133
8087,0.9159848559647799
8088,0.9160139597952366
8089,0.8750066626816988
8090,0.8749775588512421
8091,0.9579816833138466
8092,0.8750066626816988
8093,0.8750066626816988
8094,0.8749775588512421
8095,0.8749775588512421
8096,0.9170034900307655
8097,0.8750066626816988
8098,0.9169743862003088
8099,0.9159848559647799
8100,0.8750066626816988
8101,0.8750066626816988
8102,0.9169743862003088
8103,0.9159848559647799
8104,0.9580107871443033
8105,0.9170034900307655
8106,0.8749775588512421
8107,0.9159848559647799
8108,0.9170034900307655
8109,0.8750066626816988
8110,0.833999365568161
8111,0.9170034900307655
8112,0.8750066626816988
8113,0.8750066626816988
8114,0.9170034900307655
8115,0.9170034900307655
8116,0.8750066626816988
8117,0.8750066626816988
8118,0.8750066626816988
8119,0.9590003173798323
8120,0.9590003173798323
8121,0.8750066626816988
8122,0.9170034900307655
8123,0.8750066626816988
8124,0.8750066626816988
8125,0.9170034900307655
8126,0.9170034900307655
8127,0.8750066626816988
8128,0.9160139597952366
8129,0.9579816833138466
8130,0.8749775588512421
8131,0.8750066626816988
8132,0.9170034900307655
8133,0.9159848559647799
8134,0.9159848559647799
8135,0.9170034900307655
8136,0.8750066626816988
8137,0.8750066626816988
8138,0.9579816833138466
8139,0.8750066626816988
8140,0.9170034900307655
8141,0.9170034900307655
8142,0.9579816833138466
8143,0.9160139597952366
8144,0.9170034900307655
8145,0.9170034900307655
8146,0.9170034900307655
8147,0.9170034900307655
8148,0.8750066626816988
8149,0.8750066626816988
8150,0.9170034900307655
8151,0.9160139597952366
8152,0.8750066626816988
8153,0.8749775588512421
8154,0.9170034900307655
8155,0.8750066626816988
8156,0.9160139597952366
8157,0.8750066626816988
8158,0.8750066626816988
8159,0.9160139597952366
8160,0.8750066626816988
8161,0.8749775588512421
8162,0.9159848559647799
8163,0.8750066626816988
8164,0.8750066626816988
8165,0.9170034900307655
8166,0.8330098353326321
8167,0.9160139597952366
8168,0.9170034900307655
8169,0.833999365568161
8170,0.9170034900307655
8171,0.9170034900307655
8172,0.9590003173798323
8173,0.9169743862003088
8174,0.9170034900307655
8175,0.9170034900307655
8176,3.083987394347787
8177,1.0420044418424368
8178,0.9579816833138466
8179,0.9159848559647799
8180,0.9170034900307655
8181,0.8330098353326321
8182,0.8330098353326321
8183,0.8750066626816988
8184,0.9160139597952366
8185,0.9160139597952366
8186,1.00000761449337
8187,0.9160139597952366
8188,0.8750066626816988
8189,0.9170034900307655
8190,0.8750066626816988
8191,0.8750066626816988
8192,0.9170034900307655
8193,0.8749775588512421
8194,0.8750066626816988
8195,0.8750066626816988
8196,0.9170034900307655
8197,0.9579816833138466
8198,0.9170034900307655
8199,0.8750066626816988
8200,0.9170034900307655
8201,0.8750066626816988
8202,0.9160139597952366
8203,0.8750066626816988
8204,0.9170034900307655
8205,0.8750066626816988
8206,0.9160139597952366
8207,0.9170034900307655
8208,0.8750066626816988
8209,0.9159848559647799
8210,0.9170034900307655
8211,0.9170034900307655
8212,0.9170034900307655
8213,0.8750066626816988
8214,0.9580107871443033
8215,0.8750066626816988
8216,0.9579816833138466
8217,0.8749775588512421
8218,0.8750066626816988
8219,0.8750066626816988
8220,0.8750066626816988
8221,0.8749775588512421
8222,0.9170034900307655
8223,0.9160139597952366
8224,0.9170034900307655
8225,0.8749775588512421
8226,0.8750066626816988
8227,0.9160139597952366
8228,0.8750066626816988
8229,0.8750066626816988
8230,0.8750066626816988
8231,0.8750066626816988
8232,0.8750066626816988
8233,0.9159848559647799
8234,0.9160139597952366
8235,0.9170034900307655
8236,0.8749775588512421
8237,0.8749775588512421
8238,0.8750066626816988
8239,0.9170034900307655
8240,0.9999785106629133
8241,0.9580107871443033
8242,0.9580107871443033
8243,0.8750066626816988
8244,0.8749775588512421
8245,0.9170034900307655
8246,0.833999365568161
8247,0.9170034900307655
8248,0.9169743862003088
8249,0.9159848559647799
8250,0.8750066626816988
8251,0.8330098353326321
8252,0.9159848559647799
8253,0.8750066626816988
8254,0.833999365568161
8255,0.9170034900307655
8256,0.9170034900307655
8257,0.8750066626816988
8258,0.8750066626816988
8259,0.8750066626816988
8260,0.833999365568161
8261,0.9170034900307655
8262,0.8750066626816988
8263,0.9160139597952366
8264,0.9579816833138466
8265,0.9159848559647799
8266,0.8330098353326321
8267,0.9170034900307655
8268,0.9169743862003088
8269,0.8750066626816988
8270,0.9160139597952366
8271,0.8330098353326321
8272,0.9159848559647799
8273,0.9170034900307655
8274,0.8330098353326321
8275,0.8750066626816988
8276,0.8329807315021753
8277,0.8749775588512421
8278,0.8330098353326321
8279,0.8750066626816988
8280,0.833999365568161
8281,0.8750066626816988
8282,0.833999365568161
8283,0.9170034900307655
8284,0.9590003173798323
8285,0.9170034900307655
8286,0.9170034900307655
8287,0.8750066626816988
8288,0.9170034900307655
8289,0.9170034900307655
8290,0.8750066626816988
8291,0.8750066626816988
8292,0.8749775588512421
8293,0.9159848559647799
8294,0.8750066626816988
8295,0.8750066626816988
8296,0.8749775588512421
8297,0.9170034900307655
8298,0.8750066626816988
8299,0.9170034900307655
8300,0.8750066626816988
8301,0.8750066626816988
8302,0.9170034900307655
8303,0.9160139597952366
8304,0.8750066626816988
8305,0.8750066626816988
8306,0.9580107871443033
8307,0.8750066626816988
8308,0.8329807315021753
8309,0.9170034900307655
8310,0.833999365568161
8311,0.9170034900307655
8312,0.8750066626816988
8313,0.8330098353326321
8314,1.00000761449337
8315,0.9170034900307655
8316,0.8749775588512421
8317,0.8750066626816988
8318,0.8750066626816988
8319,0.9170034900307655
8320,0.9170034900307655
8321,0.9170034900307655
8322,0.9170034900307655
8323,0.9170034900307655
8324,0.8750066626816988
8325,0.9170034900307655
8326,0.8750066626816988
8327,0.9159848559647799
8328,0.9169743862003088
8329,0.9170034900307655
8330,0.9170034900307655
8331,0.9170034900307655
8332,0.8749775588512421
8333,0.9170034900307655
8334,0.9160139597952366
8335,0.8750066626816988
8336,0.8329807315021753
8337,0.8750066626816988
8338,0.8330098353326321
8339,0.8750066626816988
8340,0.8749775588512421
8341,0.833999365568161
8342,0.8750066626816988
8343,0.8749775588512421
8344,0.8749775588512421
8345,0.8750066626816988
8346,0.8750066626816988
8347,0.9170034900307655
8348,0.8750066626816988
8349,0.8750066626816988
8350,0.8750066626816988
8351,0.9159848559647799
8352,0.8749775588512421
8353,0.9170034900307655
8354,0.8750066626816988
8355,0.9170034900307655
8356,0.9170034900307655
8357,0.9160139597952366
8358,0.9160139597952366
8359,0.9170034900307655
8360,0.9170034900307655
8361,0.9170034900307655
8362,0.8750066626816988
8363,0.9159848559647799
8364,0.8749775588512421
8365,0.9590003173798323
8366,0.9170034900307655
8367,0.9170034900307655
8368,0.9170034900307655
8369,0.8750066626816988
8370,0.9170034900307655
8371,0.8749775588512421
8372,0.8750066626816988
8373,0.8750066626816988
8374,0.9170034900307655
8375,0.9169743862003088
8376,0.8750066626816988
8377,0.9170034900307655
8378,0.8750066626816988
8379,0.8749775588512421
8380,0.9170034900307655
8381,0.9170034900307655
8382,0.8750066626816988
8383,0.8749775588512421
8384,0.8329807315021753
8385,0.8750066626816988
8386,0.9580107871443033
8387,0.9159848559647799
8388,0.9579816833138466
8389,0.8750066626816988
8390,0.8750066626816988
8391,0.9170034900307655
8392,0.9170034900307655
8393,0.9170034900307655
8394,0.9160139597952366
8395,0.9170034900307655
8396,0.9170034900307655
8397,0.9160139597952366
8398,0.9580107871443033
8399,0.9159848559647799
8400,0.8750066626816988
8401,0.9590003173798323
8402,0.9999785106629133
8403,0.9169743862003088
8404,0.9170034900307655
8405,0.8750066626816988
8406,0.8750066626816988
8407,0.9169743862003088
8408,0.9170034900307655
8409,0.9170034900307655
8410,0.9170034900307655
8411,0.9159848559647799
8412,0.8750066626816988
8413,0.9590003173798323
8414,0.9170034900307655
8415,0.9170034900307655
8416,0.9170034900307655
8417,0.9170034900307655
8418,0.9169743862003088
8419,0.9159848559647799
8420,0.8750066626816988
8421,0.9170034900307655
8422,0.9170034900307655
8423,0.9170034900307655
8424,0.9170034900307655
8425,0.8750066626816988
8426,0.8749775588512421
8427,0.9159848559647799
8428,0.9160139597952366
8429,0.8750066626816988
8430,0.9169743862003088
8431,0.9170034900307655
8432,0.9160139597952366
8433,0.9580107871443033
8434,0.9170034900307655
8435,0.9580107871443033
8436,0.9160139597952366
8437,0.9159848559647799
8438,0.8749775588512421
8439,0.9170034900307655
8440,0.9170034900307655
8441,0.9170034900307655
8442,0.8750066626816988
8443,0.9160139597952366
8444,0.8750066626816988
8445,0.9170034900307655
8446,0.9170034900307655
8447,0.9170034900307655
8448,0.9170034900307655
8449,0.9169743862003088
8450,0.9159848559647799
8451,0.8750066626816988
8452,0.9170034900307655
8453,0.9170034900307655
8454,0.9170034900307655
8455,0.8750066626816988
8456,0.9170034900307655
8457,0.9579816833138466
8458,0.9579816833138466
8459,0.9170034900307655
8460,0.9170034900307655
8461,0.9170034900307655
8462,0.8750066626816988
8463,0.9580107871443033
8464,0.8749775588512421
8465,0.9159848559647799
8466,0.9160139597952366
8467,0.9580107871443033
8468,0.9170034900307655
8469,0.9169743862003088
8470,1.00000761449337
8471,0.9580107871443033
8472,0.9579816833138466
8473,0.9159848559647799
8474,0.9580107871443033
8475,0.9170034900307655
8476,0.9170034900307655
8477,0.9170034900307655
8478,0.9170034900307655
8479,0.9170034900307655
8480,0.9169743862003088
8481,0.8750066626816988
8482,0.9160139597952366
8483,0.8750066626816988
8484,0.9169743862003088
8485,0.9159848559647799
8486,0.9580107871443033
8487,0.9170034900307655
8488,0.9159848559647799
8489,0.9160139597952366
8490,0.8750066626816988
8491,0.8750066626816988
8492,0.8749775588512421
8493,0.8750066626816988
8494,1.00000761449337
8495,0.9170034900307655
8496,0.9170034900307655
8497,0.8750066626816988
8498,0.8750066626816988
8499,0.9170034900307655
8500,0.9170034900307655
8501,0.8750066626816988
8502,0.8750066626816988
8503,0.8750066626816988
8504,0.9170034900307655
8505,0.8750066626816988
8506,0.9160139597952366
8507,0.9170034900307655
8508,0.9169743862003088
8509,0.9170034900307655
8510,0.9580107871443033
8511,0.9159848559647799
8512,0.8329807315021753
8513,0.9170034900307655
8514,0.8750066626816988
8515,0.8750066626816988
8516,0.8750066626816988
8517,0.8750066626816988
8518,0.8750066626816988
8519,0.9170034900307655
8520,0.8750066626816988
8521,0.8750066626816988
8522,1.00000761449337
8523,0.9159848559647799
8524,0.9170034900307655
8525,0.8750066626816988
8526,0.9170034900307655
8527,0.8749775588512421
8528,0.8749775588512421
8529,0.9170034900307655
8530,0.8750066626816988
8531,0.9169743862003088
8532,0.9170034900307655
8533,0.9160139597952366
8534,0.8750066626816988
8535,0.9590003173798323
8536,0.8330098353326321
8537,0.9160139597952366
8538,0.8330098353326321
8539,0.8749775588512421
8540,0.9159848559647799
8541,0.8750066626816988
8542,0.8750066626816988
8543,0.8749775588512421
8544,0.8749775588512421
8545,0.8750066626816988
8546,0.8750066626816988
8547,0.8750066626816988
8548,0.8750066626816988
8549,0.8750066626816988
8550,0.8750066626816988
8551,0.8749775588512421
8552,0.8750066626816988
8553,0.9160139597952366
8554,0.9170034900307655
8555,0.8749775588512421
8556,0.8749775588512421
8557,0.8750066626816988
8558,0.8750066626816988
8559,0.8750066626816988
8560,0.8330098353326321
8561,0.9160139597952366
8562,0.8750066626816988
8563,0.8749775588512421
8564,0.8750066626816988
8565,0.8750066626816988
8566,0.8330098353326321
8567,0.9159848559647799
8568,0.9170034900307655
8569,0.8750066626816988
8570,0.8750066626816988
8571,0.9159848559647799
8572,0.8750066626816988
8573,0.9170034900307655
8574,0.9170034900307655
8575,0.8750066626816988
8576,0.8330098353326321
8577,0.8750066626816988
8578,0.9159848559647799
8579,0.8749775588512421
8580,0.9580107871443033
8581,0.8750066626816988
8582,0.9170034900307655
8583,0.9170034900307655
8584,0.9170034900307655
8585,0.8750066626816988
8586,0.8750066626816988
8587,0.9999785106629133
8588,0.9170034900307655
8589,0.8750066626816988
8590,0.8750066626816988
8591,0.8749775588512421
8592,1.00000761449337
8593,0.9160139597952366
8594,0.8749775588512421
8595,0.9170034900307655
8596,0.9160139597952366
8597,0.8750066626816988
8598,0.8749775588512421
8599,1.00000761449337
8600,0.8750066626816988
8601,0.8750066626816988
8602,0.9169743862003088
8603,0.9579816833138466
8604,0.833999365568161
8605,1.0420044418424368
8606,0.9169743862003088
8607,0.9170034900307655
8608,0.8750066626816988
8609,0.9159848559647799
8610,0.9999785106629133
8611,0.8750066626816988
8612,0.8750066626816988
8613,0.9159848559647799
8614,0.8749775588512421
8615,0.8750066626816988
8616,1.00000761449337
8617,0.9170034900307655
8618,0.9169743862003088
8619,0.9580107871443033
8620,0.9160139597952366
8621,0.9170034900307655
8622,0.9580107871443033
8623,0.9170034900307655
8624,0.8750066626816988
8625,1.04197533801198
8626,0.8749775588512421
8627,0.9170034900307655
8628,0.9170034900307655
8629,1.1249794624745846
8630,0.8750066626816988
8631,0.9170034900307655
8632,0.8749775588512421
8633,0.8749775588512421
8634,0.9170034900307655
8635,0.9170034900307655
8636,0.8750066626816988
8637,0.9170034900307655
8638,0.9160139597952366
8639,0.9170034900307655
8640,0.9590003173798323
8641,0.9170034900307655
8642,0.8750066626816988
8643,0.9160139597952366
8644,0.8750066626816988
8645,0.8749775588512421
8646,0.9170034900307655
8647,0.8750066626816988
8648,0.8750066626816988
8649,0.9170034900307655
8650,0.9160139597952366
8651,0.9170034900307655
8652,0.9170034900307655
8653,0.9170034900307655
8654,0.9170034900307655
8655,0.9170034900307655
8656,0.8749775588512421
8657,0.9580107871443033
8658,0.9170034900307655
8659,0.8750066626816988
8660,0.8749775588512421
8661,0.9159848559647799
8662,0.8750066626816988
8663,0.9170034900307655
8664,0.8749775588512421
8665,0.9170034900307655
8666,0.8750066626816988
8667,0.9160139597952366
8668,0.8329807315021753
8669,0.9170034900307655
8670,0.9160139597952366
8671,0.9170034900307655
8672,0.8749775588512421
8673,0.9579816833138466
8674,0.9170034900307655
8675,0.9160139597952366
8676,0.9159848559647799
8677,0.9160139597952366
8678,1.00000761449337
8679,0.9170034900307655
8680,0.9590003173798323
8681,0.9170034900307655
8682,0.8750066626816988
8683,0.9170034900307655
8684,0.8750066626816988
8685,0.9160139597952366
8686,0.8750066626816988
8687,0.8750066626816988
8688,0.9590003173798323
8689,0.9170034900307655
8690,0.9170034900307655
8691,0.9170034900307655
8692,0.8750066626816988
8693,0.9170034900307655
8694,0.9580107871443033
8695,0.9169743862003088
8696,0.9590003173798323
8697,0.9170034900307655
8698,0.9169743862003088
8699,0.9170034900307655
8700,0.9170034900307655
8701,0.8749775588512421
8702,0.9159848559647799
8703,0.9580107871443033
8704,0.9170034900307655
8705,0.9170034900307655
8706,0.9579816833138466
8707,0.9170034900307655
8708,0.9170034900307655
8709,0.9169743862003088
8710,0.9170034900307655
8711,0.9160139597952366
8712,0.9580107871443033
8713,0.9159848559647799
8714,0.9159848559647799
8715,0.9160139597952366
8716,0.9160139597952366
8717,0.9159848559647799
8718,0.9170034900307655
8719,0.8750066626816988
8720,0.9170034900307655
8721,0.9159848559647799
8722,0.9170034900307655
8723,0.8750066626816988
8724,0.8750066626816988
8725,0.9159848559647799
8726,0.8750066626816988
8727,0.9160139597952366
8728,0.9160139597952366
8729,0.9579816833138466
8730,0.9170034900307655
8731,0.9170034900307655
8732,0.9170034900307655
8733,0.9159848559647799
8734,0.9160139597952366
8735,0.9170034900307655
8736,0.9170034900307655
8737,0.9170034900307655
8738,0.9590003173798323
8739,0.8750066626816988
8740,0.8749775588512421
8741,0.9159848559647799
8742,0.9160139597952366
8743,0.9160139597952366
8744,0.9159848559647799
8745,0.9579816833138466
8746,0.9160139597952366
8747,0.9160139597952366
8748,0.9579816833138466
8749,0.9170034900307655
8750,0.9580107871443033
8751,0.9170034900307655
8752,0.9170034900307655
8753,0.8750066626816988
8754,0.9170034900307655
8755,0.8750066626816988
8756,0.9579816833138466
8757,0.9159848559647799
8758,0.9160139597952366
8759,0.8750066626816988
8760,0.8749775588512421
8761,0.8750066626816988
8762,0.9160139597952366
8763,0.9170034900307655
8764,0.9170034900307655
8765,0.9160139597952366
8766,0.9580107871443033
8767,1.00000761449337
8768,0.9590003173798323
8769,0.9170034900307655
8770,0.9170034900307655
8771,0.9159848559647799
8772,0.9159848559647799
8773,1.00000761449337
8774,0.9170034900307655
8775,0.9590003173798323
8776,0.8750066626816988
8777,0.9170034900307655
8778,0.9170034900307655
8779,0.8749775588512421
8780,0.9170034900307655
8781,0.8750066626816988
8782,1.00000761449337
8783,0.8750066626816988
8784,0.8750066626816988
8785,0.9170034900307655
8786,0.9170034900307655
8787,0.9159848559647799
8788,0.9580107871443033
8789,0.8750066626816988
8790,0.8750066626816988
8791,0.9170034900307655
8792,0.8750066626816988
8793,0.9170034900307655
8794,0.8750066626816988
8795,0.8749775588512421
8796,0.8750066626816988
8797,0.8750066626816988
8798,0.9159848559647799
8799,0.8749775588512421
8800,0.8750066626816988
8801,0.9170034900307655
8802,0.9159848559647799
8803,0.8749775588512421
8804,0.9170034900307655
8805,0.9170034900307655
8806,0.9999785106629133
8807,0.9159848559647799
8808,0.9170034900307655
8809,0.9170034900307655
8810,0.8749775588512421
8811,0.8749775588512421
8812,0.9170034900307655
8813,0.9590003173798323
8814,0.8749775588512421
8815,0.9159848559647799
8816,0.9170034900307655
8817,0.9590003173798323
8818,0.8750066626816988
8819,0.9590003173798323
8820,0.9170034900307655
8821,0.9170034900307655
8822,0.8749775588512421
8823,0.9579816833138466
8824,0.8750066626816988
8825,0.9170034900307655
8826,0.9170034900307655
8827,0.9170034900307655
8828,0.9160139597952366
8829,0.9160139597952366
8830,0.9579816833138466
8831,0.9159848559647799
8832,0.9580107871443033
8833,0.8750066626816988
8834,0.9579816833138466
8835,0.8750066626816988
8836,0.8750066626816988
8837,0.9170034900307655
8838,0.9169743862003088
8839,0.8750066626816988
8840,0.9170034900307655
8841,0.9159848559647799
8842,0.9169743862003088
8843,0.9170034900307655
8844,0.9170034900307655
8845,0.8749775588512421
8846,0.9159848559647799
8847,0.8750066626816988
8848,0.9170034900307655
8849,0.9170034900307655
8850,0.9170034900307655
8851,0.9160139597952366
8852,0.9580107871443033
8853,0.9159848559647799
8854,0.9159848559647799
8855,0.9160139597952366
8856,0.9160139597952366
8857,0.8750066626816988
8858,0.9580107871443033
8859,0.9160139597952366
8860,0.9160139597952366
8861,0.8750066626816988
8862,0.8750066626816988
8863,0.8750066626816988
8864,0.9580107871443033
8865,0.9159848559647799
8866,0.9160139597952366
8867,0.9170034900307655
8868,0.8750066626816988
8869,0.9170034900307655
8870,0.9170034900307655
8871,0.9170034900307655
8872,0.9170034900307655
8873,0.9170034900307655
8874,0.833999365568161
8875,0.8750066626816988
8876,0.9170034900307655
8877,0.8750066626816988
8878,0.8750066626816988
8879,0.9170034900307655
8880,0.9170034900307655
8881,0.9579816833138466
8882,0.8750066626816988
8883,0.9170034900307655
8884,0.8750066626816988
8885,0.9170034900307655
8886,0.9170034900307655
8887,0.9170034900307655
8888,0.8749775588512421
8889,13.290991773828864
8890,0.9160139597952366
8891,0.9159848559647799
8892,0.9159848559647799
8893,0.8750066626816988
8894,0.8750066626816988
8895,0.9170034900307655
8896,0.8330098353326321
8897,0.8750066626816988
8898,0.9170034900307655
8899,0.9170034900307655
8900,1.00000761449337
8901,0.9160139597952366
8902,0.8750066626816988
8903,0.9170034900307655
8904,0.9170034900307655
8905,0.9170034900307655
8906,0.9170034900307655
8907,0.9170034900307655
8908,0.8750066626816988
8909,0.8750066626816988
8910,0.9170034900307655
8911,0.9170034900307655
8912,0.9170034900307655
8913,0.9170034900307655
8914,0.9170034900307655
8915,0.9590003173798323
8916,0.9590003173798323
8917,0.9170034900307655
8918,0.9170034900307655
8919,0.9159848559647799
8920,0.8750066626816988
8921,0.9170034900307655
8922,0.9159848559647799
8923,0.8749775588512421
8924,0.8750066626816988
8925,0.9170034900307655
8926,0.8750066626816988
8927,0.8750066626816988
8928,0.8750066626816988
8929,0.8750066626816988
8930,0.8749775588512421
8931,0.9159848559647799
8932,0.9170034900307655
8933,0.9170034900307655
8934,0.9159848559647799
8935,0.9159848559647799
8936,0.9170034900307655
8937,0.9170034900307655
8938,0.9169743862003088
8939,0.9159848559647799
8940,0.8750066626816988
8941,0.8750066626816988
8942,0.8749775588512421
8943,0.8750066626816988
8944,0.833999365568161
8945,0.9170034900307655
8946,0.8749775588512421
8947,0.9159848559647799
8948,0.9160139597952366
8949,0.9160139597952366
8950,0.8749775588512421
8951,0.9170034900307655
8952,0.9160139597952366
8953,0.9160139597952366
8954,0.9170034900307655
8955,0.8750066626816988
8956,0.8750066626816988
8957,0.9170034900307655
8958,0.9169743862003088
8959,0.8750066626816988
8960,0.8750066626816988
8961,0.8750066626816988
8962,0.9169743862003088
8963,0.8750066626816988
8964,0.9160139597952366
8965,0.9160139597952366
8966,0.8750066626816988
8967,0.8330098353326321
8968,0.8750066626816988
8969,0.8750066626816988
8970,0.9999785106629133
8971,0.9160139597952366
8972,0.9160139597952366
8973,0.9170034900307655
8974,0.8749775588512421
8975,0.9160139597952366
8976,1.00000761449337
8977,0.9170034900307655
8978,0.9170034900307655
8979,0.9160139597952366
8980,0.9170034900307655
8981,0.9170034900307655
8982,0.9170034900307655
8983,0.9160139597952366
8984,0.9170034900307655
8985,0.8750066626816988
8986,0.9170034900307655
8987,0.8750066626816988
8988,0.8330098353326321
8989,0.8749775588512421
8990,0.9159848559647799
8991,0.9170034900307655
8992,0.9170034900307655
8993,0.8750066626816988
8994,0.9170034900307655
8995,0.9160139597952366
8996,0.9160139597952366
8997,0.9170034900307655
8998,0.9170034900307655
8999,0.9170034900307655
9000,0.8750066626816988
9001,0.9170034900307655
9002,0.9170034900307655
9003,0.9160139597952366
9004,0.8750066626816988
9005,0.8749775588512421
9006,0.9590003173798323
9007,0.8750066626816988
9008,0.8750066626816988
9009,0.9170034900307655
9010,0.8330098353326321
9011,0.9160139597952366
9012,9.042007150128484
9013,0.9590003173798323
9014,0.9170034900307655
9015,0.9160139597952366
9016,0.9580107871443033
9017,0.9170034900307655
9018,0.9160139597952366
9019,0.9580107871443033
9020,0.9159848559647799
9021,0.9159848559647799
9022,0.9170034900307655
9023,0.9170034900307655
9024,0.8749775588512421
9025,0.8750066626816988
9026,0.8750066626816988
9027,0.9170034900307655
9028,0.8749775588512421
9029,0.8750066626816988
9030,0.9580107871443033
9031,0.8750066626816988
9032,0.9159848559647799
9033,0.8749775588512421
9034,0.9170034900307655
9035,0.8750066626816988
9036,0.8749775588512421
9037,0.8749775588512421
9038,0.9580107871443033
9039,0.9170034900307655
9040,0.9170034900307655
9041,0.8750066626816988
9042,0.9580107871443033
9043,0.8750066626816988
9044,0.8749775588512421
9045,0.9590003173798323
9046,0.8750066626816988
9047,0.9170034900307655
9048,0.8750066626816988
9049,0.9160139597952366
9050,1.00000761449337
9051,0.9170034900307655
9052,0.9579816833138466
9053,0.9170034900307655
9054,0.833999365568161
9055,0.9579816833138466
9056,0.8749775588512421
9057,0.9170034900307655
9058,0.8750066626816988
9059,0.9170034900307655
9060,0.9170034900307655
9061,0.8750066626816988
9062,0.8750066626816988
9063,0.8749775588512421
9064,0.9159848559647799
9065,0.9160139597952366
9066,0.9170034900307655
9067,0.8749775588512421
9068,0.9170034900307655
9069,0.8750066626816988
9070,0.9160139597952366
9071,0.9170034900307655
9072,0.8750066626816988
9073,0.9170034900307655
9074,0.9170034900307655
9075,0.9579816833138466
9076,0.8749775588512421
9077,0.9170034900307655
9078,0.9590003173798323
9079,0.9170034900307655
9080,0.9170034900307655
9081,0.9160139597952366
9082,0.8750066626816988
9083,0.9170034900307655
9084,0.8750066626816988
9085,0.9160139597952366
9086,0.9580107871443033
9087,0.9579816833138466
9088,0.8750066626816988
9089,0.9160139597952366
9090,0.9170034900307655
9091,0.9169743862003088
9092,0.9580107871443033
9093,0.8750066626816988
9094,0.9170034900307655
9095,0.9169743862003088
9096,0.8750066626816988
9097,0.9160139597952366
9098,0.9159848559647799
9099,0.9169743862003088
9100,0.9170034900307655
9101,0.8750066626816988
9102,0.8750066626816988
9103,0.9169743862003088
9104,0.9170034900307655
9105,0.9160139597952366
9106,0.9159848559647799
9107,0.8749775588512421
9108,0.8750066626816988
9109,0.9170034900307655
9110,0.8749775588512421
9111,0.9159848559647799
9112,0.8750066626816988
9113,0.8750066626816988
9114,0.9579816833138466
9115,0.9170034900307655
9116,0.8750066626816988
9117,0.9580107871443033
9118,0.9169743862003088
9119,0.9170034900307655
9120,0.9170034900307655
9121,0.9160139597952366
9122,0.9159848559647799
9123,0.9160139597952366
9124,0.9580107871443033
9125,0.8750066626816988
9126,0.9169743862003088
9127,0.8750066626816988
9128,0.8750066626816988
9129,0.9159848559647799
9130,0.8749775588512421
9131,0.8750066626816988
9132,0.9590003173798323
9133,0.8750066626816988
9134,1.00000761449337
9135,0.9160139597952366
9136,0.8750066626816988
9137,0.9159848559647799
9138,0.9579816833138466
9139,0.9170034900307655
9140,0.9580107871443033
9141,0.9169743862003088
9142,0.8750066626816988
9143,0.9160139597952366
9144,0.9170034900307655
9145,0.8749775588512421
9146,0.8750066626816988
9147,1.00000761449337
9148,0.8750066626816988
9149,0.9579816833138466
9150,0.8750066626816988
9151,0.8750066626816988
9152,0.8750066626816988
9153,0.9170034900307655
9154,0.8750066626816988
9155,0.9160139597952366
9156,0.8750066626816988
9157,0.9169743862003088
9158,0.8750066626816988
9159,0.9170034900307655
9160,0.9170034900307655
9161,0.9999785106629133
9162,0.9170034900307655
9163,0.9170034900307655
9164,0.8750066626816988
9165,0.9590003173798323
9166,0.9170034900307655
9167,0.9590003173798323
9168,0.8749775588512421
9169,0.9159848559647799
9170,0.8750066626816988
9171,0.9170034900307655
9172,0.9170034900307655
9173,0.9590003173798323
9174,0.8750066626816988
9175,0.9170034900307655
9176,0.9169743862003088
9177,0.9170034900307655
9178,0.8750066626816988
9179,0.9170034900307655
9180,0.9169743862003088
9181,0.9580107871443033
9182,0.9170034900307655
9183,0.9170034900307655
9184,0.8750066626816988
9185,0.9580107871443033
9186,0.8750066626816988
9187,0.9170034900307655
9188,0.9170034900307655
9189,0.9170034900307655
9190,0.9170034900307655
9191,0.9170034900307655
9192,0.8749775588512421
9193,0.8750066626816988
9194,0.9170034900307655
9195,0.9580107871443033
9196,0.9170034900307655
9197,0.9170034900307655
9198,0.9590003173798323
9199,0.9170034900307655
9200,0.8750066626816988
9201,0.9590003173798323
9202,1.0420044418424368
9203,0.9579816833138466
9204,0.9159848559647799
9205,0.8750066626816988
9206,1.0420044418424368
9207,0.9170034900307655
9208,0.9170034900307655
9209,0.8750066626816988
9210,0.9170034900307655
9211,0.9590003173798323
9212,0.9170034900307655
9213,0.9170034900307655
9214,0.8749775588512421
9215,0.833999365568161
9216,0.9580107871443033
9217,0.9580107871443033
9218,0.9590003173798323
9219,0.9170034900307655
9220,0.8750066626816988
9221,0.9169743862003088
9222,0.9579816833138466
9223,1.00000761449337
9224,0.8750066626816988
9225,0.8749775588512421
9226,0.9159848559647799
9227,0.9160139597952366
9228,0.9160139597952366
9229,0.9159848559647799
9230,0.9580107871443033
9231,0.9160139597952366
9232,0.8750066626816988
9233,0.9169743862003088
9234,0.9170034900307655
9235,0.8750066626816988
9236,0.9590003173798323
9237,0.9169743862003088
9238,0.9170034900307655
9239,0.9170034900307655
9240,0.9159848559647799
9241,0.9169743862003088
9242,0.9170034900307655
9243,0.9170034900307655
9244,0.9170034900307655
9245,0.9170034900307655
9246,0.9170034900307655
9247,0.8750066626816988
9248,0.8750066626816988
9249,0.9170034900307655
9250,0.9170034900307655
9251,0.9160139597952366
9252,0.9159848559647799
9253,0.9159848559647799
9254,0.9170034900307655
9255,0.9170034900307655
9256,0.8749775588512421
9257,0.9159848559647799
9258,0.9160139597952366
9259,0.9160139597952366
9260,0.9159848559647799
9261,0.9159848559647799
9262,0.9170034900307655
9263,0.9170034900307655
9264,0.8749775588512421
9265,0.9170034900307655
9266,0.9170034900307655
9267,0.9170034900307655
9268,0.9590003173798323
9269,0.9170034900307655
9270,0.9170034900307655
9271,0.9159848559647799
9272,0.9159848559647799
9273,0.9580107871443033
9274,0.9160139597952366
9275,0.8750066626816988
9276,0.9579816833138466
9277,0.9170034900307655
9278,0.9170034900307655
9279,0.9170034900307655
9280,0.9170034900307655
9281,0.9170034900307655
9282,0.9170034900307655
9283,0.9170034900307655
9284,0.8750066626816988
9285,0.8750066626816988
9286,0.9160139597952366
9287,0.9159848559647799
9288,0.9159848559647799
9289,0.9160139597952366
9290,0.8750066626816988
9291,0.9589712135493755
9292,0.9590003173798323
9293,0.9580107871443033
9294,0.8750066626816988
9295,0.9579816833138466
9296,0.9160139597952366
9297,0.9170034900307655
9298,0.9590003173798323
9299,0.9170034900307655
9300,0.9160139597952366
9301,0.9160139597952366
9302,0.9580107871443033
9303,0.9159848559647799
9304,0.8750066626816988
9305,0.9170034900307655
9306,0.9169743862003088
9307,0.9170034900307655
9308,0.9160139597952366
9309,0.8750066626816988
9310,0.9170034900307655
9311,0.9170034900307655
9312,0.9170034900307655
9313,0.9170034900307655
9314,0.9169743862003088
9315,0.9159848559647799
9316,0.9170034900307655
9317,0.8750066626816988
9318,0.9169743862003088
9319,0.9159848559647799
9320,0.8750066626816988
9321,0.9170034900307655
9322,0.9170034900307655
9323,0.9170034900307655
9324,0.8750066626816988
9325,0.8750066626816988
9326,0.9169743862003088
9327,0.9170034900307655
9328,0.8750066626816988
9329,0.8750066626816988
9330,0.8749775588512421
9331,0.8750066626816988
9332,0.8750066626816988
9333,0.8750066626816988
9334,0.8750066626816988
9335,0.8750066626816988
9336,0.8750066626816988
9337,0.8749775588512421
9338,0.8749775588512421
9339,0.8750066626816988
9340,0.8750066626816988
9341,0.9170034900307655
9342,0.8750066626816988
9343,0.8750066626816988
9344,0.8750066626816988
9345,0.8750066626816988
9346,0.8749775588512421
9347,0.8750066626816988
9348,0.833999365568161
9349,0.9170034900307655
9350,0.8750066626816988
9351,0.8750066626816988
9352,0.8750066626816988
9353,0.9160139597952366
9354,0.8749775588512421
9355,0.8750066626816988
9356,0.8750066626816988
9357,0.8750066626816988
9358,0.8750066626816988
9359,0.8750066626816988
9360,0.8750066626816988
9361,0.9170034900307655
9362,0.9169743862003088
9363,0.9170034900307655
9364,0.8750066626816988
9365,0.9170034900307655
9366,0.9169743862003088
9367,0.9170034900307655
9368,0.9170034900307655
9369,0.9159848559647799
9370,0.8749775588512421
9371,0.8330098353326321
9372,0.9170034900307655
9373,0.9579816833138466
9374,0.9169743862003088
9375,0.9170034900307655
9376,0.9170034900307655
9377,0.9159848559647799
9378,0.9169743862003088
9379,0.9170034900307655
9380,0.9170034900307655
9381,0.9159848559647799
9382,0.9579816833138466
9383,0.9160139597952366
9384,0.9160139597952366
9385,0.9159848559647799
9386,0.9169743862003088
9387,0.8750066626816988
9388,0.9170034900307655
9389,0.9169743862003088
9390,0.8750066626816988
9391,0.8750066626816988
9392,0.9170034900307655
9393,0.9170034900307655
9394,0.9170034900307655
9395,0.8750066626816988
9396,0.9160139597952366
9397,0.8750066626816988
9398,0.8750066626816988
9399,0.9170034900307655
9400,0.8750066626816988
9401,0.9170034900307655
9402,0.9170034900307655
9403,0.9170034900307655
9404,0.9170034900307655
9405,0.8749775588512421
9406,0.8749775588512421
9407,0.8330098353326321
9408,0.9580107871443033
9409,0.9579816833138466
9410,0.8750066626816988
9411,0.9160139597952366
9412,0.9159848559647799
9413,0.9169743862003088
9414,0.8750066626816988
9415,0.9160139597952366
9416,0.8750066626816988
9417,0.8749775588512421
9418,0.8750066626816988
9419,0.9160139597952366
9420,0.9159848559647799
9421,0.8749775588512421
9422,0.8750066626816988
9423,0.9170034900307655
9424,0.9590003173798323
9425,0.9170034900307655
9426,0.8750066626816988
9427,0.8750066626816988
9428,0.8750066626816988
9429,0.8750066626816988
9430,0.8750066626816988
9431,0.9170034900307655
9432,0.8749775588512421
9433,0.9579816833138466
9434,0.8750066626816988
9435,0.8750066626816988
9436,0.9159848559647799
9437,0.9169743862003088
9438,0.9170034900307655
9439,0.8750066626816988
9440,0.9170034900307655
9441,0.9159848559647799
9442,0.9160139597952366
9443,0.9170034900307655
9444,0.8749775588512421
9445,0.9159848559647799
9446,0.9170034900307655
9447,0.8750066626816988
9448,0.8749775588512421
9449,0.8749775588512421
9450,0.8750066626816988
9451,0.9160139597952366
9452,0.8750066626816988
9453,0.8749775588512421
9454,0.8750066626816988
9455,0.9170034900307655
9456,0.8750066626816988
9457,0.9159848559647799
9458,0.8750066626816988
9459,0.9590003173798323
9460,0.9170034900307655
9461,0.9170034900307655
9462,0.9580107871443033
9463,0.8750066626816988
9464,0.9170034900307655
9465,0.9170034900307655
9466,0.8750066626816988
9467,0.9170034900307655
9468,0.8329807315021753
9469,0.8749775588512421
9470,0.8750066626816988
9471,0.9160139597952366
9472,0.9170034900307655
9473,0.9170034900307655
9474,0.9170034900307655
9475,0.9170034900307655
9476,0.8750066626816988
9477,0.9170034900307655
9478,0.9160139597952366
9479,0.9170034900307655
9480,0.9170034900307655
9481,0.9170034900307655
9482,0.9170034900307655
9483,0.9160139597952366
9484,0.9170034900307655
9485,0.9170034900307655
9486,0.9160139597952366
9487,0.8750066626816988
9488,0.9170034900307655
9489,0.9170034900307655
9490,0.8750066626816988
9491,0.8750066626816988
9492,0.8329807315021753
9493,0.9159848559647799
9494,0.8750066626816988
9495,0.8750066626816988
9496,0.9169743862003088
9497,0.9170034900307655
9498,0.9160139597952366
9499,0.8750066626816988
9500,0.8749775588512421
9501,0.8750066626816988
9502,0.8750066626816988
9503,0.9170034900307655
9504,0.9169743862003088
9505,0.9590003173798323
9506,0.8330098353326321
9507,0.9159848559647799
9508,0.8749775588512421
9509,0.9170034900307655
9510,0.8750066626816988
9511,0.8749775588512421
9512,0.8749775588512421
9513,0.9170034900307655
9514,0.9170034900307655
9515,0.8750066626816988
9516,0.8750066626816988
9517,0.8750066626816988
9518,0.9170034900307655
9519,0.9170034900307655
9520,0.833999365568161
9521,0.8750066626816988
9522,0.9170034900307655
9523,0.9170034900307655
9524,0.8750066626816988
9525,0.9160139597952366
9526,0.9170034900307655
9527,0.8750066626816988
9528,0.9170034900307655
9529,0.9170034900307655
9530,0.9160139597952366
9531,0.8750066626816988
9532,0.8750066626816988
9533,0.9170034900307655
9534,0.8750066626816988
9535,0.8750066626816988
9536,0.8750066626816988
9537,0.9170034900307655
9538,0.9170034900307655
9539,0.9159848559647799
9540,0.9159848559647799
9541,0.8750066626816988
9542,0.8750066626816988
9543,0.9169743862003088
9544,0.8749775588512421
9545,0.9170034900307655
9546,0.8750066626816988
9547,0.8749775588512421
9548,0.9159848559647799
9549,0.9170034900307655
9550,0.8750066626816988
9551,0.9590003173798323
9552,0.8750066626816988
9553,0.8750066626816988
9554,0.8750066626816988
9555,0.9169743862003088
9556,0.9170034900307655
9557,0.9160139597952366
9558,0.8750066626816988
9559,0.9169743862003088
9560,0.9170034900307655
9561,0.8750066626816988
9562,0.8750066626816988
9563,0.9169743862003088
9564,0.8750066626816988
9565,0.9170034900307655
9566,0.8749775588512421
9567,0.9159848559647799
9568,0.8750066626816988
9569,0.9170034900307655
9570,0.8750066626816988
9571,0.9170034900307655
9572,0.9170034900307655
9573,0.9170034900307655
9574,0.8749775588512421
9575,0.9159848559647799
9576,0.9160139597952366
9577,0.9170034900307655
9578,0.8750066626816988
9579,0.9170034900307655
9580,0.9170034900307655
9581,0.9170034900307655
9582,0.8749775588512421
9583,0.9159848559647799
9584,0.9580107871443033
9585,0.9170034900307655
9586,0.9170034900307655
9587,0.8330098353326321
9588,0.9160139597952366
9589,0.9580107871443033
9590,0.9170034900307655
9591,0.9170034900307655
9592,0.9160139597952366
9593,0.8750066626816988
9594,0.9170034900307655
9595,0.9170034900307655
9596,0.9170034900307655
9597,0.9170034900307655
9598,0.8750066626816988
9599,0.9160139597952366
9600,0.8750066626816988
9601,0.9170034900307655
9602,0.9590003173798323
9603,0.9170034900307655
9604,0.8750066626816988
9605,0.9159848559647799
9606,0.9169743862003088
9607,0.9170034900307655
9608,0.833999365568161
9609,0.9170034900307655
9610,0.8749775588512421
9611,0.9170034900307655
9612,0.9160139597952366
9613,0.9170034900307655
9614,0.8749775588512421
9615,0.9170034900307655
9616,0.8750066626816988
9617,0.9159848559647799
9618,0.9159848559647799
9619,0.9160139597952366
9620,0.8750066626816988
9621,0.9170034900307655
9622,0.8750066626816988
9623,0.9170034900307655
9624,0.9160139597952366
9625,0.9170034900307655
9626,0.9170034900307655
9627,0.8750066626816988
9628,0.8750066626816988
9629,0.9159848559647799
9630,0.8749775588512421
9631,0.9170034900307655
9632,0.9170034900307655
9633,0.9159848559647799
9634,0.9159848559647799
9635,0.9170034900307655
9636,0.9580107871443033
9637,0.9159848559647799
9638,0.8749775588512421
9639,0.9170034900307655
9640,0.9170034900307655
9641,0.9579816833138466
9642,0.9170034900307655
9643,0.9170034900307655
9644,0.9170034900307655
9645,0.9159848559647799
9646,0.9160139597952366
9647,0.9160139597952366
9648,0.8750066626816988
9649,0.9579816833138466
9650,0.8750066626816988
9651,0.9590003173798323
9652,0.8749775588512421
9653,0.9159848559647799
9654,0.9160139597952366
9655,0.9170034900307655
9656,0.9579816833138466
9657,0.9159848559647799
9658,0.9580107871443033
9659,0.9580107871443033
9660,0.9159848559647799
9661,0.9580107871443033
9662,0.8750066626816988
9663,0.9170034900307655
9664,0.9170034900307655
9665,0.9170034900307655
9666,0.9170034900307655
9667,0.9170034900307655
9668,0.8749775588512421
9669,0.9580107871443033
9670,1.00000761449337
9671,0.9170034900307655
9672,0.9159848559647799
9673,0.9160139597952366
9674,0.9170034900307655
9675,0.9170034900307655
9676,0.8749775588512421
9677,0.9590003173798323
9678,0.9170034900307655
9679,0.9170034900307655
9680,0.9590003173798323
9681,0.9590003173798323
9682,0.8750066626816988
9683,0.9590003173798323
9684,0.9170034900307655
9685,0.9170034900307655
9686,0.9160139597952366
9687,0.9159848559647799
9688,0.9159848559647799
9689,0.9580107871443033
9690,0.8750066626816988
9691,0.9170034900307655
9692,0.9170034900307655
9693,0.9160139597952366
9694,0.9170034900307655
9695,0.9169743862003088
9696,0.9590003173798323
9697,0.9170034900307655
9698,0.9170034900307655
9699,0.8750066626816988
9700,0.8750066626816988
9701,0.9170034900307655
9702,0.9170034900307655
9703,0.9170034900307655
9704,0.8750066626816988
9705,0.9160139597952366
9706,0.9580107871443033
9707,0.8750066626816988
9708,0.9160139597952366
9709,0.9580107871443033
9710,0.9170034900307655
9711,0.9169743862003088
9712,0.9170034900307655
9713,0.9170034900307655
9714,0.9170034900307655
9715,0.9170034900307655
9716,1.00000761449337
9717,0.9579816833138466
9718,0.9579816833138466
9719,0.9160139597952366
9720,0.9580107871443033
9721,0.9159848559647799
9722,0.8749775588512421
9723,0.9170034900307655
9724,0.8750066626816988
9725,0.9170034900307655
9726,0.9169743862003088
9727,0.9590003173798323
9728,0.9170034900307655
9729,0.9170034900307655
9730,0.8750066626816988
9731,0.9580107871443033
9732,0.9580107871443033
9733,0.9159848559647799
9734,0.8750066626816988
9735,0.9170034900307655
9736,0.9160139597952366
9737,0.9170034900307655
9738,0.9170034900307655
9739,0.9170034900307655
9740,0.8750066626816988
9741,0.9159848559647799
9742,0.8749775588512421
9743,0.9170034900307655
9744,0.9590003173798323
9745,0.9170034900307655
9746,0.9170034900307655
9747,0.9170034900307655
9748,0.9170034900307655
9749,0.9590003173798323
9750,0.9580107871443033
9751,0.9160139597952366
9752,0.9580107871443033
9753,0.9159848559647799
9754,0.9160139597952366
9755,0.9580107871443033
9756,0.9159848559647799
9757,0.9159848559647799
9758,0.8750066626816988
9759,0.9170034900307655
9760,0.9170034900307655
9761,0.9170034900307655
9762,0.8750066626816988
9763,0.9170034900307655
9764,0.9590003173798323
9765,0.9170034900307655
9766,0.9170034900307655
9767,0.9580107871443033
9768,0.9590003173798323
9769,0.9170034900307655
9770,0.9590003173798323
9771,0.9170034900307655
9772,0.9170034900307655
9773,0.9170034900307655
9774,0.9160139597952366
9775,0.9159848559647799
9776,0.9999785106629133
9777,0.9580107871443033
9778,0.9170034900307655
9779,0.9580107871443033
9780,0.8750066626816988
9781,0.9160139597952366
9782,0.8750066626816988
9783,0.9590003173798323
9784,0.9170034900307655
9785,0.9170034900307655
9786,0.9580107871443033
9787,0.9170034900307655
9788,0.9170034900307655
9789,0.9170034900307655
9790,0.9170034900307655
9791,0.9169743862003088
9792,0.8750066626816988
9793,0.9160139597952366
9794,0.9160139597952366
9795,0.9579816833138466
9796,0.8750066626816988
9797,0.9170034900307655
9798,0.8750066626816988
9799,0.9170034900307655
9800,0.9580107871443033
9801,0.9170034900307655
9802,0.9170034900307655
9803,0.9159848559647799
9804,0.9160139597952366
9805,0.9160139597952366
9806,0.8750066626816988
9807,0.9169743862003088
9808,0.9170034900307655
9809,0.9580107871443033
9810,0.9170034900307655
9811,0.9170034900307655
9812,0.9170034900307655
9813,0.9170034900307655
9814,0.9170034900307655
9815,0.9580107871443033
9816,0.9160139597952366
9817,0.9160139597952366
9818,0.9159848559647799
9819,0.9580107871443033
9820,0.9580107871443033
9821,0.9159848559647799
9822,0.9159848559647799
9823,0.9160139597952366
9824,0.8750066626816988
9825,0.9170034900307655
9826,0.9579816833138466
9827,0.9160139597952366
9828,0.8750066626816988
9829,0.9579816833138466
9830,0.9579816833138466
9831,0.9590003173798323
9832,0.9170034900307655
9833,0.9590003173798323
9834,0.9170034900307655
9835,0.9170034900307655
9836,0.9160139597952366
9837,0.9579816833138466
9838,0.9159848559647799
9839,0.9160139597952366
9840,0.9160139597952366
9841,0.9159848559647799
9842,0.9580107871443033
9843,0.9170034900307655
9844,0.8749775588512421
9845,0.8749775588512421
9846,0.9170034900307655
9847,0.9170034900307655
9848,0.9580107871443033
9849,0.9159848559647799
9850,0.8750066626816988
9851,0.9580107871443033
9852,0.8750066626816988
9853,0.9169743862003088
9854,0.9170034900307655
9855,0.8750066626816988
9856,0.9170034900307655
9857,0.9579816833138466
9858,0.8750066626816988
9859,0.9160139597952366
9860,0.8750066626816988
9861,0.9170034900307655
9862,0.8750066626816988
9863,0.8750066626816988
9864,0.9159848559647799
9865,0.9580107871443033
9866,0.8750066626816988
9867,0.9580107871443033
9868,0.9170034900307655
9869,0.9590003173798323
9870,0.9170034900307655
9871,0.9170034900307655
9872,0.9169743862003088
9873,0.8750066626816988
9874,0.8750066626816988
9875,0.8750066626816988
9876,0.9170034900307655
9877,0.9170034900307655
9878,0.9580107871443033
9879,0.9580107871443033
9880,0.8750066626816988
9881,0.9160139597952366
9882,0.9580107871443033
9883,0.9170034900307655
9884,0.9170034900307655
9885,0.9170034900307655
9886,0.9160139597952366
9887,0.9170034900307655
9888,0.9170034900307655
9889,0.8750066626816988
9890,0.9170034900307655
9891,0.9169743862003088
9892,0.9170034900307655
9893,0.9160139597952366
9894,0.9160139597952366
9895,0.9159848559647799
9896,0.9159848559647799
9897,0.9170034900307655
9898,0.9170034900307655
9899,0.9590003173798323
9900,0.8750066626816988
9901,0.9170034900307655
9902,1.00000761449337
9903,0.9170034900307655
9904,0.8750066626816988
9905,0.9160139597952366
9906,0.8750066626816988
9907,0.8749775588512421
9908,0.9170034900307655
9909,0.9160139597952366
9910,0.9159848559647799
9911,0.9579816833138466
9912,0.9580107871443033
9913,0.9160139597952366
9914,0.8750066626816988
9915,0.9169743862003088
9916,0.9170034900307655
9917,0.9170034900307655
9918,0.9170034900307655
9919,0.9170034900307655
9920,0.9170034900307655
9921,0.9170034900307655
9922,0.9169743862003088
9923,0.9159848559647799
9924,0.8750066626816988
9925,0.9170034900307655
9926,0.9159848559647799
9927,0.8749775588512421
9928,0.9170034900307655
9929,0.9170034900307655
9930,0.9169743862003088
9931,0.8750066626816988
9932,0.9160139597952366
9933,0.9160139597952366
9934,0.8749775588512421
9935,0.8750066626816988
9936,0.8750066626816988
9937,0.8750066626816988
9938,0.9169743862003088
9939,0.8750066626816988
9940,0.8750066626816988
9941,0.9170034900307655
9942,0.8749775588512421
9943,0.8750066626816988
9944,0.8750066626816988
9945,0.8750066626816988
9946,0.9169743862003088
9947,0.9170034900307655
9948,0.9160139597952366
9949,0.9580107871443033
9950,0.9159848559647799
9951,0.8750066626816988
9952,0.8750066626816988
9953,0.8749775588512421
9954,0.8749775588512421
9955,0.9170034900307655
9956,0.9170034900307655
9957,0.8749775588512421
9958,0.8749775588512421
9959,0.9170034900307655
9960,0.9170034900307655
9961,0.8750066626816988
9962,0.9169743862003088
9963,0.9580107871443033
9964,0.9160139597952366
9965,0.9170034900307655
9966,0.8749775588512421
9967,0.8750066626816988
9968,0.9160139597952366
9969,0.9159848559647799
9970,0.8749775588512421
9971,0.9170034900307655
9972,0.9170034900307655
9973,0.9159848559647799
9974,0.8749775588512421
9975,0.8750066626816988
9976,0.9170034900307655
9977,0.8749775588512421
9978,0.8749775588512421
9979,0.9170034900307655
9980,0.8750066626816988
9981,0.9169743862003088
9982,0.9170034900307655
9983,0.9170034900307655
9984,0.8750066626816988
9985,0.9159848559647799
9986,0.9159848559647799
9987,0.9160139597952366
9988,0.9160139597952366
9989,0.8750066626816988
9990,0.9580107871443033
9991,0.9160139597952366
9992,0.9159848559647799
9993,0.8749775588512421
9994,0.9580107871443033
9995,0.8750066626816988
9996,0.9170034900307655
9997,0.9170034900307655
9998,0.8750066626816988
9999,0.9170034900307655
10000,0.8329807315021753
10001,0.9159848559647799
10002,0.8750066626816988
10003,0.9170034900307655
10004,0.9170034900307655
10005,0.9590003173798323
10006,0.9170034900307655
10007,0.9160139597952366
10008,0.9159848559647799
10009,0.9170034900307655
10010,0.8750066626816988
10011,0.8750066626816988
10012,0.9579816833138466
10013,0.9159848559647799
10014,0.9160139597952366
10015,0.9160139597952366
10016,0.8749775588512421
10017,0.9170034900307655
10018,0.8750066626816988
10019,0.8750066626816988
10020,0.9579816833138466
10021,0.9159848559647799
10022,0.8330098353326321
10023,0.9590003173798323
10024,0.9590003173798323
10025,0.9170034900307655
10026,0.9170034900307655
10027,0.9170034900307655
10028,0.9170034900307655
10029,0.9160139597952366
10030,0.8750066626816988
10031,0.9170034900307655
10032,0.9170034900307655
10033,0.9170034900307655
10034,0.9170034900307655
10035,0.9170034900307655
10036,0.8750066626816988
10037,0.9160139597952366
10038,0.8750066626816988
10039,0.9579816833138466
10040,0.9169743862003088
10041,0.9170034900307655
10042,0.9170034900307655
10043,0.9170034900307655
10044,0.9590003173798323
10045,0.8750066626816988
10046,0.9170034900307655
10047,0.9579816833138466
10048,0.9159848559647799
10049,0.9160139597952366
10050,0.8750066626816988
10051,0.9170034900307655
10052,0.9580107871443033
10053,0.9170034900307655
10054,0.9170034900307655
10055,0.8749775588512421
10056,0.9170034900307655
10057,0.9170034900307655
10058,0.9170034900307655
10059,0.9170034900307655
10060,0.9160139597952366
10061,0.8750066626816988
10062,0.9579816833138466
10063,0.9169743862003088
10064,0.9170034900307655
10065,0.9170034900307655
10066,0.9170034900307655
10067,0.9169743862003088
10068,0.9170034900307655
10069,0.9170034900307655
10070,0.9170034900307655
10071,0.9170034900307655
10072,0.9160139597952366
10073,0.8750066626816988
10074,0.9170034900307655
10075,0.8750066626816988
10076,0.9170034900307655
10077,0.8750066626816988
10078,0.8750066626816988
10079,0.8750066626816988
10080,0.9170034900307655
10081,0.9160139597952366
10082,0.9159848559647799
10083,0.9170034900307655
10084,0.9170034900307655
10085,0.9170034900307655
10086,0.9579816833138466
10087,0.9579816833138466
10088,0.9170034900307655
10089,0.9580107871443033
10090,0.8750066626816988
10091,0.9170034900307655
10092,0.9590003173798323
10093,0.8750066626816988
10094,0.8750066626816988
10095,0.9160139597952366
10096,0.9160139597952366
10097,0.9170034900307655
10098,0.8749775588512421
10099,0.9170034900307655
10100,0.9160139597952366
10101,0.9159848559647799
10102,0.8749775588512421
10103,0.8750066626816988
10104,0.9590003173798323
10105,0.9170034900307655
10106,0.8749775588512421
10107,0.8750066626816988
10108,0.9160139597952366
10109,0.8330098353326321
10110,0.8750066626816988
10111,0.9160139597952366
10112,0.9160139597952366
10113,0.9170034900307655
10114,0.9170034900307655
10115,0.9170034900307655
10116,0.8750066626816988
10117,0.8749775588512421
10118,0.9170034900307655
10119,0.8750066626816988
10120,0.9160139597952366
10121,0.9170034900307655
10122,0.8750066626816988
10123,0.9170034900307655
10124,0.9170034900307655
10125,0.9159848559647799
10126,0.8749775588512421
10127,0.9170034900307655
10128,0.8750066626816988
10129,0.8749775588512421
10130,0.9579816833138466
10131,0.9170034900307655
10132,0.8750066626816988
10133,0.8750066626816988
10134,0.9170034900307655
10135,0.9160139597952366
10136,0.9160139597952366
10137,0.9170034900307655
10138,0.9580107871443033
10139,0.9160139597952366
10140,0.9170034900307655
10141,0.8749775588512421
10142,0.9170034900307655
10143,0.8750066626816988
10144,0.9159848559647799
10145,0.9169743862003088
10146,0.8750066626816988
10147,0.8750066626816988
10148,0.9159848559647799
10149,0.9159848559647799
10150,0.8750066626816988
10151,0.9170034900307655
10152,0.9170034900307655
10153,0.9170034900307655
10154,0.8750066626816988
10155,0.9160139597952366
10156,0.8750066626816988
10157,0.9590003173798323
10158,0.9590003173798323
10159,0.9170034900307655
10160,0.8749775588512421
10161,0.8749775588512421
10162,0.9170034900307655
10163,0.9170034900307655
10164,0.9590003173798323
10165,0.9170034900307655
10166,0.9170034900307655
10167,0.9160139597952366
10168,0.8750066626816988
10169,0.9170034900307655
10170,0.8750066626816988
10171,0.9160139597952366
10172,0.8750066626816988
10173,0.9170034900307655
10174,0.9170034900307655
10175,0.9170034900307655
10176,0.9169743862003088
10177,0.9590003173798323
10178,1.00000761449337
10179,0.9579816833138466
10180,0.9159848559647799
10181,0.9160139597952366
10182,0.9160139597952366
10183,0.9579816833138466
10184,0.9579816833138466
10185,0.9160139597952366
10186,0.9160139597952366
10187,0.9170034900307655
10188,0.9170034900307655
10189,0.9170034900307655
10190,0.9170034900307655
10191,0.9999785106629133
10192,0.8750066626816988
10193,0.9580107871443033
10194,0.9170034900307655
10195,0.9169743862003088
10196,1.00000761449337
10197,0.9160139597952366
10198,1.00000761449337
10199,0.9590003173798323
10200,0.9170034900307655
10201,0.9170034900307655
10202,0.9590003173798323
10203,0.9169743862003088
10204,0.9170034900307655
10205,0.9170034900307655
10206,0.9170034900307655
10207,0.9580107871443033
10208,0.9580107871443033
10209,0.9170034900307655
10210,0.9170034900307655
10211,0.9580107871443033
10212,0.9580107871443033
10213,0.9160139597952366
10214,0.9170034900307655
10215,0.8750066626816988
10216,0.9170034900307655
10217,0.9170034900307655
10218,0.9579816833138466
10219,0.9160139597952366
10220,0.9160139597952366
10221,0.8750066626816988
10222,0.8329807315021753
10223,0.8750066626816988
10224,0.8750066626816988
10225,0.9170034900307655
10226,0.9580107871443033
10227,0.9160139597952366
10228,0.8330098353326321
10229,0.9169743862003088
10230,0.8749775588512421
10231,0.9170034900307655
10232,0.8750066626816988
10233,0.9579816833138466
10234,0.9159848559647799
10235,0.8750066626816988
10236,0.9170034900307655
10237,0.9579816833138466
10238,0.9580107871443033
10239,0.9580107871443033
10240,1.00000761449337
10241,0.9579816833138466
10242,0.9590003173798323
10243,0.9170034900307655
10244,0.9999785106629133
10245,0.9159848559647799
10246,0.9580107871443033
10247,0.9580107871443033
10248,0.8749775588512421
10249,0.9159848559647799
10250,1.00000761449337
10251,0.9590003173798323
10252,6.541988113895059
10253,1.0420044418424368
10254,0.9590003173798323
10255,0.9170034900307655
10256,0.9170034900307655
10257,0.9170034900307655
10258,0.8749775588512421
10259,0.9170034900307655
10260,0.8750066626816988
10261,0.9159848559647799
10262,0.8749775588512421
10263,0.9580107871443033
10264,0.9580107871443033
10265,0.9579816833138466
10266,0.9170034900307655
10267,0.9170034900307655
10268,0.9170034900307655
10269,0.9579816833138466
10270,0.9170034900307655
10271,0.9170034900307655
10272,0.9590003173798323
10273,0.9170034900307655
10274,0.8750066626816988
10275,0.9170034900307655
10276,0.9170034900307655
10277,0.9590003173798323
10278,0.9170034900307655
10279,0.9170034900307655
10280,0.9170034900307655
10281,0.9170034900307655
10282,0.9170034900307655
10283,0.9170034900307655
10284,0.9159848559647799
10285,0.9159848559647799
10286,0.8750066626816988
10287,0.8750066626816988
10288,0.8749775588512421
10289,0.9159848559647799
10290,0.8750066626816988
10291,0.9170034900307655
10292,0.8749775588512421
10293,0.9170034900307655
10294,0.9580107871443033
10295,0.9590003173798323
10296,0.9169743862003088
10297,0.9590003173798323
10298,0.8750066626816988
10299,0.9170034900307655
10300,0.9159848559647799
10301,0.9170034900307655
10302,0.8750066626816988
10303,0.9170034900307655
10304,0.8750066626816988
10305,0.9170034900307655
10306,0.9170034900307655
10307,0.9590003173798323
10308,0.8749775588512421
10309,0.9170034900307655
10310,0.9590003173798323
10311,0.9170034900307655
10312,0.9170034900307655
10313,0.9590003173798323
10314,0.9170034900307655
10315,0.9170034900307655
10316,0.8749775588512421
10317,0.9170034900307655
10318,0.8750066626816988
10319,0.9159848559647799
10320,0.8749775588512421
10321,0.9170034900307655
10322,0.9170034900307655
10323,0.9590003173798323
10324,0.9170034900307655
10325,0.9170034900307655
10326,0.8750066626816988
10327,0.9169743862003088
10328,0.9170034900307655
10329,0.9590003173798323
10330,0.9170034900307655
10331,0.9169743862003088
10332,0.9160139597952366
10333,0.9160139597952366
10334,0.9170034900307655
10335,0.9170034900307655
10336,0.8750066626816988
10337,0.8750066626816988
10338,0.9170034900307655
10339,0.8749775588512421
10340,0.8750066626816988
10341,0.8750066626816988
10342,0.9170034900307655
10343,0.8750066626816988
10344,0.9160139597952366
10345,0.9170034900307655
10346,0.9590003173798323
10347,0.9170034900307655
10348,0.8750066626816988
10349,0.8750066626816988
10350,0.8750066626816988
10351,0.8750066626816988
10352,0.9160139597952366
10353,0.8750066626816988
10354,0.8750066626816988
10355,0.9170034900307655
10356,0.9170034900307655
10357,0.8750066626816988
10358,0.8750066626816988
10359,0.9170034900307655
10360,0.9160139597952366
10361,0.9580107871443033
10362,0.8750066626816988
10363,0.9170034900307655
10364,0.9170034900307655
10365,0.9170034900307655
10366,0.8749775588512421
10367,0.8749775588512421
10368,0.8750066626816988
10369,0.9170034900307655
10370,0.8749775588512421
10371,0.9170034900307655
10372,0.8750066626816988
10373,0.9170034900307655
10374,0.8329807315021753
10375,0.9170034900307655
10376,0.8330098353326321
10377,0.8750066626816988
10378,0.833999365568161
10379,0.8749775588512421
10380,0.9170034900307655
10381,0.9170034900307655
10382,0.9159848559647799
10383,0.8749775588512421
10384,0.9170034900307655
10385,0.8750066626816988
10386,0.9590003173798323
10387,0.9170034900307655
10388,0.8750066626816988
10389,0.9160139597952366
10390,0.9159848559647799
10391,0.8749775588512421
10392,0.8330098353326321
10393,0.8750066626816988
10394,0.9170034900307655
10395,0.9170034900307655
10396,0.8750066626816988
10397,0.8330098353326321
10398,0.8749775588512421
10399,0.8329807315021753
10400,0.8750066626816988
10401,0.9170034900307655
10402,0.9169743862003088
10403,0.9159848559647799
10404,0.8330098353326321
10405,0.8750066626816988
10406,0.8750066626816988
10407,0.8750066626816988
10408,0.8750066626816988
10409,0.9160139597952366
10410,0.9170034900307655
10411,0.9170034900307655
10412,0.8750066626816988
10413,0.8750066626816988
10414,0.9169743862003088
10415,0.8749775588512421
10416,0.8330098353326321
10417,0.9160139597952366
10418,0.9159848559647799
10419,0.8750066626816988
10420,0.8750066626816988
10421,0.8750066626816988
10422,0.833999365568161
10423,0.9170034900307655
10424,0.9160139597952366
10425,0.8750066626816988
10426,0.8749775588512421
10427,0.8749775588512421
10428,0.9170034900307655
10429,0.8750066626816988
10430,0.8749775588512421
10431,0.833999365568161
10432,0.8750066626816988
10433,0.8750066626816988
10434,0.9170034900307655
10435,0.9170034900307655
10436,0.8750066626816988
10437,0.8750066626816988
10438,0.8750066626816988
10439,0.8749775588512421
10440,0.8750066626816988
10441,0.8750066626816988
10442,0.8329807315021753
10443,0.8749775588512421
10444,0.8750066626816988
10445,0.833999365568161
10446,0.8750066626816988
10447,0.9170034900307655
10448,0.8750066626816988
10449,0.8750066626816988
10450,0.8750066626816988
10451,0.8750066626816988
10452,0.8750066626816988
10453,0.8750066626816988
10454,0.9170034900307655
10455,0.9159848559647799
10456,0.8750066626816988
10457,0.9160139597952366
10458,0.8750066626816988
10459,0.8750066626816988
10460,0.8750066626816988
10461,0.8750066626816988
10462,0.8749775588512421
10463,0.9169743862003088
10464,0.8750066626816988
10465,0.8750066626816988
10466,0.9170034900307655
10467,0.8750066626816988
10468,0.8750066626816988
10469,0.8750066626816988
10470,0.8330098353326321
10471,0.8750066626816988
10472,0.8330098353326321
10473,0.8750066626816988
10474,0.8750066626816988
10475,0.9170034900307655
10476,0.833999365568161
10477,0.9580107871443033
10478,0.8330098353326321
10479,0.8750066626816988
10480,0.8750066626816988
10481,0.8750066626816988
10482,0.833999365568161
10483,0.8750066626816988
10484,0.8750066626816988
10485,0.8750066626816988
10486,0.833999365568161
10487,0.8749775588512421
10488,0.8750066626816988
10489,0.9160139597952366
10490,0.8750066626816988
10491,0.8750066626816988
10492,0.8750066626816988
10493,0.8750066626816988
10494,0.8750066626816988
10495,0.9590003173798323
10496,0.8330098353326321
10497,0.8750066626816988
10498,0.8749775588512421
10499,0.8749775588512421
10500,0.8750066626816988
10501,0.9160139597952366
10502,0.8750066626816988
10503,0.8750066626816988
10504,0.9160139597952366
10505,0.9170034900307655
10506,0.8750066626816988
10507,0.833999365568161
10508,0.8330098353326321
10509,0.9160139597952366
10510,0.8750066626816988
10511,0.8749775588512421
10512,0.8750066626816988
10513,0.8750066626816988
10514,0.8750066626816988
10515,0.8750066626816988
10516,0.8750066626816988
10517,0.9170034900307655
10518,0.8749775588512421
10519,0.8749775588512421
10520,0.9170034900307655
10521,0.9170034900307655
10522,0.8750066626816988
10523,0.9169743862003088
10524,0.8750066626816988
10525,0.9160139597952366
10526,0.8750066626816988
10527,0.8750066626816988
10528,0.8750066626816988
10529,0.9170034900307655
10530,0.9170034900307655
10531,0.8329807315021753
10532,0.8750066626816988
10533,0.9170034900307655
10534,0.8750066626816988
10535,0.8749775588512421
10536,0.8750066626816988
10537,0.8330098353326321
10538,0.8750066626816988
10539,0.9170034900307655
10540,0.8750066626816988
10541,0.8750066626816988
10542,0.9170034900307655
10543,0.8750066626816988
10544,0.9160139597952366
10545,0.8750066626816988
10546,0.9170034900307655
10547,0.9170034900307655
10548,0.9160139597952366
10549,0.9170034900307655
10550,0.9170034900307655
10551,0.8750066626816988
10552,0.8750066626816988
10553,0.9170034900307655
10554,0.9170034900307655
10555,0.8750066626816988
10556,0.8750066626816988
10557,0.9160139597952366
10558,0.8330098353326321
10559,0.8750066626816988
10560,0.9160139597952366
10561,0.9160139597952366
10562,0.8750066626816988
10563,0.8750066626816988
10564,0.8750066626816988
10565,0.9160139597952366
10566,0.8750066626816988
10567,0.8750066626816988
10568,0.8750066626816988
10569,0.9160139597952366
10570,0.8750066626816988
10571,0.8750066626816988
10572,0.9170034900307655
10573,0.8750066626816988
10574,0.8750066626816988
10575,0.8750066626816988
10576,0.9170034900307655
10577,0.9590003173798323
10578,0.9169743862003088
10579,0.8750066626816988
10580,0.9160139597952366
10581,0.9160139597952366
10582,0.9159848559647799
10583,0.9159848559647799
10584,0.8750066626816988
10585,0.9170034900307655
10586,0.9579816833138466
10587,0.9580107871443033
10588,0.9170034900307655
10589,0.9170034900307655
10590,0.8749775588512421
10591,0.9170034900307655
10592,0.8750066626816988
10593,0.9580107871443033
10594,0.8749775588512421
10595,0.8750066626816988
10596,0.9170034900307655
10597,0.8749775588512421
10598,0.8329807315021753
10599,0.8750066626816988
10600,0.7910130079835653
10601,0.9159848559647799
10602,0.9579816833138466
10603,0.8750066626816988
10604,0.8750066626816988
10605,0.8749775588512421
10606,0.9159848559647799
10607,0.9160139597952366
10608,0.8750066626816988
10609,0.8750066626816988
10610,0.8750066626816988
10611,0.9160139597952366
10612,0.9160139597952366
10613,0.9170034900307655
10614,0.9170034900307655
10615,0.9580107871443033
10616,0.9160139597952366
10617,0.9159848559647799
10618,0.9580107871443033
10619,0.9170034900307655
10620,0.9170034900307655
10621,0.8749775588512421
10622,0.9170034900307655
10623,0.9160139597952366
10624,0.9160139597952366
10625,0.9159848559647799
10626,0.9580107871443033
10627,0.8750066626816988
10628,0.9170034900307655
10629,0.9159848559647799
10630,0.8749775588512421
10631,0.9580107871443033
10632,0.8750066626816988
10633,0.9169743862003088
10634,0.9170034900307655
10635,0.9580107871443033
10636,0.8750066626816988
10637,0.9170034900307655
10638,0.9170034900307655
10639,0.8750066626816988
10640,0.8750066626816988
10641,0.9159848559647799
10642,0.9160139597952366
10643,0.9580107871443033
10644,0.9159848559647799
10645,0.9159848559647799
10646,0.9170034900307655
10647,0.9170034900307655
10648,0.9590003173798323
10649,0.8750066626816988
10650,0.9170034900307655
10651,0.8750066626816988
10652,0.9579816833138466
10653,1.040985807776451
10654,0.9160139597952366
10655,0.9160139597952366
10656,0.9170034900307655
10657,0.9170034900307655
10658,1.00000761449337
10659,0.8750066626816988
10660,0.9169743862003088
10661,0.9170034900307655
10662,0.8750066626816988
10663,1.040985807776451
10664,0.8749775588512421
10665,0.9170034900307655
10666,0.8750066626816988
10667,0.9580107871443033
10668,0.8750066626816988
10669,0.9160139597952366
10670,0.9170034900307655
10671,0.9170034900307655
10672,0.8750066626816988
10673,0.9160139597952366
10674,0.9160139597952366
10675,0.9159848559647799
10676,1.00000761449337
10677,0.9170034900307655
10678,0.9160139597952366
10679,0.9170034900307655
10680,0.8330098353326321
10681,0.9160139597952366
10682,0.9160139597952366
10683,1.040985807776451
10684,0.9170034900307655
10685,0.9170034900307655
10686,0.8750066626816988
10687,0.9159848559647799
10688,0.9160139597952366
10689,0.9160139597952366
10690,0.9170034900307655
10691,0.9170034900307655
10692,0.9170034900307655
10693,0.9170034900307655
10694,0.833999365568161
10695,0.9169743862003088
10696,0.8750066626816988
10697,0.9580107871443033
10698,0.8750066626816988
10699,0.9169743862003088
10700,0.9170034900307655
10701,0.9160139597952366
10702,0.9159848559647799
10703,0.9159848559647799
10704,0.9170034900307655
10705,0.9170034900307655
10706,0.8750066626816988
10707,0.9170034900307655
10708,0.8750066626816988
10709,0.8750066626816988
10710,0.8749775588512421
10711,0.9170034900307655
10712,0.9160139597952366
10713,0.8750066626816988
10714,0.9170034900307655
10715,0.9590003173798323
10716,0.9170034900307655
10717,0.9170034900307655
10718,0.8749775588512421
10719,0.9170034900307655
10720,0.9580107871443033
10721,0.9170034900307655
10722,0.9170034900307655
10723,0.8750066626816988
10724,0.9170034900307655
10725,0.8750066626816988
10726,0.8750066626816988
10727,0.8750066626816988
10728,0.8750066626816988
10729,0.9170034900307655
10730,0.9169743862003088
10731,0.9579816833138466
10732,0.8750066626816988
10733,0.8750066626816988
10734,0.9579816833138466
10735,0.9160139597952366
10736,1.00000761449337
10737,0.9170034900307655
10738,0.8750066626816988
10739,0.9170034900307655
10740,0.9170034900307655
10741,0.8749775588512421
10742,0.8329807315021753
10743,0.9170034900307655
10744,0.8750066626816988
10745,0.8749775588512421
10746,0.8750066626816988
10747,0.8750066626816988
10748,0.9170034900307655
10749,0.8749775588512421
10750,0.9170034900307655
10751,0.8330098353326321
10752,0.9170034900307655
10753,0.833999365568161
10754,0.8750066626816988
10755,0.8750066626816988
10756,0.8750066626816988
10757,0.8749775588512421
10758,0.8750066626816988
10759,0.8750066626816988
10760,0.8750066626816988
10761,0.9169743862003088
10762,0.8749775588512421
10763,0.9170034900307655
10764,0.8750066626816988
10765,0.9169743862003088
10766,0.8749775588512421
10767,0.8750066626816988
10768,0.833999365568161
10769,0.9170034900307655
10770,0.8330098353326321
10771,0.9160139597952366
10772,0.9580107871443033
10773,0.9159848559647799
10774,0.8750066626816988
10775,0.8750066626816988
10776,0.8750066626816988
10777,0.8750066626816988
10778,0.9580107871443033
10779,0.9170034900307655
10780,0.9170034900307655
10781,0.8749775588512421
10782,0.8750066626816988
10783,0.9580107871443033
10784,0.8750066626816988
10785,0.9170034900307655
10786,0.8750066626816988
10787,0.9170034900307655
10788,0.9170034900307655
10789,0.9579816833138466
10790,0.8750066626816988
10791,0.9160139597952366
10792,0.9170034900307655
10793,0.8749775588512421
10794,0.8750066626816988
10795,0.9160139597952366
10796,0.9159848559647799
10797,0.9159848559647799
10798,0.9170034900307655
10799,0.9590003173798323
10800,0.8750066626816988
10801,0.9170034900307655
10802,0.8750066626816988
10803,0.9160139597952366
10804,0.9159848559647799
10805,0.9159848559647799
10806,0.9160139597952366
10807,0.8750066626816988
10808,0.9579816833138466
10809,0.9159848559647799
10810,0.8750066626816988
10811,0.9170034900307655
10812,0.9590003173798323
10813,0.9170034900307655
10814,0.8330098353326321
10815,0.9160139597952366
10816,0.9579816833138466
10817,0.9580107871443033
10818,0.8750066626816988
10819,0.9170034900307655
10820,0.8750066626816988
10821,0.9160139597952366
10822,0.8750066626816988
10823,0.9579816833138466
10824,0.9159848559647799
10825,0.8750066626816988
10826,0.9170034900307655
10827,0.9170034900307655
10828,0.8750066626816988
10829,0.9580107871443033
10830,0.8330098353326321
10831,0.9590003173798323
10832,0.8749775588512421
10833,0.9170034900307655
10834,0.8750066626816988
10835,0.9170034900307655
10836,0.8750066626816988
10837,0.9160139597952366
10838,0.9170034900307655
10839,0.8750066626816988
10840,0.9170034900307655
10841,0.9170034900307655
10842,0.9590003173798323
10843,0.9169743862003088
10844,0.9170034900307655
10845,0.9170034900307655
10846,0.8750066626816988
10847,0.9159848559647799
10848,0.9159848559647799
10849,0.9160139597952366
10850,0.9580107871443033
10851,0.9159848559647799
10852,0.9160139597952366
10853,0.9580107871443033
10854,0.9579816833138466
10855,0.9159848559647799
10856,0.9160139597952366
10857,0.9160139597952366
10858,0.9170034900307655
10859,0.9579816833138466
10860,0.8750066626816988
10861,0.9170034900307655
10862,0.8750066626816988
10863,0.9590003173798323
10864,0.8750066626816988
10865,0.8750066626816988
10866,0.8750066626816988
10867,0.9170034900307655
10868,0.9160139597952366
10869,0.9160139597952366
10870,0.8750066626816988
10871,0.9170034900307655
10872,0.9580107871443033
10873,0.8750066626816988
10874,0.9159848559647799
10875,0.8749775588512421
10876,0.8750066626816988
10877,0.9170034900307655
10878,0.8749775588512421
10879,0.9159848559647799
10880,0.8750066626816988
10881,0.9170034900307655
10882,0.9579816833138466
10883,0.8749775588512421
10884,0.9580107871443033
10885,0.9170034900307655
10886,0.9169743862003088
10887,0.8750066626816988
10888,0.9170034900307655
10889,0.9170034900307655
10890,0.9159848559647799
10891,0.9160139597952366
10892,0.9160139597952366
10893,0.9170034900307655
10894,0.9169743862003088
10895,0.8750066626816988
10896,0.9170034900307655
10897,0.9170034900307655
10898,0.9579816833138466
10899,0.8750066626816988
10900,0.8750066626816988
10901,0.9170034900307655
10902,0.9580107871443033
10903,0.9170034900307655
10904,0.9170034900307655
10905,0.8749775588512421
10906,0.9170034900307655
10907,0.8750066626816988
10908,0.9160139597952366
10909,0.9159848559647799
10910,0.9579816833138466
10911,0.9160139597952366
10912,0.9160139597952366
10913,0.8750066626816988
10914,0.8750066626816988
10915,0.9170034900307655
10916,0.9170034900307655
10917,0.9170034900307655
10918,0.9580107871443033
10919,0.9170034900307655
10920,0.9580107871443033
10921,0.9170034900307655
10922,0.9580107871443033
10923,0.8750066626816988
10924,0.8750066626816988
10925,0.8749775588512421
10926,0.9170034900307655
10927,0.8750066626816988
10928,0.9170034900307655
10929,0.9169743862003088
10930,0.9170034900307655
10931,0.9170034900307655
10932,0.9159848559647799
10933,0.8749775588512421
10934,0.8330098353326321
10935,0.8750066626816988
10936,0.9579816833138466
10937,0.9170034900307655
10938,0.9590003173798323
10939,0.9170034900307655
10940,0.8749775588512421
10941,0.8749775588512421
10942,0.8750066626816988
10943,0.8750066626816988
10944,0.9170034900307655
10945,0.8750066626816988
10946,0.833999365568161
10947,0.8750066626816988
10948,0.833999365568161
10949,0.9170034900307655
10950,0.8750066626816988
10951,0.9170034900307655
10952,0.9579816833138466
10953,0.9159848559647799
10954,0.9170034900307655
10955,0.8750066626816988
10956,0.9159848559647799
10957,0.9170034900307655
10958,0.8330098353326321
10959,0.9160139597952366
10960,0.9579816833138466
10961,0.9170034900307655
10962,0.8750066626816988
10963,0.9160139597952366
10964,0.9159848559647799
10965,0.9159848559647799
10966,0.8750066626816988
10967,0.9170034900307655
10968,0.9169743862003088
10969,0.8750066626816988
10970,0.8750066626816988
10971,0.9170034900307655
10972,0.9169743862003088
10973,0.8750066626816988
10974,0.9170034900307655
10975,0.9170034900307655
10976,0.833999365568161
10977,0.9170034900307655
10978,0.9170034900307655
10979,0.9170034900307655
10980,0.9159848559647799
10981,0.8330098353326321
10982,0.9170034900307655
10983,0.8750066626816988
10984,0.8749775588512421
10985,0.8750066626816988
10986,0.8330098353326321
10987,0.9170034900307655
10988,0.9169743862003088
10989,0.8750066626816988
10990,0.9160139597952366
10991,0.8750066626816988
10992,0.9169743862003088
10993,0.9170034900307655
10994,0.9170034900307655
10995,0.8749775588512421
10996,0.9159848559647799
10997,0.8750066626816988
10998,0.8330098353326321
10999,0.8330098353326321
11000,0.8750066626816988
11001,0.8750066626816988
11002,0.8750066626816988
11003,0.8750066626816988
11004,0.9170034900307655
11005,0.9170034900307655
11006,0.8750066626816988
11007,0.9170034900307655
11008,0.9999785106629133
11009,0.9170034900307655
11010,0.8750066626816988
11011,0.9159848559647799
11012,0.9579816833138466
11013,0.9160139597952366
11014,0.9160139597952366
11015,0.9159848559647799
11016,0.8749775588512421
11017,0.8750066626816988
11018,0.9170034900307655
11019,0.9159848559647799
11020,0.9159848559647799
11021,0.8750066626816988
11022,0.9170034900307655
11023,0.9159848559647799
11024,0.8749775588512421
11025,0.9590003173798323
11026,0.9170034900307655
11027,0.9159848559647799
11028,0.9579816833138466
11029,0.9170034900307655
11030,0.9160139597952366
11031,0.9579816833138466
11032,0.9170034900307655
11033,0.9170034900307655
11034,0.9170034900307655
11035,0.9170034900307655
11036,0.8750066626816988
11037,0.9580107871443033
11038,0.8750066626816988
11039,0.9169743862003088
11040,0.9170034900307655
11041,0.9170034900307655
11042,0.9159848559647799
11043,0.8749775588512421
11044,0.8750066626816988
11045,0.8750066626816988
11046,0.9170034900307655
11047,0.9579816833138466
11048,0.8750066626816988
11049,0.9170034900307655
11050,0.9170034900307655
11051,0.9590003173798323
11052,0.8750066626816988
11053,0.9580107871443033
11054,0.833999365568161
11055,0.9170034900307655
11056,0.9170034900307655
11057,0.9160139597952366
11058,0.8750066626816988
11059,0.8750066626816988
11060,0.9170034900307655
11061,0.9170034900307655
11062,0.9169743862003088
11063,0.8750066626816988
11064,0.8750066626816988
11065,0.8750066626816988
11066,0.9169743862003088
11067,0.9159848559647799
11068,0.8330098353326321
11069,0.8750066626816988
11070,0.8329807315021753
11071,0.9170034900307655
11072,0.9580107871443033
11073,0.9170034900307655
11074,0.9159848559647799
11075,0.9170034900307655
11076,0.9580107871443033
11077,0.8750066626816988
11078,0.8749775588512421
11079,0.8749775588512421
11080,0.8750066626816988
11081,0.8750066626816988
11082,0.9159848559647799
11083,0.9160139597952366
11084,0.8750066626816988
11085,0.8750066626816988
11086,0.8329807315021753
11087,0.8750066626816988
11088,0.9580107871443033
11089,0.9170034900307655
11090,0.8749775588512421
11091,0.8750066626816988
11092,0.8750066626816988
11093,0.8750066626816988
11094,0.8750066626816988
11095,0.9160139597952366
11096,0.9580107871443033
11097,0.8750066626816988
11098,0.8749775588512421
11099,0.8750066626816988
11100,0.9160139597952366
11101,0.9159848559647799
11102,0.9159848559647799
11103,0.8750066626816988
11104,0.8750066626816988
11105,0.9580107871443033
11106,0.9579816833138466
11107,0.8750066626816988
11108,0.8750066626816988
11109,0.9170034900307655
11110,0.8750066626816988
11111,0.8750066626816988
11112,0.9170034900307655
11113,0.8750066626816988
11114,0.9170034900307655
11115,0.8750066626816988
11116,0.9160139597952366
11117,0.9170034900307655
11118,0.9170034900307655
11119,0.9170034900307655
11120,0.8750066626816988
11121,0.9169743862003088
11122,0.8750066626816988
11123,0.9160139597952366
11124,0.8750066626816988
11125,0.8749775588512421
11126,0.8750066626816988
11127,0.8330098353326321
11128,0.9590003173798323
11129,0.9590003173798323
11130,0.9590003173798323
11131,0.9590003173798323
11132,0.9170034900307655
11133,0.8749775588512421
11134,0.8750066626816988
11135,0.8750066626816988
11136,0.9170034900307655
11137,0.9169743862003088
11138,0.8750066626816988
11139,0.8750066626816988
11140,0.9159848559647799
11141,0.8749775588512421
11142,0.9590003173798323
11143,0.8750066626816988
11144,0.8749775588512421
11145,0.8749775588512421
11146,0.9170034900307655
11147,0.9170034900307655
11148,0.9170034900307655
11149,0.9159848559647799
11150,0.9160139597952366
11151,0.9160139597952366
11152,0.8750066626816988
11153,0.9159848559647799
11154,0.8750066626816988
11155,0.8750066626816988
11156,0.9170034900307655
11157,0.8750066626816988
11158,0.9160139597952366
11159,0.8750066626816988
11160,0.8750066626816988
11161,0.833999365568161
11162,0.8330098353326321
11163,0.8750066626816988
11164,0.8750066626816988
11165,0.8749775588512421
11166,0.9170034900307655
11167,0.8750066626816988
11168,0.8749775588512421
11169,0.8749775588512421
11170,0.8750066626816988
11171,0.8750066626816988
11172,0.9170034900307655
11173,0.9169743862003088
11174,0.8330098353326321
11175,0.9160139597952366
11176,0.8750066626816988
11177,0.8750066626816988
11178,0.8750066626816988
11179,0.9170034900307655
11180,0.8749775588512421
11181,0.9159848559647799
11182,0.9170034900307655
11183,0.8750066626816988
11184,0.9170034900307655
11185,0.8750066626816988
11186,0.9160139597952366
11187,0.8750066626816988
11188,0.9170034900307655
11189,0.8750066626816988
11190,0.8750066626816988
11191,0.8750066626816988
11192,0.8749775588512421
11193,0.8749775588512421
11194,0.9170034900307655
11195,0.8750066626816988
11196,0.8749775588512421
11197,0.8749775588512421
11198,0.9170034900307655
11199,0.8750066626816988
11200,0.8750066626816988
11201,0.9170034900307655
11202,0.9170034900307655
11203,0.8750066626816988
11204,0.9159848559647799
11205,0.9159848559647799
11206,0.8750066626816988
11207,0.9170034900307655
11208,0.9159848559647799
11209,0.9159848559647799
11210,0.9160139597952366
11211,0.9170034900307655
11212,0.9579816833138466
11213,0.8750066626816988
11214,0.9170034900307655
11215,0.9170034900307655
11216,0.8749775588512421
11217,0.9170034900307655
11218,0.9160139597952366
11219,0.8330098353326321
11220,0.9170034900307655
11221,0.9580107871443033
11222,0.9170034900307655
11223,0.9159848559647799
11224,0.8749775588512421
11225,0.9170034900307655
11226,0.8330098353326321
11227,0.8750066626816988
11228,0.8749775588512421
11229,0.833999365568161
11230,0.8750066626816988
11231,0.8749775588512421
11232,0.9159848559647799
11233,0.9170034900307655
11234,0.8750066626816988
11235,0.9170034900307655
11236,0.9159848559647799
11237,0.9170034900307655
11238,0.8750066626816988
11239,0.8749775588512421
11240,0.9999785106629133
11241,0.9170034900307655
11242,0.9590003173798323
11243,0.9169743862003088
11244,0.9159848559647799
11245,0.9160139597952366
11246,0.9999785106629133
11247,0.9170034900307655
11248,0.9580107871443033
11249,0.9580107871443033
11250,0.9579816833138466
11251,0.8750066626816988
11252,0.9160139597952366
11253,0.9159848559647799
11254,0.9159848559647799
11255,0.9170034900307655
11256,0.9170034900307655
11257,0.9170034900307655
11258,0.9170034900307655
11259,0.9170034900307655
11260,0.9170034900307655
11261,0.9159848559647799
11262,1.00000761449337
11263,0.9160139597952366
11264,0.9160139597952366
11265,0.9159848559647799
11266,0.9170034900307655
11267,0.9170034900307655
11268,0.8750066626816988
11269,0.9170034900307655
11270,0.9590003173798323
11271,0.9590003173798323
11272,0.9590003173798323
11273,0.9169743862003088
11274,0.9170034900307655
11275,0.9590003173798323
11276,0.9170034900307655
11277,0.9590003173798323
11278,0.9590003173798323
11279,0.8750066626816988
11280,0.9159848559647799
11281,0.9159848559647799
11282,0.9580107871443033
11283,0.9170034900307655
11284,0.9169743862003088
11285,0.8750066626816988
11286,0.9160139597952366
11287,0.9580107871443033
11288,0.8749775588512421
11289,0.9170034900307655
11290,0.9590003173798323
11291,0.9590003173798323
11292,0.8749775588512421
11293,0.9160139597952366
11294,0.8750066626816988
11295,0.9590003173798323
11296,0.8749775588512421
11297,0.9170034900307655
11298,0.9160139597952366
11299,0.9159848559647799
11300,0.9169743862003088
11301,0.9170034900307655
11302,0.8750066626816988
11303,0.9590003173798323
11304,0.9590003173798323
11305,0.8750066626816988
11306,0.9170034900307655
11307,0.9159848559647799
11308,0.8749775588512421
11309,0.9170034900307655
11310,0.8750066626816988
11311,0.9580107871443033
11312,0.9170034900307655
11313,0.9170034900307655
11314,0.8750066626816988
11315,0.9170034900307655
11316,0.8750066626816988
11317,0.9160139597952366
11318,0.9160139597952366
11319,0.9159848559647799
11320,0.9159848559647799
11321,0.9160139597952366
11322,0.9160139597952366
11323,0.9159848559647799
11324,0.9170034900307655
11325,0.9170034900307655
11326,0.9170034900307655
11327,0.9589712135493755
11328,0.9580107871443033
11329,0.8750066626816988
11330,0.8750066626816988
11331,0.9159848559647799
11332,0.9160139597952366
11333,0.9160139597952366
11334,0.9159848559647799
11335,0.9169743862003088
11336,0.9170034900307655
11337,0.8750066626816988
11338,0.8749775588512421
11339,0.9159848559647799
11340,0.9170034900307655
11341,0.9170034900307655
11342,0.8750066626816988
11343,0.9170034900307655
11344,0.833999365568161
11345,0.9170034900307655
11346,0.9170034900307655
11347,0.9159848559647799
11348,0.8750066626816988
11349,0.9170034900307655
11350,0.9159848559647799
11351,0.9159848559647799
11352,0.8750066626816988
11353,0.9170034900307655
11354,0.9169743862003088
11355,0.8750066626816988
11356,0.9160139597952366
11357,0.8750066626816988
11358,0.8749775588512421
11359,0.9170034900307655
11360,0.8750066626816988
11361,0.8750066626816988
11362,0.9170034900307655
11363,0.8750066626816988
11364,0.9590003173798323
11365,0.9170034900307655
11366,0.9579816833138466
11367,0.9580107871443033
11368,0.8750066626816988
11369,0.9590003173798323
11370,0.9579816833138466
11371,0.8750066626816988
11372,0.9170034900307655
11373,0.9170034900307655
11374,0.9590003173798323
11375,0.9580107871443033
11376,0.8750066626816988
11377,0.9170034900307655
11378,0.9169743862003088
11379,0.9170034900307655
11380,0.8750066626816988
11381,0.8749775588512421
11382,0.9159848559647799
11383,0.9160139597952366
11384,0.8750066626816988
11385,0.9169743862003088
11386,0.9170034900307655
11387,0.9580107871443033
11388,0.8750066626816988
11389,0.9159848559647799
11390,0.8750066626816988
11391,0.8750066626816988
11392,0.9160139597952366
11393,0.9159848559647799
11394,0.9580107871443033
11395,0.9160139597952366
11396,0.9580107871443033
11397,0.9159848559647799
11398,0.9160139597952366
11399,0.8750066626816988
11400,0.8750066626816988
11401,0.9170034900307655
11402,0.8750066626816988
11403,0.8750066626816988
11404,0.9579816833138466
11405,0.9579816833138466
11406,0.9170034900307655
11407,0.9170034900307655
11408,0.8329807315021753
11409,0.9159848559647799
11410,0.8750066626816988
11411,0.9590003173798323
11412,0.9590003173798323
11413,0.9169743862003088
11414,0.8750066626816988
11415,0.9170034900307655
11416,0.9169743862003088
11417,0.9579816833138466
11418,0.9590003173798323
11419,0.9170034900307655
11420,0.9590003173798323
11421,0.9590003173798323
11422,0.9590003173798323
11423,0.9590003173798323
11424,0.9170034900307655
11425,0.9590003173798323
11426,0.9170034900307655
11427,0.9170034900307655
11428,0.9169743862003088
11429,0.9170034900307655
11430,0.9170034900307655
11431,0.9170034900307655
11432,0.9590003173798323
11433,0.9590003173798323
11434,0.9170034900307655
11435,0.9170034900307655
11436,0.9590003173798323
11437,1.00000761449337
11438,0.9590003173798323
11439,0.9590003173798323
11440,0.9590003173798323
11441,0.9170034900307655
11442,0.9580107871443033
11443,0.9159848559647799
11444,0.9160139597952366
11445,0.9160139597952366
11446,0.9159848559647799
11447,0.9159848559647799
11448,0.9170034900307655
11449,0.9580107871443033
11450,1.00000761449337
11451,0.9169743862003088
11452,0.8750066626816988
11453,0.9590003173798323
11454,0.9169743862003088
11455,0.9590003173798323
11456,0.9170034900307655
11457,0.9170034900307655
11458,0.9579816833138466
11459,0.9170034900307655
11460,0.9590003173798323
11461,0.9580107871443033
11462,0.9170034900307655
11463,0.9170034900307655
11464,0.9170034900307655
11465,0.9170034900307655
11466,0.9579816833138466
11467,0.9170034900307655
11468,0.9580107871443033
11469,0.9579816833138466
11470,0.9169743862003088
11471,0.9590003173798323
11472,0.9170034900307655
11473,0.9170034900307655
11474,0.9170034900307655
11475,0.9170034900307655
11476,0.9170034900307655
11477,0.9590003173798323
11478,0.9580107871443033
11479,0.9160139597952366
11480,0.9170034900307655
11481,0.9579816833138466
11482,0.9580107871443033
11483,0.9160139597952366
11484,0.9159848559647799
11485,0.9999785106629133
11486,0.9170034900307655
11487,0.9580107871443033
11488,0.9580107871443033
11489,0.9159848559647799
11490,0.8750066626816988
11491,0.9580107871443033
11492,0.9170034900307655
11493,0.9169743862003088
11494,0.9170034900307655
11495,0.9580107871443033
11496,0.9579816833138466
11497,0.9170034900307655
11498,0.9170034900307655
11499,0.9590003173798323
11500,0.8749775588512421
11501,0.9170034900307655
11502,0.9160139597952366
11503,0.9160139597952366
11504,0.9159848559647799
11505,0.8749775588512421
11506,0.9170034900307655
11507,0.9580107871443033
11508,0.9170034900307655
11509,0.9170034900307655
11510,0.9170034900307655
11511,0.9170034900307655
11512,0.9170034900307655
11513,0.8750066626816988
11514,0.9580107871443033
11515,0.9159848559647799
11516,0.9159848559647799
11517,0.9160139597952366
11518,0.9170034900307655
11519,0.9579816833138466
11520,0.9579816833138466
11521,0.9160139597952366
11522,0.8750066626816988
11523,0.9170034900307655
11524,0.9590003173798323
11525,0.9170034900307655
11526,1.00000761449337
11527,0.9579816833138466
11528,1.00000761449337
11529,0.9590003173798323
11530,0.9170034900307655
11531,0.8750066626816988
11532,0.9160139597952366
11533,0.9170034900307655
11534,0.9170034900307655
11535,0.9170034900307655
11536,0.8750066626816988
11537,0.9160139597952366
11538,0.9159848559647799
11539,0.9159848559647799
11540,0.9160139597952366
11541,0.9160139597952366
11542,0.9579816833138466
11543,0.8749775588512421
11544,0.8750066626816988
11545,0.9170034900307655
11546,0.8749775588512421
11547,0.9159848559647799
11548,0.8750066626816988
11549,0.9170034900307655
11550,0.9170034900307655
11551,0.9170034900307655
11552,0.9170034900307655
11553,0.9170034900307655
11554,0.9170034900307655
11555,0.8750066626816988
11556,0.9170034900307655
11557,0.9170034900307655
11558,0.9159848559647799
11559,0.8750066626816988
11560,0.8750066626816988
11561,0.9160139597952366
11562,0.9159848559647799
11563,0.9159848559647799
11564,0.8750066626816988
11565,0.8750066626816988
11566,0.9589712135493755
11567,0.8750066626816988
11568,0.8750066626816988
11569,0.9159848559647799
11570,0.9579816833138466
11571,0.9160139597952366
11572,0.9160139597952366
11573,0.8750066626816988
11574,0.8749775588512421
11575,0.9170034900307655
11576,0.8750066626816988
11577,0.9170034900307655
11578,0.9169743862003088
11579,0.9170034900307655
11580,0.9170034900307655
11581,0.9170034900307655
11582,0.9170034900307655
11583,0.9580107871443033
11584,0.9170034900307655
11585,0.9159848559647799
11586,0.9159848559647799
11587,0.9170034900307655
11588,0.9170034900307655
11589,0.9170034900307655
11590,0.9580107871443033
11591,0.9170034900307655
11592,0.8750066626816988
11593,0.9590003173798323
11594,0.8750066626816988
11595,0.9160139597952366
11596,0.8750066626816988
11597,0.8749775588512421
11598,0.9170034900307655
11599,0.9160139597952366
11600,0.8750066626816988
11601,0.8749775588512421
11602,0.8750066626816988
11603,0.9160139597952366
11604,0.8750066626816988
11605,0.9169743862003088
11606,0.9590003173798323
11607,0.9580107871443033
11608,0.9580107871443033
11609,0.8750066626816988
11610,0.9160139597952366
11611,0.9160139597952366
11612,0.9580107871443033
11613,0.9159848559647799
11614,0.9160139597952366
11615,0.9170034900307655
11616,0.8749775588512421
11617,0.9170034900307655
11618,0.9580107871443033
11619,0.9580107871443033
11620,0.8750066626816988
11621,0.8750066626816988
11622,0.8750066626816988
11623,0.9160139597952366
11624,0.9170034900307655
11625,0.9170034900307655
11626,0.9170034900307655
11627,0.9170034900307655
11628,0.8749775588512421
11629,0.9159848559647799
11630,0.8750066626816988
11631,0.9170034900307655
11632,0.9169743862003088
11633,0.9579816833138466
11634,0.9160139597952366
11635,0.9160139597952366
11636,0.9170034900307655
11637,0.9170034900307655
11638,0.8750066626816988
11639,0.9160139597952366
11640,0.9169743862003088
11641,0.8750066626816988
11642,0.9170034900307655
11643,0.9170034900307655
11644,0.8750066626816988
11645,0.8750066626816988
11646,0.9580107871443033
11647,0.9170034900307655
11648,0.9169743862003088
11649,0.9170034900307655
11650,0.9170034900307655
11651,0.9170034900307655
11652,0.9159848559647799
11653,0.9160139597952366
11654,0.8330098353326321
11655,0.9170034900307655
11656,0.9159848559647799
11657,0.9160139597952366
11658,0.8750066626816988
11659,0.8750066626816988
11660,0.8750066626816988
11661,0.9170034900307655
11662,0.8750066626816988
11663,0.8749775588512421
11664,0.8749775588512421
11665,0.9170034900307655
11666,0.8750066626816988
11667,0.9169743862003088
11668,0.8750066626816988
11669,0.9580107871443033
11670,0.9580107871443033
11671,0.9159848559647799
11672,0.8749775588512421
11673,0.9170034900307655
11674,0.9580107871443033
11675,0.9170034900307655
11676,1.00000761449337
11677,0.9170034900307655
11678,0.9170034900307655
11679,0.9579816833138466
11680,0.9160139597952366
11681,0.9170034900307655
11682,1.00000761449337
11683,0.8750066626816988
11684,0.9170034900307655
11685,0.8750066626816988
11686,0.9170034900307655
11687,0.9170034900307655
11688,0.9580107871443033
11689,0.9590003173798323
11690,0.9170034900307655
11691,0.9170034900307655
11692,0.9170034900307655
11693,0.9170034900307655
11694,0.8749775588512421
11695,0.9159848559647799
11696,0.9160139597952366
11697,0.8750066626816988
11698,0.8749775588512421
11699,0.9579816833138466
11700,0.9590003173798323
11701,0.9170034900307655
11702,0.9169743862003088
11703,0.9590003173798323
11704,0.8750066626816988
11705,0.9159848559647799
11706,0.9159848559647799
11707,0.8750066626816988
11708,0.8750066626816988
11709,0.9170034900307655
11710,0.8750066626816988
11711,0.9160139597952366
11712,0.8750066626816988
11713,0.8750066626816988
11714,0.833999365568161
11715,0.9170034900307655
11716,0.9160139597952366
11717,0.8750066626816988
11718,0.833999365568161
11719,0.9170034900307655
11720,1.0830117389559746
11721,0.8750066626816988
11722,0.8749775588512421
11723,0.8750066626816988
11724,0.9160139597952366
11725,0.9159848559647799
11726,0.8749775588512421
11727,1.0420044418424368
11728,0.9170034900307655
11729,0.9170034900307655
11730,0.9170034900307655
11731,0.9590003173798323
11732,0.9170034900307655
11733,0.9169743862003088
11734,0.9170034900307655
11735,0.9170034900307655
11736,0.833999365568161
11737,0.8749775588512421
11738,0.9170034900307655
11739,0.9160139597952366
11740,0.8750066626816988
11741,0.9169743862003088
11742,0.8750066626816988
11743,0.8750066626816988
11744,0.8750066626816988
11745,0.9590003173798323
11746,0.8750066626816988
11747,0.9160139597952366
11748,0.9159848559647799
11749,1.040985807776451
11750,0.8750066626816988
11751,0.8750066626816988
11752,0.9159848559647799
11753,0.8749775588512421
11754,0.8330098353326321
11755,0.8750066626816988
11756,0.9590003173798323
11757,0.8750066626816988
11758,0.8750066626816988
11759,0.8750066626816988
11760,0.8749775588512421
11761,0.9170034900307655
11762,0.8750066626816988
11763,0.8750066626816988
11764,0.8749775588512421
11765,0.8750066626816988
11766,0.8750066626816988
11767,0.9170034900307655
11768,0.8749775588512421
11769,0.8750066626816988
11770,0.9160139597952366
11771,0.9170034900307655
11772,0.9169743862003088
11773,0.8750066626816988
11774,0.9170034900307655
11775,0.8749775588512421
11776,0.8749775588512421
11777,0.9170034900307655
11778,0.8750066626816988
11779,0.8749775588512421
11780,0.8329807315021753
11781,0.8750066626816988
11782,0.8750066626816988
11783,0.9170034900307655
11784,0.8750066626816988
11785,0.8750066626816988
11786,0.9170034900307655
11787,0.9169743862003088
11788,0.8750066626816988
11789,0.9170034900307655
11790,0.9170034900307655
11791,0.8749775588512421
11792,0.8749775588512421
11793,0.8750066626816988
11794,0.833999365568161
11795,0.9169743862003088
11796,0.9170034900307655
11797,0.9170034900307655
11798,0.9170034900307655
11799,0.8750066626816988
11800,0.8750066626816988
11801,0.8750066626816988
11802,0.9580107871443033
11803,0.8750066626816988
11804,0.9170034900307655
11805,0.9160139597952366
11806,0.8330098353326321
11807,0.833999365568161
11808,0.8750066626816988
11809,0.8750066626816988
11810,0.9160139597952366
11811,0.8750066626816988
11812,0.8750066626816988
11813,0.9580107871443033
11814,0.9160139597952366
11815,0.8750066626816988
11816,0.8750066626816988
11817,0.9170034900307655
11818,0.9160139597952366
11819,0.9170034900307655
11820,0.9170034900307655
11821,0.9170034900307655
11822,0.9170034900307655
11823,0.8749775588512421
11824,0.9160139597952366
11825,0.9160139597952366
11826,0.8750066626816988
11827,0.9170034900307655
11828,0.8750066626816988
11829,0.9160139597952366
11830,0.8750066626816988
11831,0.8749775588512421
11832,1.00000761449337
11833,1.00000761449337
11834,0.9170034900307655
11835,0.9590003173798323
11836,0.9170034900307655
11837,0.9170034900307655
11838,0.8749775588512421
11839,0.9159848559647799
11840,0.8750066626816988
11841,0.9170034900307655
11842,0.8749775588512421
11843,0.9170034900307655
11844,0.9170034900307655
11845,0.9170034900307655
11846,0.9169743862003088
11847,0.9999785106629133
11848,1.00000761449337
11849,0.9170034900307655
11850,0.9579816833138466
11851,1.00000761449337
11852,0.9160139597952366
11853,0.9159848559647799
11854,0.9169743862003088
11855,0.8750066626816988
11856,0.8750066626816988
11857,0.9580107871443033
11858,0.9170034900307655
11859,0.9160139597952366
11860,0.9580107871443033
11861,0.9170034900307655
11862,0.9170034900307655
11863,0.9170034900307655
11864,0.8750066626816988
11865,0.9159848559647799
11866,0.9159848559647799
11867,0.9170034900307655
11868,0.9580107871443033
11869,0.9159848559647799
11870,0.9170034900307655
11871,0.9170034900307655
11872,0.9170034900307655
11873,0.9579816833138466
11874,0.9170034900307655
11875,0.9170034900307655
11876,0.9170034900307655
11877,0.9169743862003088
11878,0.9170034900307655
11879,0.9170034900307655
11880,0.9170034900307655
11881,0.9579816833138466
11882,0.9160139597952366
11883,0.9170034900307655
11884,0.9590003173798323
11885,0.9170034900307655
11886,0.8750066626816988
11887,0.9160139597952366
11888,0.8750066626816988
11889,0.9170034900307655
11890,0.8750066626816988
11891,0.9590003173798323
11892,0.9170034900307655
11893,0.9590003173798323
11894,0.9170034900307655
11895,0.9170034900307655
11896,0.9590003173798323
11897,0.9170034900307655
11898,0.8750066626816988
11899,0.9160139597952366
11900,0.9999785106629133
11901,0.9170034900307655
11902,0.8750066626816988
11903,0.9159848559647799
11904,0.8749775588512421
11905,0.9580107871443033
11906,0.9170034900307655
11907,0.9170034900307655
11908,0.9169743862003088
11909,0.9170034900307655
11910,0.9170034900307655
11911,0.9579816833138466
11912,0.9170034900307655
11913,0.9170034900307655
11914,0.9580107871443033
11915,0.9170034900307655
11916,0.9170034900307655
11917,0.9170034900307655
11918,0.8750066626816988
11919,0.9159848559647799
11920,0.9159848559647799
11921,0.9580107871443033
11922,0.9580107871443033
11923,0.9589712135493755
11924,0.8750066626816988
11925,0.9170034900307655
11926,0.9590003173798323
11927,0.9590003173798323
11928,0.9590003173798323
11929,0.9170034900307655
11930,0.9170034900307655
11931,0.9159848559647799
11932,0.9580107871443033
11933,0.9590003173798323
11934,0.9170034900307655
11935,0.9579816833138466
11936,0.8750066626816988
11937,0.8750066626816988
11938,0.8749775588512421
11939,0.9590003173798323
11940,0.8750066626816988
11941,0.9170034900307655
11942,0.8749775588512421
11943,0.8749775588512421
11944,0.9170034900307655
11945,0.9170034900307655
11946,0.8749775588512421
11947,0.8749775588512421
11948,0.8750066626816988
11949,0.9170034900307655
11950,0.9590003173798323
11951,0.9590003173798323
11952,0.9170034900307655
11953,0.8750066626816988
11954,0.8750066626816988
11955,0.8750066626816988
11956,0.9170034900307655
11957,0.8750066626816988
11958,0.8750066626816988
11959,0.9160139597952366
11960,0.8750066626816988
11961,0.9170034900307655
11962,0.9169743862003088
11963,0.9590003173798323
11964,1.0420044418424368
11965,0.9159848559647799
11966,0.9159848559647799
11967,0.9580107871443033
11968,0.9170034900307655
11969,0.8750066626816988
11970,0.9170034900307655
11971,0.9590003173798323
11972,0.9590003173798323
11973,0.9169743862003088
11974,0.9170034900307655
11975,0.9170034900307655
11976,0.8750066626816988
11977,0.9579816833138466
11978,0.9580107871443033
11979,1.00000761449337
11980,0.9590003173798323
11981,0.8749775588512421
11982,0.9170034900307655
11983,0.9580107871443033
11984,0.8749775588512421
11985,0.9169743862003088
11986,0.8750066626816988
11987,0.9170034900307655
11988,0.833999365568161
11989,0.9169743862003088
11990,0.9170034900307655
11991,0.9580107871443033
11992,0.8750066626816988
11993,0.9170034900307655
11994,0.9170034900307655
11995,0.9580107871443033
11996,0.9159848559647799
11997,0.9159848559647799
11998,0.8750066626816988
11999,0.9170034900307655
12000,0.8749775588512421
12001,0.9170034900307655
12002,0.8750066626816988
12003,0.9160139597952366
12004,0.8749775588512421
12005,0.9170034900307655
12006,0.8750066626816988
12007,0.8750066626816988
12008,0.8749775588512421
12009,0.8750066626816988
12010,0.9160139597952366
12011,0.9580107871443033
12012,0.9170034900307655
12013,0.8750066626816988
12014,0.8750066626816988
12015,0.9160139597952366
12016,0.8749775588512421
12017,0.8750066626816988
12018,0.9170034900307655
12019,0.9170034900307655
12020,0.8750066626816988
12021,0.9170034900307655
12022,0.9170034900307655
12023,0.9590003173798323
12024,0.8749775588512421
12025,0.9580107871443033
12026,0.833999365568161
12027,0.9590003173798323
12028,0.9999785106629133
12029,0.9170034900307655
12030,0.9160139597952366
12031,0.9170034900307655
12032,0.8750066626816988
12033,0.8750066626816988
12034,0.8750066626816988
12035,0.9159848559647799
12036,0.8749775588512421
12037,0.8750066626816988
12038,0.8750066626816988
12039,0.8750066626816988
12040,0.8330098353326321
12041,0.9580107871443033
12042,0.9160139597952366
12043,0.9170034900307655
12044,0.9170034900307655
12045,0.8750066626816988
12046,0.8750066626816988
12047,0.8750066626816988
12048,0.8749775588512421
12049,0.8750066626816988
12050,0.9160139597952366
12051,0.8750066626816988
12052,0.9170034900307655
12053,0.8330098353326321
12054,0.9160139597952366
12055,0.9159848559647799
12056,0.8750066626816988
12057,0.9590003173798323
12058,0.8750066626816988
12059,0.8750066626816988
12060,0.9170034900307655
12061,0.9170034900307655
12062,0.9160139597952366
12063,0.9170034900307655
12064,0.8750066626816988
12065,0.9160139597952366
12066,0.8330098353326321
12067,0.9169743862003088
12068,0.8749775588512421
12069,0.9170034900307655
12070,0.9170034900307655
12071,0.8749775588512421
12072,0.8749775588512421
12073,0.8750066626816988
12074,0.833999365568161
12075,0.9170034900307655
12076,0.8750066626816988
12077,0.9160139597952366
12078,0.8750066626816988
12079,0.8749775588512421
12080,0.9590003173798323
12081,0.9170034900307655
12082,0.9580107871443033
12083,0.8750066626816988
12084,0.8750066626816988
12085,0.9170034900307655
12086,0.9170034900307655
12087,0.8329807315021753
12088,0.9170034900307655
12089,0.9160139597952366
12090,0.9160139597952366
12091,0.9170034900307655
12092,0.9170034900307655
12093,0.9160139597952366
12094,0.8750066626816988
12095,0.9590003173798323
12096,0.9170034900307655
12097,0.9160139597952366
12098,0.8330098353326321
12099,0.9169743862003088
12100,0.9580107871443033
12101,0.8750066626816988
12102,0.9580107871443033
12103,0.8749775588512421
12104,0.9170034900307655
12105,0.9170034900307655
12106,0.9159848559647799
12107,0.9159848559647799
12108,0.8750066626816988
12109,0.8750066626816988
12110,0.9170034900307655
12111,0.9579816833138466
12112,0.9160139597952366
12113,0.9160139597952366
12114,0.8330098353326321
12115,0.9170034900307655
12116,0.9160139597952366
12117,0.9160139597952366
12118,0.9580107871443033
12119,0.8750066626816988
12120,0.8750066626816988
12121,0.8750066626816988
12122,0.8749775588512421
12123,0.9170034900307655
12124,0.8750066626816988
12125,0.9160139597952366
12126,0.9170034900307655
12127,0.9170034900307655
12128,0.8750066626816988
12129,0.9160139597952366
12130,0.9159848559647799
12131,0.9170034900307655
12132,0.8750066626816988
12133,0.9160139597952366
12134,0.8750066626816988
12135,0.8750066626816988
12136,0.9160139597952366
12137,0.9160139597952366
12138,0.8329807315021753
12139,0.8750066626816988
12140,0.8750066626816988
12141,0.9170034900307655
12142,0.8749775588512421
12143,0.8749775588512421
12144,0.8330098353326321
12145,0.8750066626816988
12146,0.8749775588512421
12147,0.9159848559647799
12148,0.8750066626816988
12149,0.9590003173798323
12150,0.833999365568161
12151,0.9170034900307655
12152,0.9170034900307655
12153,0.9170034900307655
12154,0.9170034900307655
12155,0.8750066626816988
12156,0.8750066626816988
12157,0.9160139597952366
12158,0.8750066626816988
12159,0.8750066626816988
12160,0.8750066626816988
12161,0.9580107871443033
12162,0.8750066626816988
12163,0.8750066626816988
12164,0.9170034900307655
12165,0.8750066626816988
12166,0.8750066626816988
12167,0.8750066626816988
12168,0.9170034900307655
12169,0.9160139597952366
12170,0.9159848559647799
12171,0.9160139597952366
12172,0.9170034900307655
12173,0.9579816833138466
12174,0.8329807315021753
12175,0.8750066626816988
12176,0.9580107871443033
12177,0.9159848559647799
12178,0.9579816833138466
12179,0.9160139597952366
12180,0.9580107871443033
12181,0.9170034900307655
12182,0.9170034900307655
12183,0.9160139597952366
12184,0.9170034900307655
12185,0.9170034900307655
12186,0.9170034900307655
12187,0.8750066626816988
12188,0.9160139597952366
12189,0.9170034900307655
12190,0.9170034900307655
12191,0.9170034900307655
12192,0.9170034900307655
12193,0.9170034900307655
12194,0.9170034900307655
12195,0.9170034900307655
12196,0.9590003173798323
12197,0.9170034900307655
12198,0.9170034900307655
12199,0.9170034900307655
12200,0.9170034900307655
12201,0.9159848559647799
12202,1.00000761449337
12203,0.8750066626816988
12204,0.8750066626816988
12205,0.8749775588512421
12206,0.9590003173798323
12207,0.9170034900307655
12208,0.9590003173798323
12209,0.9169743862003088
12210,0.9170034900307655
12211,0.9170034900307655
12212,0.9999785106629133
12213,0.9159848559647799
12214,0.9580107871443033
12215,0.8750066626816988
12216,0.9170034900307655
12217,1.0420044418424368
12218,0.9590003173798323
12219,0.9170034900307655
12220,0.9169743862003088
12221,0.9580107871443033
12222,0.8750066626816988
12223,1.00000761449337
12224,0.9169743862003088
12225,0.9580107871443033
12226,0.8750066626816988
12227,0.9590003173798323
12228,0.9590003173798323
12229,0.9580107871443033
12230,0.9580107871443033
12231,0.9579816833138466
12232,0.9170034900307655
12233,0.9170034900307655
12234,0.9170034900307655
12235,0.8749775588512421
12236,0.8749775588512421
12237,0.9170034900307655
12238,1.0830117389559746
12239,0.9159848559647799
12240,0.9160139597952366
12241,0.9170034900307655
12242,1.1250085663050413
12243,0.9170034900307655
12244,0.9580107871443033
12245,0.9580107871443033
12246,0.8749775588512421
12247,0.9159848559647799
12248,0.9170034900307655
12249,0.8750066626816988
12250,0.9590003173798323
12251,0.9170034900307655
12252,0.8750066626816988
12253,0.9160139597952366
12254,0.9579816833138466
12255,0.9170034900307655
12256,0.9590003173798323
12257,0.8750066626816988
12258,0.9169743862003088
12259,0.9170034900307655
12260,0.9160139597952366
12261,0.9580107871443033
12262,0.9579816833138466
12263,0.9160139597952366
12264,0.9160139597952366
12265,0.9159848559647799
12266,1.0420044418424368
12267,0.9590003173798323
12268,0.9170034900307655
12269,0.9170034900307655
12270,0.9170034900307655
12271,0.9170034900307655
12272,0.9169743862003088
12273,0.9159848559647799
12274,0.9580107871443033
12275,0.9170034900307655
12276,0.9169743862003088
12277,0.9159848559647799
12278,0.9160139597952366
12279,0.9170034900307655
12280,0.9170034900307655
12281,0.9170034900307655
12282,0.8750066626816988
12283,0.9160139597952366
12284,0.9159848559647799
12285,0.9580107871443033
12286,0.8750066626816988
12287,0.9580107871443033
12288,0.9170034900307655
12289,0.9170034900307655
12290,0.9160139597952366
12291,0.9159848559647799
12292,0.9579816833138466
12293,0.9590003173798323
12294,0.9590003173798323
12295,0.9169743862003088
12296,0.8750066626816988
12297,0.9160139597952366
12298,0.8750066626816988
12299,0.8749775588512421
12300,0.9590003173798323
12301,0.9170034900307655
12302,0.8750066626816988
12303,0.9170034900307655
12304,0.9170034900307655
12305,0.9170034900307655
12306,0.9159848559647799
12307,0.9579816833138466
12308,0.9170034900307655
12309,0.9170034900307655
12310,0.9170034900307655
12311,0.8750066626816988
12312,0.8750066626816988
12313,0.9170034900307655
12314,0.8749775588512421
12315,0.9159848559647799
12316,0.8750066626816988
12317,0.8750066626816988
12318,0.9169743862003088
12319,0.9170034900307655
12320,0.8750066626816988
12321,0.9170034900307655
12322,0.8749775588512421
12323,0.9170034900307655
12324,0.9170034900307655
12325,0.9170034900307655
12326,0.8749775588512421
12327,0.9159848559647799
12328,0.9580107871443033
12329,0.9580107871443033
12330,0.9159848559647799
12331,0.9170034900307655
12332,0.9170034900307655
12333,0.9999785106629133
12334,0.8749775588512421
12335,0.9170034900307655
12336,0.8330098353326321
12337,0.9159848559647799
12338,0.8749775588512421
12339,0.9170034900307655
12340,0.9580107871443033
12341,0.9170034900307655
12342,0.9159848559647799
12343,0.9170034900307655
12344,0.9170034900307655
12345,0.9170034900307655
12346,0.9170034900307655
12347,0.8750066626816988
12348,0.8750066626816988
12349,0.9170034900307655
12350,0.9590003173798323
12351,0.9170034900307655
12352,0.8750066626816988
12353,0.8750066626816988
12354,0.9170034900307655
12355,0.9170034900307655
12356,0.9590003173798323
12357,0.9169743862003088
12358,0.8750066626816988
12359,0.8750066626816988
12360,0.9580107871443033
12361,0.9159848559647799
12362,0.9580107871443033
12363,0.9170034900307655
12364,0.8330098353326321
12365,0.9159848559647799
12366,0.8329807315021753
12367,0.8750066626816988
12368,0.9160139597952366
12369,0.9159848559647799
12370,0.8749775588512421
12371,0.9580107871443033
12372,0.9170034900307655
12373,0.9169743862003088
12374,0.9170034900307655
12375,0.9170034900307655
12376,0.9590003173798323
12377,0.8749775588512421
12378,0.9170034900307655
12379,0.9170034900307655
12380,0.8749775588512421
12381,0.9159848559647799
12382,0.9160139597952366
12383,0.9170034900307655
12384,0.8750066626816988
12385,0.9170034900307655
12386,0.9170034900307655
12387,0.9160139597952366
12388,0.9170034900307655
12389,0.9590003173798323
12390,1.00000761449337
12391,0.9170034900307655
12392,0.9170034900307655
12393,0.8750066626816988
12394,0.9590003173798323
12395,0.9170034900307655
12396,0.8749775588512421
12397,0.8750066626816988
12398,0.8750066626816988
12399,0.8750066626816988
12400,0.9169743862003088
12401,0.9170034900307655
12402,1.00000761449337
12403,0.8750066626816988
12404,0.9159848559647799
12405,0.8750066626816988
12406,0.8750066626816988
12407,0.8750066626816988
12408,0.9159848559647799
12409,0.8750066626816988
12410,0.9170034900307655
12411,0.9170034900307655
12412,0.8749775588512421
12413,0.9170034900307655
12414,0.8750066626816988
12415,0.9159848559647799
12416,0.8749775588512421
12417,0.9590003173798323
12418,0.8750066626816988
12419,0.9159848559647799
12420,0.9159848559647799
12421,0.9170034900307655
12422,0.9170034900307655
12423,0.8750066626816988
12424,0.8750066626816988
12425,0.8750066626816988
12426,0.8750066626816988
12427,0.9159848559647799
12428,0.9159848559647799
12429,0.9160139597952366
12430,0.9580107871443033
12431,0.9159848559647799
12432,0.9579816833138466
12433,0.9170034900307655
12434,0.9590003173798323
12435,0.9169743862003088
12436,0.9170034900307655
12437,0.8750066626816988
12438,0.8750066626816988
12439,0.8749775588512421
12440,0.9159848559647799
12441,0.9580107871443033
12442,0.8750066626816988
12443,0.9170034900307655
12444,0.9170034900307655
12445,0.9160139597952366
12446,0.8750066626816988
12447,0.9579816833138466
12448,0.8749775588512421
12449,0.9170034900307655
12450,0.8750066626816988
12451,0.9169743862003088
12452,0.8750066626816988
12453,0.9160139597952366
12454,1.00000761449337
12455,0.9159848559647799
12456,0.9580107871443033
12457,0.8750066626816988
12458,0.8750066626816988
12459,0.9170034900307655
12460,0.8750066626816988
12461,0.8750066626816988
12462,0.8750066626816988
12463,0.9159848559647799
12464,0.9160139597952366
12465,0.9170034900307655
12466,0.9170034900307655
12467,0.9169743862003088
12468,0.9170034900307655
12469,0.9160139597952366
12470,0.8750066626816988
12471,0.9169743862003088
12472,0.9590003173798323
12473,0.9170034900307655
12474,0.9170034900307655
12475,0.9170034900307655
12476,0.8750066626816988
12477,0.9160139597952366
12478,0.9170034900307655
12479,0.8750066626816988
12480,0.8750066626816988
12481,0.9170034900307655
12482,0.9170034900307655
12483,0.9170034900307655
12484,0.8330098353326321
12485,0.9160139597952366
12486,0.8750066626816988
12487,0.9170034900307655
12488,0.9170034900307655
12489,0.9170034900307655
12490,0.9159848559647799
12491,0.9580107871443033
12492,0.9160139597952366
12493,0.9160139597952366
12494,0.9579816833138466
12495,0.9160139597952366
12496,0.9580107871443033
12497,0.9580107871443033
12498,0.8750066626816988
12499,0.8750066626816988
12500,0.9580107871443033
12501,0.9579816833138466
12502,0.9159848559647799
12503,0.9580107871443033
12504,0.8750066626816988
12505,0.9170034900307655
12506,0.9169743862003088
12507,0.9170034900307655
12508,0.9160139597952366
12509,0.9579816833138466
12510,0.8750066626816988
12511,0.9160139597952366
12512,0.8750066626816988
12513,0.9170034900307655
12514,0.8750066626816988
12515,0.9160139597952366
12516,0.9580107871443033
12517,0.9159848559647799
12518,0.9159848559647799
12519,0.9580107871443033
12520,0.8750066626816988
12521,0.9170034900307655
12522,0.9580107871443033
12523,0.9170034900307655
12524,0.8750066626816988
12525,0.9170034900307655
12526,1.00000761449337
12527,0.9170034900307655
12528,0.9170034900307655
12529,0.9170034900307655
12530,0.9160139597952366
12531,0.9160139597952366
12532,0.9159848559647799
12533,0.9169743862003088
12534,0.9590003173798323
12535,0.9170034900307655
12536,0.9170034900307655
12537,0.8750066626816988
12538,0.8750066626816988
12539,0.8750066626816988
12540,0.9170034900307655
12541,0.9590003173798323
12542,0.9170034900307655
12543,0.9170034900307655
12544,0.9169743862003088
12545,0.9170034900307655
12546,0.9590003173798323
12547,0.9170034900307655
12548,0.9169743862003088
12549,0.8750066626816988
12550,0.9160139597952366
12551,0.9580107871443033
12552,0.9159848559647799
12553,0.9580107871443033
12554,0.9160139597952366
12555,0.9159848559647799
12556,0.9579816833138466
12557,0.8750066626816988
12558,0.9160139597952366
12559,0.8750066626816988
12560,0.9169743862003088
12561,0.8750066626816988
12562,0.9170034900307655
12563,0.9580107871443033
12564,0.8750066626816988
12565,0.9580107871443033
12566,0.8750066626816988
12567,0.9170034900307655
12568,0.8750066626816988
12569,0.9160139597952366
12570,0.8750066626816988
12571,0.8749775588512421
12572,0.9170034900307655
12573,0.9170034900307655
12574,0.8750066626816988
12575,0.9159848559647799
12576,0.8749775588512421
12577,0.9170034900307655
12578,0.8330098353326321
12579,0.9159848559647799
12580,0.9579816833138466
12581,0.8750066626816988
12582,0.8330098353326321
12583,0.8749775588512421
12584,0.9159848559647799
12585,0.9580107871443033
12586,0.8750066626816988
12587,0.9170034900307655
12588,0.9590003173798323
12589,0.9170034900307655
12590,0.9590003173798323
12591,0.9170034900307655
12592,0.9170034900307655
12593,0.9590003173798323
12594,0.8750066626816988
12595,0.8750066626816988
12596,0.9160139597952366
12597,0.9160139597952366
12598,0.8750066626816988
12599,0.9169743862003088
12600,0.9590003173798323
12601,0.9590003173798323
12602,0.9170034900307655
12603,0.9170034900307655
12604,0.833999365568161
12605,0.9170034900307655
12606,0.8749775588512421
12607,0.8749775588512421
12608,0.8750066626816988
12609,0.9170034900307655
12610,0.8749775588512421
12611,0.8749775588512421
12612,0.9170034900307655
12613,0.9170034900307655
12614,0.8749775588512421
12615,0.9159848559647799
12616,0.9160139597952366
12617,0.9580107871443033
12618,0.8749775588512421
12619,0.9170034900307655
12620,0.8750066626816988
12621,0.8750066626816988
12622,0.9170034900307655
12623,0.9170034900307655
12624,0.8330098353326321
12625,0.9580107871443033
12626,0.9169743862003088
12627,0.9590003173798323
12628,0.9170034900307655
12629,0.9170034900307655
12630,0.8750066626816988
12631,0.8750066626816988
12632,0.9580107871443033
12633,0.9580107871443033
12634,0.9579816833138466
12635,0.9160139597952366
12636,0.9160139597952366
12637,0.9170034900307655
12638,0.9169743862003088
12639,0.8750066626816988
12640,0.9170034900307655
12641,0.8749775588512421
12642,0.8329807315021753
12643,0.8750066626816988
12644,0.8750066626816988
12645,0.8750066626816988
12646,0.9170034900307655
12647,0.8750066626816988
12648,0.8750066626816988
12649,0.9170034900307655
12650,0.8750066626816988
12651,0.9170034900307655
12652,0.8750066626816988
12653,0.8750066626816988
12654,0.9170034900307655
12655,0.9170034900307655
12656,0.8750066626816988
12657,0.8750066626816988
12658,0.8750066626816988
12659,0.8750066626816988
12660,0.8330098353326321
12661,0.9169743862003088
12662,0.8749775588512421
12663,0.8750066626816988
12664,0.8750066626816988
12665,0.9159848559647799
12666,0.8329807315021753
12667,0.9170034900307655
12668,0.833999365568161
12669,0.9170034900307655
12670,0.8750066626816988
12671,0.8750066626816988
12672,0.8750066626816988
12673,0.9590003173798323
12674,0.9580107871443033
12675,0.9170034900307655
12676,0.9170034900307655
12677,0.9169743862003088
12678,0.8750066626816988
12679,0.9160139597952366
12680,0.8750066626816988
12681,0.8749775588512421
12682,0.9170034900307655
12683,0.9580107871443033
12684,0.8750066626816988
12685,0.8750066626816988
12686,0.8750066626816988
12687,0.9170034900307655
12688,0.8749775588512421
12689,0.9159848559647799
12690,0.9160139597952366
12691,0.9160139597952366
12692,0.9579816833138466
12693,0.9159848559647799
12694,0.8750066626816988
12695,0.9170034900307655
12696,0.8749775588512421
12697,0.9579816833138466
12698,0.8750066626816988
12699,0.8750066626816988
12700,0.8749775588512421
12701,0.8749775588512421
12702,0.9170034900307655
12703,0.9170034900307655
12704,0.9590003173798323
12705,0.9590003173798323
12706,0.9170034900307655
12707,0.9170034900307655
12708,0.8749775588512421
12709,0.9159848559647799
12710,0.8750066626816988
12711,0.9170034900307655
12712,0.8749775588512421
12713,0.9170034900307655
12714,0.9160139597952366
12715,0.8750066626816988
12716,0.8749775588512421
12717,0.9590003173798323
12718,0.9170034900307655
12719,0.9170034900307655
12720,0.9170034900307655
12721,0.9170034900307655
12722,0.8750066626816988
12723,0.8750066626816988
12724,0.9169743862003088
12725,0.8750066626816988
12726,0.9170034900307655
12727,0.9170034900307655
12728,0.8750066626816988
12729,0.8750066626816988
12730,0.9170034900307655
12731,0.9170034900307655
12732,0.9579816833138466
12733,0.8750066626816988
12734,0.9160139597952366
12735,0.9579816833138466
12736,0.9159848559647799
12737,0.9170034900307655
12738,0.9170034900307655
12739,0.8750066626816988
12740,0.9170034900307655
12741,0.8750066626816988
12742,0.8330098353326321
12743,0.8749775588512421
12744,0.8749775588512421
12745,0.9170034900307655
12746,0.9170034900307655
12747,0.8749775588512421
12748,0.8750066626816988
12749,0.9580107871443033
12750,0.9160139597952366
12751,0.8750066626816988
12752,0.9170034900307655
12753,0.9580107871443033
12754,0.8750066626816988
12755,0.9169743862003088
12756,0.8750066626816988
12757,0.8750066626816988
12758,0.8750066626816988
12759,0.8749775588512421
12760,0.8749775588512421
12761,0.9170034900307655
12762,0.9170034900307655
12763,0.9590003173798323
12764,0.8330098353326321
12765,0.9160139597952366
12766,0.8750066626816988
12767,0.8749775588512421
12768,0.8749775588512421
12769,0.9580107871443033
12770,0.9170034900307655
12771,0.8749775588512421
12772,0.8750066626816988
12773,0.9170034900307655
12774,0.9170034900307655
12775,0.8750066626816988
12776,1.00000761449337
12777,0.9170034900307655
12778,0.8749775588512421
12779,0.9579816833138466
12780,0.9160139597952366
12781,0.8750066626816988
12782,0.8749775588512421
12783,0.9170034900307655
12784,0.8750066626816988
12785,0.9160139597952366
12786,0.8750066626816988
12787,0.8750066626816988
12788,0.8750066626816988
12789,0.9160139597952366
12790,0.9579816833138466
12791,0.9579816833138466
12792,0.9170034900307655
12793,0.8750066626816988
12794,0.9159848559647799
12795,0.9160139597952366
12796,0.8750066626816988
12797,0.9159848559647799
12798,0.9579816833138466
12799,0.9580107871443033
12800,0.9170034900307655
12801,0.9170034900307655
12802,0.9579816833138466
12803,0.9160139597952366
12804,0.9160139597952366
12805,0.9159848559647799
12806,0.8329807315021753
12807,0.9170034900307655
12808,0.9160139597952366
12809,0.8750066626816988
12810,0.9170034900307655
12811,0.9170034900307655
12812,0.8750066626816988
12813,0.9159848559647799
12814,0.9159848559647799
12815,0.8750066626816988
12816,0.9580107871443033
12817,0.9170034900307655
12818,0.9170034900307655
12819,0.9170034900307655
12820,0.9160139597952366
12821,0.9170034900307655
12822,0.8750066626816988
12823,0.8750066626816988
12824,0.8750066626816988
12825,0.8749775588512421
12826,0.9170034900307655
12827,0.9580107871443033
12828,0.8750066626816988
12829,0.8749775588512421
12830,0.8750066626816988
12831,0.8750066626816988
12832,0.9170034900307655
12833,0.8749775588512421
12834,0.8750066626816988
12835,0.9160139597952366
12836,0.9580107871443033
12837,0.9170034900307655
12838,0.8750066626816988
12839,0.8750066626816988
12840,0.8750066626816988
12841,0.9169743862003088
12842,0.8750066626816988
12843,0.9160139597952366
12844,0.8750066626816988
12845,0.9169743862003088
12846,0.9580107871443033
12847,0.8750066626816988
12848,0.9579816833138466
12849,0.9169743862003088
12850,0.8330098353326321
12851,0.8750066626816988
12852,0.8329807315021753
12853,0.8749775588512421
12854,0.8750066626816988
12855,0.9590003173798323
12856,0.9170034900307655
12857,0.9169743862003088
12858,0.9170034900307655
12859,0.9170034900307655
12860,0.8750066626816988
12861,0.9159848559647799
12862,0.9160139597952366
12863,0.9160139597952366
12864,0.8750066626816988
12865,0.8750066626816988
12866,0.9170034900307655
12867,0.9580107871443033
12868,0.8750066626816988
12869,0.8750066626816988
12870,0.8750066626816988
12871,0.8750066626816988
12872,0.9169743862003088
12873,0.9170034900307655
12874,0.833999365568161
12875,0.9170034900307655
12876,0.8749775588512421
12877,0.9159848559647799
12878,0.8750066626816988
12879,0.8750066626816988
12880,0.8750066626816988
12881,0.8750066626816988
12882,0.8750066626816988
12883,0.9170034900307655
12884,0.9170034900307655
12885,0.8750066626816988
12886,0.9580107871443033
12887,0.9170034900307655
12888,0.9159848559647799
12889,0.8750066626816988
12890,0.8750066626816988
12891,0.8750066626816988
12892,0.9170034900307655
12893,0.9170034900307655
12894,0.9170034900307655
12895,0.8750066626816988
12896,0.9169743862003088
12897,0.9580107871443033
12898,0.9170034900307655
12899,0.8750066626816988
12900,0.9169743862003088
12901,0.8750066626816988
12902,0.9170034900307655
12903,0.9580107871443033
12904,0.9170034900307655
12905,0.8750066626816988
12906,0.9160139597952366
12907,0.9170034900307655
12908,0.9170034900307655
12909,0.8750066626816988
12910,0.9160139597952366
12911,0.8750066626816988
12912,0.8329807315021753
12913,0.8750066626816988
12914,0.8750066626816988
12915,0.9170034900307655
12916,0.8750066626816988
12917,0.8750066626816988
12918,0.9170034900307655
12919,0.9170034900307655
12920,0.9170034900307655
12921,0.9170034900307655
12922,0.8750066626816988
12923,0.9159848559647799
12924,0.9170034900307655
12925,0.9170034900307655
12926,0.9170034900307655
12927,0.9169743862003088
12928,0.9159848559647799
12929,0.8750066626816988
12930,0.9170034900307655
12931,0.8749775588512421
12932,0.8749775588512421
12933,0.8750066626816988
12934,0.9170034900307655
12935,0.8750066626816988
12936,0.9580107871443033
12937,0.8750066626816988
12938,0.8750066626816988
12939,0.8749775588512421
12940,0.9579816833138466
12941,0.8750066626816988
12942,0.9170034900307655
12943,0.9169743862003088
12944,0.9159848559647799
12945,0.8750066626816988
12946,0.8330098353326321
12947,0.8750066626816988
12948,0.9170034900307655
12949,0.8750066626816988
12950,0.8750066626816988
12951,0.9159848559647799
12952,0.8750066626816988
12953,0.8750066626816988
12954,0.8330098353326321
12955,0.9159848559647799
12956,0.9170034900307655
12957,0.8750066626816988
12958,0.8750066626816988
12959,0.8749775588512421
12960,0.833999365568161
12961,0.8750066626816988
12962,0.833999365568161
12963,0.8749775588512421
12964,0.833999365568161
12965,0.9170034900307655
12966,0.9170034900307655
12967,0.9579816833138466
12968,0.9170034900307655
12969,0.9590003173798323
12970,0.8330098353326321
12971,0.9159848559647799
12972,1.00000761449337
12973,0.833999365568161
12974,0.8750066626816988
12975,0.9159848559647799
12976,0.9160139597952366
12977,0.8750066626816988
12978,0.8750066626816988
12979,0.8749775588512421
12980,0.9580107871443033
12981,1.0420044418424368
12982,0.9579816833138466
12983,0.9169743862003088
12984,0.9170034900307655
12985,0.9580107871443033
12986,0.9159848559647799
12987,0.9159848559647799
12988,0.9170034900307655
12989,0.8750066626816988
12990,0.833999365568161
12991,0.8750066626816988
12992,0.8750066626816988
12993,0.9160139597952366
12994,0.8749775588512421
12995,0.9170034900307655
12996,1.00000761449337
12997,0.9160139597952366
12998,0.8750066626816988
12999,0.9170034900307655
13000,0.8750066626816988
13001,0.8750066626816988
13002,0.8749775588512421
13003,0.9159848559647799
13004,0.9160139597952366
13005,0.8750066626816988
13006,0.9169743862003088
13007,0.9170034900307655
13008,0.9160139597952366
13009,0.9160139597952366
13010,0.8750066626816988
13011,0.8750066626816988
13012,1.0840012691915035
13013,0.8750066626816988
13014,0.9159848559647799
13015,0.9170034900307655
13016,0.8750066626816988
13017,0.9159848559647799
13018,0.8749775588512421
13019,0.8750066626816988
13020,0.8750066626816988
13021,0.9159848559647799
13022,0.9159848559647799
13023,0.8750066626816988
13024,0.8750066626816988
13025,0.8749775588512421
13026,0.9579816833138466
13027,0.9170034900307655
13028,0.8750066626816988
13029,0.9170034900307655
13030,0.9170034900307655
13031,0.9170034900307655
13032,0.9170034900307655
13033,0.8749775588512421
13034,1.040985807776451
13035,1.00000761449337
13036,0.8750066626816988
13037,0.9579816833138466
13038,0.8749775588512421
13039,0.9580107871443033
13040,0.9170034900307655
13041,0.8749775588512421
13042,0.8750066626816988
13043,0.9160139597952366
13044,0.9160139597952366
13045,0.9579816833138466
13046,0.8750066626816988
13047,0.8750066626816988
13048,0.9159848559647799
13049,0.9159848559647799
13050,0.8330098353326321
13051,0.8750066626816988
13052,0.8750066626816988
13053,0.8749775588512421
13054,0.9590003173798323
13055,0.9170034900307655
13056,0.8749775588512421
13057,0.8749775588512421
13058,0.9170034900307655
13059,0.8330098353326321
13060,0.9159848559647799
13061,0.8749775588512421
13062,1.167005393654108
13063,0.9590003173798323
13064,0.8749775588512421
13065,0.8749775588512421
13066,0.9170034900307655
13067,0.9170034900307655
13068,0.9169743862003088
13069,0.8749775588512421
13070,0.9170034900307655
13071,0.8750066626816988
13072,1.04197533801198
13073,0.9159848559647799
13074,0.9160139597952366
13075,0.8750066626816988
13076,0.9170034900307655
13077,0.9170034900307655
13078,0.8750066626816988
13079,0.9160139597952366
13080,0.9579816833138466
13081,1.00000761449337
13082,0.9160139597952366
13083,0.9170034900307655
13084,0.9169743862003088
13085,0.8750066626816988
13086,0.9580107871443033
13087,0.9159848559647799
13088,0.9159848559647799
13089,0.8750066626816988
13090,0.8750066626816988
13091,0.9159848559647799
13092,0.9579816833138466
13093,0.9160139597952366
13094,0.9170034900307655
13095,0.8749775588512421
13096,0.9159848559647799
13097,0.9160139597952366
13098,0.9160139597952366
13099,0.9579816833138466
13100,0.8750066626816988
13101,0.9170034900307655
13102,0.9590003173798323
13103,0.8749775588512421
13104,0.9170034900307655
13105,0.8750066626816988
13106,0.9160139597952366
13107,0.9159848559647799
13108,0.9579816833138466
13109,0.833999365568161
13110,0.9170034900307655
13111,0.8749775588512421
13112,0.8749775588512421
13113,0.8750066626816988
13114,0.9170034900307655
13115,0.9159848559647799
13116,0.9999785106629133
13117,0.9170034900307655
13118,0.9590003173798323
13119,0.9170034900307655
13120,0.8750066626816988
13121,0.8750066626816988
13122,0.8750066626816988
13123,0.8749775588512421
13124,0.8750066626816988
13125,0.8750066626816988
13126,0.8750066626816988
13127,0.8749775588512421
13128,0.9580107871443033
13129,0.9580107871443033
13130,1.00000761449337
13131,0.8749775588512421
13132,0.9170034900307655
13133,0.9170034900307655
13134,0.9590003173798323
13135,0.9590003173798323
13136,0.9170034900307655
13137,0.9170034900307655
13138,0.9169743862003088
13139,0.9170034900307655
13140,0.8750066626816988
13141,0.9590003173798323
13142,1.04197533801198
13143,0.8750066626816988
13144,0.9170034900307655
13145,0.9590003173798323
13146,0.9590003173798323
13147,0.9170034900307655
13148,0.8750066626816988
13149,0.8749775588512421
13150,0.9159848559647799
13151,0.9160139597952366
13152,0.9580107871443033
13153,0.9169743862003088
13154,0.9159848559647799
13155,0.8750066626816988
13156,0.9170034900307655
13157,0.9590003173798323
13158,0.9170034900307655
13159,0.9160139597952366
13160,0.9580107871443033
13161,0.9170034900307655
13162,0.8750066626816988
13163,0.9590003173798323
13164,0.9590003173798323
13165,0.8749775588512421
13166,0.9159848559647799
13167,0.9160139597952366
13168,0.8750066626816988
13169,0.9170034900307655
13170,0.8330098353326321
13171,0.8750066626816988
13172,0.9170034900307655
13173,0.9169743862003088
13174,0.9580107871443033
13175,0.9160139597952366
13176,1.00000761449337
13177,0.9170034900307655
13178,0.8750066626816988
13179,0.9590003173798323
13180,0.9170034900307655
13181,0.9169743862003088
13182,0.9170034900307655
13183,0.8750066626816988
13184,0.9170034900307655
13185,0.833999365568161
13186,0.8750066626816988
13187,0.9170034900307655
13188,0.8749775588512421
13189,0.9170034900307655
13190,0.8750066626816988
13191,0.9590003173798323
13192,0.9170034900307655
13193,0.8750066626816988
13194,0.9170034900307655
13195,0.8750066626816988
13196,0.8750066626816988
13197,0.9170034900307655
13198,0.9170034900307655
13199,0.9160139597952366
13200,0.8750066626816988
13201,0.9580107871443033
13202,0.9160139597952366
13203,0.8750066626816988
13204,0.8749775588512421
13205,0.9170034900307655
13206,0.9580107871443033
13207,0.9170034900307655
13208,0.8750066626816988
13209,0.8750066626816988
13210,0.8750066626816988
13211,0.9159848559647799
13212,0.9579816833138466
13213,0.9160139597952366
13214,0.9580107871443033
13215,0.9159848559647799
13216,0.9159848559647799
13217,0.9580107871443033
13218,0.9160139597952366
13219,0.9579816833138466
13220,0.8749775588512421
13221,0.9170034900307655
13222,0.8750066626816988
13223,0.8749775588512421
13224,0.9999785106629133
13225,0.9170034900307655
13226,0.9170034900307655
13227,0.9999785106629133
13228,0.9170034900307655
13229,0.8750066626816988
13230,0.9170034900307655
13231,0.9590003173798323
13232,0.8750066626816988
13233,0.9170034900307655
13234,0.9160139597952366
13235,0.9159848559647799
13236,0.9170034900307655
13237,0.9170034900307655
13238,0.9170034900307655
13239,0.8749775588512421
13240,0.833999365568161
13241,0.9170034900307655
13242,0.9590003173798323
13243,0.9169743862003088
13244,0.9170034900307655
13245,0.8750066626816988
13246,0.9590003173798323
13247,0.9169743862003088
13248,0.9170034900307655
13249,0.9170034900307655
13250,0.8749775588512421
13251,0.9159848559647799
13252,0.9160139597952366
13253,0.8750066626816988
13254,0.9170034900307655
13255,0.9170034900307655
13256,0.9170034900307655
13257,0.9170034900307655
13258,0.8749775588512421
13259,0.9159848559647799
13260,0.8750066626816988
13261,0.8750066626816988
13262,0.9159848559647799
13263,0.9170034900307655
13264,0.9170034900307655
13265,0.9170034900307655
13266,0.9170034900307655
13267,0.9170034900307655
13268,0.9170034900307655
13269,0.8750066626816988
13270,0.9159848559647799
13271,0.9160139597952366
13272,0.9160139597952366
13273,0.9170034900307655
13274,0.9169743862003088
13275,0.9170034900307655
13276,0.9590003173798323
13277,0.9999785106629133
13278,0.9159848559647799
13279,0.8750066626816988
13280,0.8750066626816988
13281,0.9170034900307655
13282,0.9170034900307655
13283,0.9170034900307655
13284,0.8750066626816988
13285,0.9159848559647799
13286,1.00000761449337
13287,0.9580107871443033
13288,0.9159848559647799
13289,1.00000761449337
13290,0.9170034900307655
13291,0.9170034900307655
13292,0.9590003173798323
13293,0.9580107871443033
13294,0.9160139597952366
13295,1.00000761449337
13296,0.8750066626816988
13297,0.9160139597952366
13298,0.9160139597952366
13299,0.9170034900307655
13300,0.9170034900307655
13301,0.9580107871443033
13302,0.9580107871443033
13303,0.9580107871443033
13304,0.9590003173798323
13305,0.9590003173798323
13306,0.9170034900307655
13307,0.9169743862003088
13308,0.8750066626816988
13309,0.9160139597952366
13310,0.9160139597952366
13311,0.9159848559647799
13312,0.9590003173798323
13313,0.9580107871443033
13314,0.9580107871443033
13315,0.9159848559647799
13316,0.8750066626816988
13317,0.9580107871443033
13318,0.9170034900307655
13319,0.9169743862003088
13320,0.9170034900307655
13321,0.9170034900307655
13322,0.9170034900307655
13323,0.9170034900307655
13324,0.8750066626816988
13325,0.9170034900307655
13326,0.8749775588512421
13327,0.9170034900307655
13328,0.9160139597952366
13329,0.9160139597952366
13330,0.9170034900307655
13331,1.00000761449337
13332,0.9580107871443033
13333,0.9170034900307655
13334,0.9999785106629133
13335,0.9159848559647799
13336,0.9580107871443033
13337,0.9159848559647799
13338,0.9999785106629133
13339,0.9590003173798323
13340,0.8750066626816988
13341,0.9999785106629133
13342,0.9159848559647799
13343,0.9160139597952366
13344,0.9160139597952366
13345,0.9159848559647799
13346,0.9159848559647799
13347,0.8750066626816988
13348,0.8750066626816988
13349,0.9169743862003088
13350,0.9170034900307655
13351,0.8750066626816988
13352,0.9170034900307655
13353,0.9170034900307655
13354,0.9170034900307655
13355,0.9170034900307655
13356,0.9160139597952366
13357,0.9159848559647799
13358,0.9159848559647799
13359,1.00000761449337
13360,0.8750066626816988
13361,0.9579816833138466
13362,1.00000761449337
13363,0.9160139597952366
13364,1.00000761449337
13365,0.9590003173798323
13366,0.9590003173798323
13367,0.9170034900307655
13368,0.9169743862003088
13369,0.9159848559647799
13370,0.9580107871443033
13371,0.9170034900307655
13372,0.9159848559647799
13373,0.9159848559647799
13374,0.9580107871443033
13375,0.9580107871443033
13376,0.9590003173798323
13377,0.9170034900307655
13378,0.9580107871443033
13379,0.9159848559647799
13380,0.9159848559647799
13381,0.9160139597952366
13382,0.9580107871443033
13383,0.9170034900307655
13384,0.9579816833138466
13385,0.9580107871443033
13386,0.8750066626816988
13387,0.9170034900307655
13388,1.00000761449337
13389,0.9170034900307655
13390,0.9590003173798323
13391,0.8749775588512421
13392,0.9170034900307655
13393,0.8750066626816988
13394,0.9170034900307655
13395,0.9170034900307655
13396,0.9170034900307655
13397,0.9170034900307655
13398,0.9170034900307655
13399,0.9169743862003088
13400,0.9159848559647799
13401,0.9160139597952366
13402,0.9170034900307655
13403,0.9169743862003088
13404,0.8749775588512421
13405,0.8750066626816988
13406,0.9160139597952366
13407,0.8749775588512421
13408,0.8750066626816988
13409,0.8750066626816988
13410,0.9580107871443033
13411,0.9170034900307655
13412,0.9170034900307655
13413,0.9580107871443033
13414,0.9170034900307655
13415,0.9170034900307655
13416,0.8750066626816988
13417,0.8750066626816988
13418,0.8750066626816988
13419,0.8749775588512421
13420,0.8750066626816988
13421,0.8750066626816988
13422,0.9159848559647799
13423,0.9169743862003088
13424,0.9170034900307655
13425,0.8750066626816988
13426,0.9590003173798323
13427,0.9170034900307655
13428,0.9590003173798323
13429,0.9170034900307655
13430,0.8329807315021753
13431,0.8749775588512421
13432,0.9170034900307655
13433,0.8750066626816988
13434,0.8750066626816988
13435,0.9170034900307655
13436,0.8750066626816988
13437,0.9580107871443033
13438,0.9580107871443033
13439,0.8750066626816988
13440,0.9160139597952366
13441,0.9580107871443033
13442,0.9170034900307655
13443,0.9170034900307655
13444,0.8750066626816988
13445,0.8750066626816988
13446,0.8750066626816988
13447,0.8750066626816988
13448,0.9170034900307655
13449,0.8750066626816988
13450,0.8329807315021753
13451,0.9170034900307655
13452,0.9170034900307655
13453,0.9160139597952366
13454,0.8750066626816988
13455,0.8750066626816988
13456,0.9170034900307655
13457,0.8750066626816988
13458,0.9159848559647799
13459,0.8750066626816988
13460,0.8750066626816988
13461,0.8750066626816988
13462,0.8749775588512421
13463,0.8749775588512421
13464,0.9170034900307655
13465,0.9170034900307655
13466,0.8750066626816988
13467,0.9170034900307655
13468,0.9580107871443033
13469,0.8750066626816988
13470,0.9170034900307655
13471,0.9170034900307655
13472,1.00000761449337
13473,0.8750066626816988
13474,0.9170034900307655
13475,0.8750066626816988
13476,0.9580107871443033
13477,0.9170034900307655
13478,0.8749775588512421
13479,0.8750066626816988
13480,0.8750066626816988
13481,0.9999785106629133
13482,0.9159848559647799
13483,0.9170034900307655
13484,0.9590003173798323
13485,0.8749775588512421
13486,0.9579816833138466
13487,0.9160139597952366
13488,0.9160139597952366
13489,0.8750066626816988
13490,0.8750066626816988
13491,0.9170034900307655
13492,0.9170034900307655
13493,0.8749775588512421
13494,0.9170034900307655
13495,0.9170034900307655
13496,0.9170034900307655
13497,0.9170034900307655
13498,0.9170034900307655
13499,0.8750066626816988
13500,0.9160139597952366
13501,0.9159848559647799
13502,0.8750066626816988
13503,0.8750066626816988
13504,0.9170034900307655
13505,0.8750066626816988
13506,0.8750066626816988
13507,0.8750066626816988
13508,0.833999365568161
13509,0.8749775588512421
13510,0.8330098353326321
13511,0.9160139597952366
13512,0.9170034900307655
13513,0.9169743862003088
13514,0.9170034900307655
13515,0.9170034900307655
13516,0.8750066626816988
13517,0.9169743862003088
13518,0.9590003173798323
13519,0.8750066626816988
13520,0.9580107871443033
13521,0.9159848559647799
13522,0.9170034900307655
13523,0.8750066626816988
13524,0.8750066626816988
13525,0.9169743862003088
13526,0.8750066626816988
13527,0.9170034900307655
13528,0.8750066626816988
13529,0.8749775588512421
13530,0.8750066626816988
13531,0.8750066626816988
13532,0.8749775588512421
13533,0.8749775588512421
13534,0.8750066626816988
13535,0.8750066626816988
13536,0.9159848559647799
13537,0.8749775588512421
13538,0.8750066626816988
13539,0.8750066626816988
13540,0.8750066626816988
13541,0.8750066626816988
13542,0.9170034900307655
13543,0.9170034900307655
13544,0.8749775588512421
13545,0.9169743862003088
13546,0.9580107871443033
13547,0.9170034900307655
13548,0.833999365568161
13549,0.9169743862003088
13550,0.8750066626816988
13551,0.9160139597952366
13552,0.9170034900307655
13553,0.9170034900307655
13554,0.8750066626816988
13555,0.9160139597952366
13556,0.9170034900307655
13557,0.8750066626816988
13558,0.9170034900307655
13559,0.9170034900307655
13560,0.8749775588512421
13561,0.8749775588512421
13562,0.9170034900307655
13563,0.9170034900307655
13564,0.9590003173798323
13565,0.9170034900307655
13566,0.8750066626816988
13567,0.9170034900307655
13568,0.8749775588512421
13569,0.8329807315021753
13570,0.8750066626816988
13571,0.8750066626816988
13572,0.8749775588512421
13573,0.9579816833138466
13574,0.9160139597952366
13575,0.9170034900307655
13576,0.9590003173798323
13577,0.9170034900307655
13578,0.8750066626816988
13579,0.9160139597952366
13580,0.9170034900307655
13581,0.9170034900307655
13582,0.8750066626816988
13583,0.9170034900307655
13584,0.9159848559647799
13585,0.9160139597952366
13586,0.8750066626816988
13587,0.9170034900307655
13588,0.9170034900307655
13589,0.9580107871443033
13590,0.8750066626816988
13591,0.9170034900307655
13592,0.8749775588512421
13593,0.8750066626816988
13594,0.9160139597952366
13595,0.9159848559647799
13596,0.9169743862003088
13597,0.9170034900307655
13598,0.8750066626816988
13599,0.9170034900307655
13600,0.8750066626816988
13601,0.9160139597952366
13602,0.8750066626816988
13603,0.9170034900307655
13604,0.8750066626816988
13605,0.9170034900307655
13606,0.9590003173798323
13607,0.9170034900307655
13608,0.9170034900307655
13609,0.9170034900307655
13610,0.9170034900307655
13611,0.9170034900307655
13612,0.9590003173798323
13613,0.9580107871443033
13614,0.9159848559647799
13615,0.9579816833138466
13616,0.9160139597952366
13617,0.9160139597952366
13618,0.9159848559647799
13619,0.9579816833138466
13620,0.9580107871443033
13621,0.9590003173798323
13622,0.9170034900307655
13623,0.9170034900307655
13624,0.8750066626816988
13625,0.9580107871443033
13626,0.8749775588512421
13627,0.9579816833138466
13628,0.9580107871443033
13629,0.9590003173798323
13630,0.8749775588512421
13631,0.9590003173798323
13632,0.9580107871443033
13633,0.9159848559647799
13634,0.9579816833138466
13635,0.9580107871443033
13636,0.9160139597952366
13637,0.9159848559647799
13638,0.9169743862003088
13639,0.9170034900307655
13640,0.9590003173798323
13641,0.9170034900307655
13642,0.9579816833138466
13643,0.8750066626816988
13644,0.9170034900307655
13645,0.9170034900307655
13646,0.9170034900307655
13647,0.8750066626816988
13648,0.9160139597952366
13649,0.9159848559647799
13650,0.8750066626816988
13651,0.9590003173798323
13652,0.9590003173798323
13653,0.9169743862003088
13654,0.8750066626816988
13655,0.9160139597952366
13656,0.9160139597952366
13657,0.9579816833138466
13658,0.9160139597952366
13659,0.9580107871443033
13660,0.9159848559647799
13661,0.8749775588512421
13662,0.9170034900307655
13663,0.9170034900307655
13664,0.9159848559647799
13665,0.9169743862003088
13666,0.9170034900307655
13667,0.8750066626816988
13668,0.9590003173798323
13669,0.9590003173798323
13670,0.9580107871443033
13671,0.8750066626816988
13672,0.9170034900307655
13673,0.9590003173798323
13674,0.8750066626816988
13675,0.9160139597952366
13676,0.8750066626816988
13677,0.8750066626816988
13678,0.9170034900307655
13679,0.9160139597952366
13680,0.8750066626816988
13681,0.9170034900307655
13682,0.9170034900307655
13683,0.9160139597952366
13684,0.9170034900307655
13685,0.9590003173798323
13686,0.9590003173798323
13687,0.9170034900307655
13688,0.833999365568161
13689,0.9170034900307655
13690,0.8750066626816988
13691,0.9170034900307655
13692,0.8749775588512421
13693,0.8749775588512421
13694,0.8750066626816988
13695,0.8750066626816988
13696,0.9159848559647799
13697,0.9170034900307655
13698,0.9170034900307655
13699,0.9170034900307655
13700,0.8749775588512421
13701,0.9170034900307655
13702,0.9170034900307655
13703,0.9160139597952366
13704,0.9579816833138466
13705,0.8750066626816988
13706,0.8750066626816988
13707,0.8749775588512421
13708,0.8749775588512421
13709,0.9590003173798323
13710,0.9580107871443033
13711,0.9159848559647799
13712,0.9579816833138466
13713,0.8750066626816988
13714,0.9160139597952366
13715,0.9159848559647799
13716,0.9159848559647799
13717,0.9580107871443033
13718,0.9160139597952366
13719,0.9170034900307655
13720,0.9170034900307655
13721,0.9170034900307655
13722,0.9170034900307655
13723,0.9590003173798323
13724,0.9580107871443033
13725,0.9580107871443033
13726,0.9160139597952366
13727,0.9579816833138466
13728,0.9580107871443033
13729,0.9170034900307655
13730,0.9170034900307655
13731,0.9159848559647799
13732,0.9160139597952366
13733,0.9160139597952366
13734,0.9580107871443033
13735,0.9159848559647799
13736,0.9160139597952366
13737,0.8750066626816988
13738,0.9579816833138466
13739,0.9170034900307655
13740,0.9170034900307655
13741,0.9170034900307655
13742,0.9579816833138466
13743,0.9170034900307655
13744,0.9170034900307655
13745,0.9580107871443033
13746,0.9170034900307655
13747,0.8750066626816988
13748,0.9580107871443033
13749,0.9160139597952366
13750,0.9579816833138466
13751,0.9170034900307655
13752,0.8750066626816988
13753,0.9170034900307655
13754,0.8750066626816988
13755,0.8750066626816988
13756,0.8750066626816988
13757,0.9170034900307655
13758,0.833999365568161
13759,0.9580107871443033
13760,0.9580107871443033
13761,0.8749775588512421
13762,0.9579816833138466
13763,0.8750066626816988
13764,0.9160139597952366
13765,0.9159848559647799
13766,0.8749775588512421
13767,0.9590003173798323
13768,0.9170034900307655
13769,0.8750066626816988
13770,0.8750066626816988
13771,0.8750066626816988
13772,0.9170034900307655
13773,0.8749775588512421
13774,0.9170034900307655
13775,0.9170034900307655
13776,0.9580107871443033
13777,0.9579816833138466
13778,0.8750066626816988
13779,0.8750066626816988
13780,0.9170034900307655
13781,0.9170034900307655
13782,0.9170034900307655
13783,0.8750066626816988
13784,0.8750066626816988
13785,0.8749775588512421
13786,0.8750066626816988
13787,0.9170034900307655
13788,0.9170034900307655
13789,0.9590003173798323
13790,0.8750066626816988
13791,0.8750066626816988
13792,0.8750066626816988
13793,0.9169743862003088
13794,0.8750066626816988
13795,0.9160139597952366
13796,0.9999785106629133
13797,0.9170034900307655
13798,0.9170034900307655
13799,0.8749775588512421
13800,0.9999785106629133
13801,0.9170034900307655
13802,0.9170034900307655
13803,0.9159848559647799
13804,0.9159848559647799
13805,0.9580107871443033
13806,0.8750066626816988
13807,0.8750066626816988
13808,0.8750066626816988
13809,0.8750066626816988
13810,0.8750066626816988
13811,0.9590003173798323
13812,1.00000761449337
13813,0.8750066626816988
13814,0.8750066626816988
13815,0.8749775588512421
13816,0.9170034900307655
13817,0.9160139597952366
13818,0.9160139597952366
13819,0.8750066626816988
13820,0.8330098353326321
13821,0.8750066626816988
13822,0.9170034900307655
13823,0.9169743862003088
13824,0.8750066626816988
13825,0.9580107871443033
13826,0.8750066626816988
13827,0.9169743862003088
13828,0.9579816833138466
13829,0.8750066626816988
13830,0.9170034900307655
13831,0.8749775588512421
13832,0.9170034900307655
13833,0.9170034900307655
13834,0.8750066626816988
13835,0.9170034900307655
13836,0.9580107871443033
13837,0.8750066626816988
13838,0.9170034900307655
13839,0.8749775588512421
13840,0.9170034900307655
13841,0.9160139597952366
13842,0.9579816833138466
13843,0.9169743862003088
13844,0.8750066626816988
13845,0.9170034900307655
13846,0.9159848559647799
13847,0.9159848559647799
13848,0.9160139597952366
13849,0.9160139597952366
13850,0.9170034900307655
13851,0.9590003173798323
13852,0.9170034900307655
13853,0.9580107871443033
13854,0.9159848559647799
13855,0.8749775588512421
13856,0.9580107871443033
13857,0.8750066626816988
13858,0.9170034900307655
13859,0.9170034900307655
13860,0.9590003173798323
13861,0.8750066626816988
13862,0.9590003173798323
13863,0.8750066626816988
13864,0.8750066626816988
13865,0.8750066626816988
13866,0.9170034900307655
13867,0.8750066626816988
13868,0.9170034900307655
13869,0.9170034900307655
13870,0.9159848559647799
13871,0.9170034900307655
13872,0.9590003173798323
13873,0.9170034900307655
13874,0.8750066626816988
13875,0.9160139597952366
13876,0.8750066626816988
13877,0.9170034900307655
13878,0.8749775588512421
13879,0.8750066626816988
13880,0.9170034900307655
13881,0.9159848559647799
13882,0.8749775588512421
13883,0.9170034900307655
13884,0.9580107871443033
13885,0.9579816833138466
13886,0.9169743862003088
13887,0.9170034900307655
13888,0.9590003173798323
13889,0.8749775588512421
13890,0.9579816833138466
13891,0.9160139597952366
13892,0.9160139597952366
13893,0.9159848559647799
13894,0.9170034900307655
13895,0.8330098353326321
13896,0.8750066626816988
13897,0.9170034900307655
13898,0.9590003173798323
13899,0.9170034900307655
13900,0.9170034900307655
13901,0.9169743862003088
13902,0.833999365568161
13903,0.9170034900307655
13904,0.8750066626816988
13905,0.8750066626816988
13906,0.9590003173798323
13907,0.8750066626816988
13908,0.9160139597952366
13909,0.9170034900307655
13910,0.8750066626816988
13911,0.8750066626816988
13912,0.9160139597952366
13913,0.9170034900307655
13914,0.9580107871443033
13915,0.9170034900307655
13916,0.8750066626816988
13917,0.8750066626816988
13918,0.8750066626816988
13919,0.9170034900307655
13920,0.9579816833138466
13921,0.8749775588512421
13922,0.8750066626816988
13923,0.9170034900307655
13924,0.9170034900307655
13925,0.9169743862003088
13926,0.9170034900307655
13927,0.8750066626816988
13928,0.8750066626816988
13929,0.8749775588512421
13930,0.8750066626816988
13931,0.8750066626816988
13932,0.8750066626816988
13933,0.9170034900307655
13934,0.9160139597952366
13935,0.8750066626816988
13936,0.9170034900307655
13937,0.8749775588512421
13938,0.8750066626816988
13939,0.8750066626816988
13940,0.9170034900307655
13941,0.9169743862003088
13942,0.9170034900307655
13943,0.9160139597952366
13944,0.9159848559647799
13945,0.9159848559647799
13946,0.9160139597952366
13947,0.9170034900307655
13948,0.9170034900307655
13949,0.9590003173798323
13950,0.9170034900307655
13951,0.8750066626816988
13952,0.8750066626816988
13953,0.9170034900307655
13954,0.9170034900307655
13955,0.9170034900307655
13956,0.9159848559647799
13957,0.9159848559647799
13958,0.9160139597952366
13959,0.8750066626816988
13960,0.9170034900307655
13961,0.9170034900307655
13962,0.8750066626816988
13963,0.8750066626816988
13964,0.8749775588512421
13965,0.9170034900307655
13966,0.9170034900307655
13967,0.8750066626816988
13968,0.9579816833138466
13969,0.9160139597952366
13970,0.8330098353326321
13971,0.8750066626816988
13972,0.8749775588512421
13973,0.9170034900307655
13974,0.8750066626816988
13975,0.9170034900307655
13976,0.7920025382190943
13977,0.9170034900307655
13978,0.8750066626816988
13979,0.9170034900307655
13980,0.9170034900307655
13981,0.9170034900307655
13982,0.8750066626816988
13983,0.9170034900307655
13984,0.9579816833138466
13985,0.9580107871443033
13986,0.8750066626816988
13987,0.9170034900307655
13988,0.9579816833138466
13989,0.9580107871443033
13990,0.9170034900307655
13991,0.9170034900307655
13992,0.8750066626816988
13993,0.9160139597952366
13994,0.9580107871443033
13995,0.9159848559647799
13996,0.8750066626816988
13997,0.9170034900307655
13998,0.833999365568161
13999,0.9170034900307655
14000,0.9170034900307655
14001,0.9170034900307655
14002,0.9580107871443033
14003,0.9169743862003088
14004,0.9159848559647799
14005,0.8750066626816988
14006,0.9170034900307655
14007,0.9169743862003088
14008,0.9170034900307655
14009,0.833999365568161
14010,0.9170034900307655
14011,0.8749775588512421
14012,0.833999365568161
14013,0.9170034900307655
14014,0.8750066626816988
14015,0.9169743862003088
14016,0.9170034900307655
14017,0.9160139597952366
14018,0.9159848559647799
14019,0.9169743862003088
14020,0.9590003173798323
14021,0.9170034900307655
14022,0.8750066626816988
14023,0.9170034900307655
14024,0.9170034900307655
14025,0.9170034900307655
14026,0.9159848559647799
14027,0.9159848559647799
14028,0.9170034900307655
14029,0.9590003173798323
14030,0.9170034900307655
14031,0.8750066626816988
14032,0.9160139597952366
14033,0.9160139597952366
14034,0.8750066626816988
14035,0.9170034900307655
14036,0.8750066626816988
14037,0.8750066626816988
14038,0.9170034900307655
14039,0.9170034900307655
14040,0.9590003173798323
14041,0.9170034900307655
14042,0.9169743862003088
14043,0.9579816833138466
14044,0.9160139597952366
14045,0.9170034900307655
14046,0.9170034900307655
14047,0.8750066626816988
14048,0.9580107871443033
14049,0.9170034900307655
14050,0.9159848559647799
14051,0.9159848559647799
14052,0.9160139597952366
14053,0.8750066626816988
14054,0.8749775588512421
14055,0.9170034900307655
14056,0.9160139597952366
14057,0.9579816833138466
14058,0.8749775588512421
14059,0.9170034900307655
14060,0.9590003173798323
14061,0.8750066626816988
14062,0.8750066626816988
14063,0.9160139597952366
14064,0.8750066626816988
14065,0.8750066626816988
14066,0.8750066626816988
14067,0.9160139597952366
14068,0.9580107871443033
14069,0.8749775588512421
14070,0.9169743862003088
14071,0.8750066626816988
14072,1.00000761449337
14073,0.9579816833138466
14074,0.8749775588512421
14075,0.9580107871443033
14076,0.9160139597952366
14077,0.9159848559647799
14078,0.8749775588512421
14079,0.9170034900307655
14080,0.9170034900307655
14081,0.9579816833138466
14082,0.9170034900307655
14083,0.9170034900307655
14084,0.9170034900307655
14085,0.9579816833138466
14086,0.9580107871443033
14087,0.9160139597952366
14088,0.8750066626816988
14089,0.9169743862003088
14090,0.9590003173798323
14091,0.9170034900307655
14092,0.9590003173798323
14093,0.8749775588512421
14094,0.9590003173798323
14095,0.9170034900307655
14096,0.9579816833138466
14097,0.9159848559647799
14098,0.9160139597952366
14099,0.9160139597952366
14100,0.9999785106629133
14101,0.9170034900307655
14102,0.9580107871443033
14103,0.9160139597952366
14104,0.8329807315021753
14105,0.9170034900307655
14106,0.9170034900307655
14107,0.9590003173798323
14108,0.9579816833138466
14109,0.9580107871443033
14110,0.9170034900307655
14111,0.9579816833138466
14112,0.9579816833138466
14113,0.9580107871443033
14114,0.9160139597952366
14115,0.9579816833138466
14116,1.00000761449337
14117,1.00000761449337
14118,0.9170034900307655
14119,0.9170034900307655
14120,0.8750066626816988
14121,0.9170034900307655
14122,0.9590003173798323
14123,0.9169743862003088
14124,0.9579816833138466
14125,0.9160139597952366
14126,0.9580107871443033
14127,0.9170034900307655
14128,0.8750066626816988
14129,0.9160139597952366
14130,0.9159848559647799
14131,0.9579816833138466
14132,0.9170034900307655
14133,0.9170034900307655
14134,0.8749775588512421
14135,0.9159848559647799
14136,0.8750066626816988
14137,0.9170034900307655
14138,0.9579816833138466
14139,0.9159848559647799
14140,0.8750066626816988
14141,0.9170034900307655
14142,0.9170034900307655
14143,0.9580107871443033
14144,0.9580107871443033
14145,0.9580107871443033
14146,0.8750066626816988
14147,0.9170034900307655
14148,0.9170034900307655
14149,0.9170034900307655
14150,0.9579816833138466
14151,0.9160139597952366
14152,0.9160139597952366
14153,0.9159848559647799
14154,0.9159848559647799
14155,0.9580107871443033
14156,0.9170034900307655
14157,0.9590003173798323
14158,0.9169743862003088
14159,0.9580107871443033
14160,0.9160139597952366
14161,0.9159848559647799
14162,0.9159848559647799
14163,1.00000761449337
14164,1.00000761449337
14165,0.9170034900307655
14166,0.8750066626816988
14167,0.9170034900307655
14168,0.9170034900307655
14169,0.9170034900307655
14170,0.9160139597952366
14171,0.9170034900307655
14172,0.9170034900307655
14173,0.9169743862003088
14174,1.00000761449337
14175,0.9580107871443033
14176,0.9170034900307655
14177,0.9170034900307655
14178,0.9160139597952366
14179,0.9580107871443033
14180,0.9159848559647799
14181,0.9580107871443033
14182,0.8750066626816988
14183,0.9170034900307655
14184,0.8749775588512421
14185,0.9159848559647799
14186,0.9580107871443033
14187,0.9170034900307655
14188,0.8749775588512421
14189,0.9159848559647799
14190,0.9580107871443033
14191,0.9160139597952366
14192,0.9159848559647799
14193,0.9170034900307655
14194,0.9170034900307655
14195,0.9579816833138466
14196,0.9579816833138466
14197,0.9580107871443033
14198,0.9160139597952366
14199,0.9170034900307655
14200,0.8749775588512421
14201,0.9170034900307655
14202,0.9170034900307655
14203,0.9170034900307655
14204,0.9170034900307655
14205,0.9170034900307655
14206,0.9160139597952366
14207,0.9170034900307655
14208,0.8330098353326321
14209,0.9160139597952366
14210,0.9170034900307655
14211,0.9170034900307655
14212,0.9590003173798323
14213,0.9170034900307655
14214,1.00000761449337
14215,0.9579816833138466
14216,0.9579816833138466
14217,0.8750066626816988
14218,0.9160139597952366
14219,0.9999785106629133
14220,0.9580107871443033
14221,0.9160139597952366
14222,0.9159848559647799
14223,0.9169743862003088
14224,0.9170034900307655
14225,0.9580107871443033
14226,0.9159848559647799
14227,0.9999785106629133
14228,0.9170034900307655
14229,0.9580107871443033
14230,0.9169743862003088
14231,0.9159848559647799
14232,0.8750066626816988
14233,0.9170034900307655
14234,0.9579816833138466
14235,0.8749775588512421
14236,0.9170034900307655
14237,0.9170034900307655
14238,0.9170034900307655
14239,0.9170034900307655
14240,0.9170034900307655
14241,0.9580107871443033
14242,0.9170034900307655
14243,1.00000761449337
14244,1.00000761449337
14245,0.9579816833138466
14246,0.9579816833138466
14247,0.8750066626816988
14248,0.9580107871443033
14249,0.9169743862003088
14250,0.9170034900307655
14251,0.9590003173798323
14252,0.8750066626816988
14253,0.9159848559647799
14254,0.9579816833138466
14255,0.9580107871443033
14256,0.8750066626816988
14257,0.9170034900307655
14258,0.9580107871443033
14259,0.8750066626816988
14260,0.8750066626816988
14261,0.9159848559647799
14262,0.9160139597952366
14263,0.8750066626816988
14264,0.9579816833138466
14265,0.8749775588512421
14266,0.9170034900307655
14267,0.9170034900307655
14268,0.9170034900307655
14269,0.9579816833138466
14270,0.9170034900307655
14271,0.9170034900307655
14272,0.9579816833138466
14273,1.040985807776451
14274,0.9160139597952366
14275,0.9160139597952366
14276,0.9579816833138466
14277,0.9579816833138466
14278,0.9580107871443033
14279,0.9170034900307655
14280,0.9589712135493755
14281,1.00000761449337
14282,0.9580107871443033
14283,0.9170034900307655
14284,0.9169743862003088
14285,1.00000761449337
14286,0.9580107871443033
14287,0.9580107871443033
14288,0.8750066626816988
14289,0.9580107871443033
14290,0.9170034900307655
14291,0.9169743862003088
14292,1.00000761449337
14293,0.9160139597952366
14294,0.9580107871443033
14295,0.9169743862003088
14296,0.9579816833138466
14297,0.9170034900307655
14298,0.9580107871443033
14299,0.9590003173798323
14300,0.9170034900307655
14301,0.9580107871443033
14302,0.9580107871443033
14303,0.9579816833138466
14304,0.9170034900307655
14305,0.9590003173798323
14306,1.0410149116069078
14307,1.00000761449337
14308,0.9170034900307655
14309,0.9170034900307655
14310,0.9170034900307655
14311,0.9170034900307655
14312,0.9590003173798323
14313,0.9170034900307655
14314,0.9170034900307655
14315,0.9170034900307655
14316,0.9590003173798323
14317,0.8750066626816988
14318,0.8750066626816988
14319,0.9160139597952366
14320,0.9159848559647799
14321,0.8749775588512421
14322,0.9580107871443033
14323,0.9580107871443033
14324,0.9579816833138466
14325,0.9580107871443033
14326,0.9160139597952366
14327,0.9579816833138466
14328,0.8749775588512421
14329,0.9590003173798323
14330,0.9590003173798323
14331,0.9170034900307655
14332,0.9169743862003088
14333,0.9170034900307655
14334,0.8750066626816988
14335,0.8750066626816988
14336,0.9169743862003088
14337,0.8750066626816988
14338,0.9170034900307655
14339,0.8749775588512421
14340,0.9579816833138466
14341,0.9170034900307655
14342,0.9160139597952366
14343,0.9159848559647799
14344,0.9579816833138466
14345,0.9160139597952366
14346,0.9170034900307655
14347,0.9170034900307655
14348,0.9170034900307655
14349,0.9170034900307655
14350,0.9580107871443033
14351,0.9579816833138466
14352,0.9160139597952366
14353,0.8750066626816988
14354,0.9579816833138466
14355,0.8749775588512421
14356,0.8750066626816988
14357,0.8750066626816988
14358,0.9159848559647799
14359,0.9159848559647799
14360,0.9160139597952366
14361,0.9160139597952366
14362,0.9159848559647799
14363,0.9169743862003088
14364,0.9170034900307655
14365,0.9580107871443033
14366,0.9579816833138466
14367,0.8750066626816988
14368,0.9160139597952366
14369,0.8750066626816988
14370,0.9170034900307655
14371,0.9170034900307655
14372,0.9170034900307655
14373,0.9590003173798323
14374,0.8749775588512421
14375,0.8750066626816988
14376,0.9160139597952366
14377,0.9160139597952366
14378,0.9170034900307655
14379,0.8750066626816988
14380,0.8750066626816988
14381,0.9160139597952366
14382,0.9159848559647799
14383,0.9170034900307655
14384,0.9580107871443033
14385,0.9170034900307655
14386,0.8749775588512421
14387,0.9170034900307655
14388,0.9170034900307655
14389,0.9159848559647799
14390,0.9159848559647799
14391,0.8750066626816988
14392,0.8750066626816988
14393,0.9170034900307655
14394,0.9170034900307655
14395,0.8750066626816988
14396,0.8750066626816988
14397,0.8329807315021753
14398,0.8749775588512421
14399,0.9170034900307655
14400,0.9170034900307655
14401,0.9159848559647799
14402,0.8749775588512421
14403,0.8750066626816988
14404,0.8750066626816988
14405,0.9579816833138466
14406,0.9999785106629133
14407,0.8750066626816988
14408,0.8750066626816988
14409,0.9590003173798323
14410,0.8750066626816988
14411,0.8750066626816988
14412,0.8750066626816988
14413,0.8749775588512421
14414,0.9159848559647799
14415,0.9170034900307655
14416,0.8330098353326321
14417,0.8750066626816988
14418,0.8750066626816988
14419,0.8750066626816988
14420,0.9160139597952366
14421,0.8750066626816988
14422,0.8750066626816988
14423,0.9170034900307655
14424,0.9170034900307655
14425,0.9169743862003088
14426,0.9159848559647799
14427,0.9160139597952366
14428,0.8750066626816988
14429,0.8749775588512421
14430,0.8329807315021753
14431,0.9170034900307655
14432,0.9580107871443033
14433,0.8750066626816988
14434,0.8750066626816988
14435,0.9160139597952366
14436,0.9160139597952366
14437,0.9579816833138466
14438,0.9159848559647799
14439,0.8750066626816988
14440,0.9160139597952366
14441,0.8750066626816988
14442,0.9170034900307655
14443,0.9170034900307655
14444,0.9170034900307655
14445,0.8750066626816988
14446,0.9160139597952366
14447,0.9170034900307655
14448,0.8750066626816988
14449,0.9170034900307655
14450,0.9170034900307655
14451,0.9170034900307655
14452,0.9580107871443033
14453,0.9159848559647799
14454,0.9580107871443033
14455,0.9580107871443033
14456,0.9159848559647799
14457,0.9169743862003088
14458,0.9170034900307655
14459,0.9170034900307655
14460,0.9169743862003088
14461,0.9170034900307655
14462,0.9170034900307655
14463,0.8750066626816988
14464,0.8329807315021753
14465,0.9159848559647799
14466,0.9170034900307655
14467,0.8750066626816988
14468,0.9169743862003088
14469,0.9159848559647799
14470,0.8750066626816988
14471,0.9170034900307655
14472,0.9170034900307655
14473,0.9170034900307655
14474,0.9590003173798323
14475,0.8750066626816988
14476,0.8749775588512421
14477,0.9170034900307655
14478,0.8750066626816988
14479,0.9170034900307655
14480,0.8749775588512421
14481,0.8750066626816988
14482,0.9580107871443033
14483,0.9159848559647799
14484,0.8329807315021753
14485,0.9170034900307655
14486,0.9170034900307655
14487,0.9159848559647799
14488,0.8749775588512421
14489,0.9170034900307655
14490,0.9590003173798323
14491,0.8750066626816988
14492,0.9170034900307655
14493,0.8750066626816988
14494,0.9160139597952366
14495,0.8750066626816988
14496,0.9169743862003088
14497,0.8750066626816988
14498,0.8750066626816988
14499,0.8750066626816988
14500,0.9169743862003088
14501,0.8750066626816988
14502,0.833999365568161
14503,0.9170034900307655
14504,0.9169743862003088
14505,0.9170034900307655
14506,0.9170034900307655
14507,0.8749775588512421
14508,0.9170034900307655
14509,0.8750066626816988
14510,0.833999365568161
14511,0.8750066626816988
14512,0.833999365568161
14513,0.8750066626816988
14514,0.8750066626816988
14515,0.9170034900307655
14516,0.9590003173798323
14517,0.8750066626816988
14518,0.8750066626816988
14519,0.9170034900307655
14520,0.9170034900307655
14521,0.8750066626816988
14522,0.8750066626816988
14523,0.9159848559647799
14524,0.8749775588512421
14525,0.8750066626816988
14526,0.8750066626816988
14527,0.9170034900307655
14528,0.9580107871443033
14529,0.8750066626816988
14530,0.9590003173798323
14531,0.9170034900307655
14532,0.8330098353326321
14533,0.8750066626816988
14534,0.8750066626816988
14535,0.9159848559647799
14536,0.8749775588512421
14537,0.8750066626816988
14538,0.8750066626816988
14539,0.9170034900307655
14540,0.9170034900307655
14541,0.9170034900307655
14542,0.9170034900307655
14543,0.9169743862003088
14544,0.8749775588512421
14545,0.8750066626816988
14546,0.8750066626816988
14547,0.9170034900307655
14548,0.8750066626816988
14549,0.8750066626816988
14550,0.8750066626816988
14551,0.9169743862003088
14552,0.9170034900307655
14553,0.8750066626816988
14554,0.9580107871443033
14555,0.8749775588512421
14556,0.8750066626816988
14557,0.8750066626816988
14558,0.9159848559647799
14559,0.9169743862003088
14560,0.9170034900307655
14561,0.8330098353326321
14562,0.9159848559647799
14563,0.9579816833138466
14564,0.9580107871443033
14565,0.9170034900307655
14566,0.8750066626816988
14567,0.8750066626816988
14568,0.8750066626816988
14569,0.8750066626816988
14570,0.9170034900307655
14571,0.8750066626816988
14572,0.8750066626816988
14573,0.9170034900307655
14574,0.9170034900307655
14575,0.9159848559647799
14576,0.9170034900307655
14577,0.9170034900307655
14578,0.9170034900307655
14579,0.9159848559647799
14580,0.9170034900307655
14581,0.8750066626816988
14582,0.8749775588512421
14583,0.9159848559647799
14584,0.9160139597952366
14585,0.9160139597952366
14586,0.8750066626816988
14587,0.9170034900307655
14588,0.9170034900307655
14589,0.8750066626816988
14590,0.8750066626816988
14591,0.8750066626816988
14592,0.9170034900307655
14593,1.00000761449337
14594,0.9590003173798323
14595,0.8750066626816988
14596,0.8750066626816988
14597,0.9170034900307655
14598,0.9170034900307655
14599,0.8750066626816988
14600,0.8750066626816988
14601,0.9160139597952366
14602,0.9170034900307655
14603,0.9170034900307655
14604,0.8750066626816988
14605,0.9170034900307655
14606,0.9170034900307655
14607,0.9160139597952366
14608,0.8330098353326321
14609,0.8750066626816988
14610,0.9579816833138466
14611,0.9160139597952366
14612,0.8330098353326321
14613,0.9170034900307655
14614,0.9159848559647799
14615,0.9170034900307655
14616,0.9170034900307655
14617,0.8750066626816988
14618,0.833999365568161
14619,0.8750066626816988
14620,0.8750066626816988
14621,0.9159848559647799
14622,0.8749775588512421
14623,0.8750066626816988
14624,0.8750066626816988
14625,0.9170034900307655
14626,0.9169743862003088
14627,0.9170034900307655
14628,0.9590003173798323
14629,0.9170034900307655
14630,0.8750066626816988
14631,0.9170034900307655
14632,0.8750066626816988
14633,0.8750066626816988
14634,0.9169743862003088
14635,0.9170034900307655
14636,0.9160139597952366
14637,0.9159848559647799
14638,0.9169743862003088
14639,0.8330098353326321
14640,0.9160139597952366
14641,0.9170034900307655
14642,0.8749775588512421
14643,0.8750066626816988
14644,0.8750066626816988
14645,0.9159848559647799
14646,0.9579816833138466
14647,0.8750066626816988
14648,0.8750066626816988
14649,0.9579816833138466
14650,0.9580107871443033
14651,0.8750066626816988
14652,0.9170034900307655
14653,0.8749775588512421
14654,0.8750066626816988
14655,0.9160139597952366
14656,0.9170034900307655
14657,0.9170034900307655
14658,0.8330098353326321
14659,0.8750066626816988
14660,0.9590003173798323
14661,0.8749775588512421
14662,0.9170034900307655
14663,0.8750066626816988
14664,0.9160139597952366
14665,0.8750066626816988
14666,0.9170034900307655
14667,0.9170034900307655
14668,0.9590003173798323
14669,0.8749775588512421
14670,0.9590003173798323
14671,0.9170034900307655
14672,0.9590003173798323
14673,0.8749775588512421
14674,0.9160139597952366
14675,0.9170034900307655
14676,0.9590003173798323
14677,0.8749775588512421
14678,0.9590003173798323
14679,0.9170034900307655
14680,0.8749775588512421
14681,0.9169743862003088
14682,0.833999365568161
14683,0.9170034900307655
14684,0.8750066626816988
14685,0.8750066626816988
14686,0.9160139597952366
14687,0.8750066626816988
14688,0.9170034900307655
14689,0.8749775588512421
14690,0.833999365568161
14691,0.8750066626816988
14692,0.8750066626816988
14693,0.8749775588512421
14694,0.8750066626816988
14695,0.9170034900307655
14696,0.9170034900307655
14697,0.8749775588512421
14698,0.8750066626816988
14699,0.9170034900307655
14700,0.8749775588512421
14701,0.9159848559647799
14702,1.0830117389559746
14703,1.1250085663050413
14704,1.04197533801198
14705,1.2080126907676458
14706,1.2090022210031748
14707,1.1249794624745846
14708,1.0420044418424368
14709,1.0830117389559746
14710,1.1250085663050413
14711,1.1250085663050413
14712,1.0840012691915035
14713,1.1250085663050413
14714,1.0840012691915035
14715,1.0830117389559746
14716,1.1249794624745846
14717,1.1659867595881224
14718,1.0830117389559746
14719,0.9170034900307655
14720,0.9590003173798323
14721,0.9590003173798323
14722,0.9590003173798323
14723,0.9590003173798323
14724,0.9170034900307655
14725,0.8750066626816988
14726,0.9160139597952366
14727,0.9159848559647799
14728,0.9159848559647799
14729,0.9160139597952366
14730,0.9160139597952366
14731,0.9159848559647799
14732,0.9159848559647799
14733,0.9580107871443033
14734,0.9580107871443033
14735,0.9170034900307655
14736,0.9170034900307655
14737,0.9170034900307655
14738,0.8750066626816988
14739,0.9169743862003088
14740,0.9590003173798323
14741,0.8750066626816988
14742,0.9590003173798323
14743,0.9170034900307655
14744,0.8750066626816988
14745,0.9590003173798323
14746,0.8750066626816988
14747,0.9169743862003088
14748,0.9170034900307655
14749,0.8750066626816988
14750,0.9159848559647799
14751,0.8749775588512421
14752,0.8750066626816988
14753,0.9170034900307655
14754,0.9590003173798323
14755,0.8749775588512421
14756,0.9170034900307655
14757,1.167005393654108
14758,1.1669762898236513
14759,1.2500095181167126
14760,1.2910168152302504
14761,1.1659867595881224
14762,1.166015863418579
14763,1.2500095181167126
14764,1.374981366097927
14765,1.2500095181167126
14766,1.1250085663050413
14767,1.1659867595881224
14768,1.166015863418579
14769,1.1250085663050413
14770,1.1659867595881224
14771,1.166015863418579
14772,1.1250085663050413
14773,1.1249794624745846
14774,1.167005393654108
14775,1.0830117389559746
14776,1.1669762898236513
14777,1.2500095181167126
14778,1.167005393654108
14779,1.0840012691915035
14780,1.0830117389559746
14781,0.9160139597952366
14782,0.9580107871443033
14783,0.9159848559647799
14784,0.8750066626816988
14785,0.9170034900307655
14786,0.9170034900307655
14787,0.8750066626816988
14788,0.9160139597952366
14789,0.9160139597952366
14790,0.9159848559647799
14791,0.9159848559647799
14792,0.8750066626816988
14793,0.9170034900307655
14794,0.8749775588512421
14795,0.8749775588512421
14796,0.9170034900307655
14797,0.9170034900307655
14798,0.9169743862003088
14799,0.9590003173798323
14800,0.8750066626816988
14801,0.9170034900307655
14802,0.9159848559647799
14803,0.8750066626816988
14804,0.9590003173798323
14805,1.00000761449337
14806,0.9170034900307655
14807,0.833999365568161
14808,0.9580107871443033
14809,0.9159848559647799
14810,0.8749775588512421
14811,0.9170034900307655
14812,0.9590003173798323
14813,0.9170034900307655
14814,0.9170034900307655
14815,0.9160139597952366
14816,0.9580107871443033
14817,0.9170034900307655
14818,0.9160139597952366
14819,0.9160139597952366
14820,0.9580107871443033
14821,1.00000761449337
14822,0.9160139597952366
14823,0.9160139597952366
14824,1.00000761449337
14825,0.9580107871443033
14826,0.8750066626816988
14827,0.9580107871443033
14828,0.9159848559647799
14829,0.9580107871443033
14830,0.9160139597952366
14831,0.9159848559647799
14832,0.9159848559647799
14833,0.9160139597952366
14834,0.9160139597952366
14835,0.9159848559647799
14836,0.9159848559647799
14837,0.9170034900307655
14838,0.8750066626816988
14839,0.9170034900307655
14840,0.9170034900307655
14841,0.8750066626816988
14842,0.9160139597952366
14843,0.9159848559647799
14844,0.9159848559647799
14845,0.9170034900307655
14846,0.8750066626816988
14847,0.9169743862003088
14848,0.8749775588512421
14849,0.9580107871443033
14850,0.8750066626816988
14851,0.9169743862003088
14852,0.9579816833138466
14853,0.9160139597952366
14854,0.8750066626816988
14855,0.9170034900307655
14856,0.8330098353326321
14857,0.8750066626816988
14858,0.9170034900307655
14859,0.833999365568161
14860,0.9170034900307655
14861,0.8330098353326321
14862,0.9160139597952366
14863,0.8750066626816988
14864,0.8750066626816988
14865,0.9170034900307655
14866,0.8750066626816988
14867,0.8749775588512421
14868,0.8750066626816988
14869,0.8750066626816988
14870,0.8750066626816988
14871,0.9159848559647799
14872,0.8749775588512421
14873,0.9170034900307655
14874,0.8750066626816988
14875,0.8750066626816988
14876,0.9170034900307655
14877,0.8750066626816988
14878,0.9170034900307655
14879,0.9159848559647799
14880,0.8750066626816988
14881,0.8750066626816988
14882,0.8330098353326321
14883,0.9169743862003088
14884,0.8750066626816988
14885,0.8750066626816988
14886,0.8750066626816988
14887,0.8750066626816988
14888,0.9170034900307655
14889,0.9170034900307655
14890,0.8750066626816988
14891,0.8329807315021753
14892,0.8749775588512421
14893,0.9590003173798323
14894,0.9170034900307655
14895,0.8749775588512421
14896,0.8750066626816988
14897,0.8750066626816988
14898,0.9160139597952366
14899,0.8750066626816988
14900,0.9170034900307655
14901,0.9160139597952366
14902,0.9580107871443033
14903,0.9159848559647799
14904,0.9580107871443033
14905,0.9160139597952366
14906,0.8750066626816988
14907,0.9170034900307655
14908,0.9170034900307655
14909,0.9160139597952366
14910,0.8750066626816988
14911,0.8750066626816988
14912,0.8750066626816988
14913,0.8750066626816988
14914,0.9170034900307655
14915,0.9159848559647799
14916,0.9170034900307655
14917,0.8750066626816988
14918,0.9159848559647799
14919,0.8329807315021753
14920,0.833999365568161
14921,0.8750066626816988
14922,0.9170034900307655
14923,0.9579816833138466
14924,0.9160139597952366
14925,0.8750066626816988
14926,0.9590003173798323
14927,0.8750066626816988
14928,0.8750066626816988
14929,0.8750066626816988
14930,0.8749775588512421
14931,0.8749775588512421
14932,0.8750066626816988
14933,0.8750066626816988
14934,1.00000761449337
14935,0.9170034900307655
14936,0.9160139597952366
14937,0.9170034900307655
14938,0.9170034900307655
14939,0.8750066626816988
14940,0.8750066626816988
14941,0.9170034900307655
14942,0.9170034900307655
14943,0.9159848559647799
14944,0.9580107871443033
14945,0.8750066626816988
14946,0.8749775588512421
14947,0.9159848559647799
14948,0.8750066626816988
14949,0.9170034900307655
14950,0.9579816833138466
14951,0.8749775588512421
14952,0.8750066626816988
14953,0.9580107871443033
14954,0.9159848559647799
14955,0.9159848559647799
14956,1.00000761449337
14957,0.9160139597952366
14958,0.9579816833138466
14959,0.9159848559647799
14960,0.8750066626816988
14961,0.8750066626816988
14962,0.8750066626816988
14963,0.9580107871443033
14964,0.9580107871443033
14965,0.9159848559647799
14966,0.9159848559647799
14967,0.9170034900307655
14968,0.9170034900307655
14969,0.9170034900307655
14970,0.9169743862003088
14971,0.8750066626816988
14972,0.9170034900307655
14973,0.8749775588512421
14974,0.8749775588512421
14975,0.9170034900307655
14976,0.9170034900307655
14977,0.9170034900307655
14978,0.8750066626816988
14979,0.9170034900307655
14980,0.9170034900307655
14981,0.8749775588512421
14982,0.9159848559647799
14983,0.9580107871443033
14984,0.833999365568161
14985,0.9170034900307655
14986,0.8750066626816988
14987,0.9170034900307655
14988,0.8750066626816988
14989,0.8750066626816988
14990,0.8750066626816988
14991,0.9170034900307655
14992,0.8750066626816988
14993,0.8750066626816988
14994,0.9170034900307655
14995,0.9160139597952366
14996,0.8750066626816988
14997,0.9590003173798323
14998,0.8750066626816988
14999,0.9170034900307655
15000,0.9170034900307655
15001,0.9579816833138466
15002,0.9160139597952366
15003,0.8750066626816988
15004,0.9170034900307655
15005,0.9170034900307655
15006,0.9580107871443033
15007,0.9160139597952366
15008,0.9159848559647799
15009,0.9169743862003088
15010,0.9580107871443033
15011,0.9170034900307655
15012,0.9590003173798323
15013,0.9170034900307655
15014,0.9170034900307655
15015,1.00000761449337
15016,0.9590003173798323
15017,0.9170034900307655
15018,0.8750066626816988
15019,0.9580107871443033
15020,0.9159848559647799
15021,0.9579816833138466
15022,0.8750066626816988
15023,0.9160139597952366
15024,0.9170034900307655
15025,0.9170034900307655
15026,0.9160139597952366
15027,0.9580107871443033
15028,0.8749775588512421
15029,0.9170034900307655
15030,0.8750066626816988
15031,0.8750066626816988
15032,0.9999785106629133
15033,0.9170034900307655
15034,0.8750066626816988
15035,0.9160139597952366
15036,0.8750066626816988
15037,0.9170034900307655
15038,0.9170034900307655
15039,0.9170034900307655
15040,0.9169743862003088
15041,0.9590003173798323
15042,0.8750066626816988
15043,0.8750066626816988
15044,0.9169743862003088
15045,0.9170034900307655
15046,0.9170034900307655
15047,0.9170034900307655
15048,0.9170034900307655
15049,0.8750066626816988
15050,0.9160139597952366
15051,0.9170034900307655
15052,0.9169743862003088
15053,0.8750066626816988
15054,1.00000761449337
15055,0.9579816833138466
15056,0.9170034900307655
15057,0.9170034900307655
15058,0.9170034900307655
15059,0.9169743862003088
15060,0.9590003173798323
15061,0.8750066626816988
15062,0.9590003173798323
15063,0.9170034900307655
15064,0.9170034900307655
15065,0.9170034900307655
15066,0.8750066626816988
15067,0.9170034900307655
15068,0.9160139597952366
15069,0.8750066626816988
15070,0.9170034900307655
15071,0.9579816833138466
15072,1.00000761449337
15073,0.9160139597952366
15074,0.9580107871443033
15075,0.9159848559647799
15076,0.9160139597952366
15077,0.8750066626816988
15078,0.9170034900307655
15079,0.9170034900307655
15080,0.9170034900307655
15081,0.9170034900307655
15082,0.9579816833138466
15083,0.8750066626816988
15084,0.8750066626816988
15085,0.9160139597952366
15086,0.9159848559647799
15087,0.9579816833138466
15088,0.9160139597952366
15089,0.9170034900307655
15090,0.9590003173798323
15091,0.8750066626816988
15092,0.8750066626816988
15093,0.9160139597952366
15094,0.9159848559647799
15095,0.9160139597952366
15096,0.9580107871443033
15097,0.8749775588512421
15098,0.9159848559647799
15099,0.9160139597952366
15100,0.9160139597952366
15101,0.8750066626816988
15102,0.9579816833138466
15103,0.9170034900307655
15104,0.9580107871443033
15105,0.9579816833138466
15106,0.9170034900307655
15107,0.9170034900307655
15108,0.9170034900307655
15109,0.9170034900307655
15110,0.9590003173798323
15111,0.9170034900307655
15112,0.9170034900307655
15113,0.9579816833138466
15114,0.9580107871443033
15115,0.9160139597952366
15116,0.9170034900307655
15117,0.9579816833138466
15118,0.8750066626816988
15119,0.9170034900307655
15120,0.9170034900307655
15121,0.9170034900307655
15122,0.8750066626816988
15123,0.9160139597952366
15124,0.9159848559647799
15125,0.9579816833138466
15126,0.9170034900307655
15127,0.9170034900307655
15128,0.9590003173798323
15129,0.8749775588512421
15130,0.8750066626816988
15131,0.9160139597952366
15132,0.9579816833138466
15133,0.9170034900307655
15134,0.8750066626816988
15135,0.9160139597952366
15136,0.9579816833138466
15137,0.8750066626816988
15138,0.8750066626816988
15139,0.9160139597952366
15140,0.9579816833138466
15141,0.9159848559647799
15142,0.9170034900307655
15143,0.9170034900307655
15144,0.9170034900307655
15145,0.9580107871443033
15146,0.9170034900307655
15147,0.9170034900307655
15148,0.8750066626816988
15149,0.9160139597952366
15150,0.9580107871443033
15151,0.9170034900307655
15152,0.8329807315021753
15153,0.9160139597952366
15154,0.9170034900307655
15155,0.9579816833138466
15156,0.9169743862003088
15157,0.8750066626816988
15158,0.9170034900307655
15159,0.9170034900307655
15160,0.9170034900307655
15161,0.9580107871443033
15162,0.9170034900307655
15163,0.9170034900307655
15164,0.9170034900307655
15165,0.9580107871443033
15166,0.9170034900307655
15167,0.9579816833138466
15168,0.9579816833138466
15169,0.9170034900307655
15170,0.9170034900307655
15171,0.9169743862003088
15172,0.9170034900307655
15173,1.00000761449337
15174,0.9579816833138466
15175,0.9170034900307655
15176,0.9170034900307655
15177,0.9579816833138466
15178,0.9169743862003088
15179,0.9170034900307655
15180,0.8750066626816988
15181,0.9170034900307655
15182,0.9170034900307655
15183,0.8750066626816988
15184,0.9160139597952366
15185,0.9159848559647799
15186,0.9159848559647799
15187,0.9160139597952366
15188,0.8750066626816988
15189,0.8329807315021753
15190,0.8749775588512421
15191,0.9170034900307655
15192,0.9170034900307655
15193,0.9169743862003088
15194,0.9159848559647799
15195,0.9160139597952366
15196,0.8750066626816988
15197,0.9170034900307655
15198,0.9170034900307655
15199,0.9170034900307655
15200,0.9580107871443033
15201,0.9159848559647799
15202,0.8749775588512421
15203,0.9170034900307655
15204,0.9170034900307655
15205,0.9159848559647799
15206,0.8750066626816988
15207,0.9170034900307655
15208,0.9170034900307655
15209,0.9169743862003088
15210,0.9590003173798323
15211,0.9170034900307655
15212,1.00000761449337
15213,0.9579816833138466
15214,0.9580107871443033
15215,0.9170034900307655
15216,0.8749775588512421
15217,0.9159848559647799
15218,0.9170034900307655
15219,0.9580107871443033
15220,0.9159848559647799
15221,0.9580107871443033
15222,0.9580107871443033
15223,0.9160139597952366
15224,0.9999785106629133
15225,0.9579816833138466
15226,0.9160139597952366
15227,0.9580107871443033
15228,0.9590003173798323
15229,0.9590003173798323
15230,0.9170034900307655
15231,0.9579816833138466
15232,0.9579816833138466
15233,0.9170034900307655
15234,0.8750066626816988
15235,0.9159848559647799
15236,0.9579816833138466
15237,1.0410149116069078
15238,0.9170034900307655
15239,0.9170034900307655
15240,1.00000761449337
15241,0.9170034900307655
15242,0.9170034900307655
15243,0.9579816833138466
15244,0.9590003173798323
15245,0.9170034900307655
15246,0.9579816833138466
15247,0.9579816833138466
15248,1.00000761449337
15249,0.9590003173798323
15250,0.9170034900307655
15251,0.9170034900307655
15252,1.00000761449337
15253,0.9170034900307655
15254,0.9169743862003088
15255,0.9590003173798323
15256,0.9170034900307655
15257,0.9170034900307655
15258,0.9169743862003088
15259,0.9170034900307655
15260,0.8750066626816988
15261,0.9579816833138466
15262,0.8749775588512421
15263,0.9170034900307655
15264,0.9580107871443033
15265,0.9579816833138466
15266,0.9169743862003088
15267,0.9170034900307655
15268,0.9170034900307655
15269,0.9170034900307655
15270,0.9169743862003088
15271,0.9170034900307655
15272,0.9170034900307655
15273,0.9579816833138466
15274,1.00000761449337
15275,0.9590003173798323
15276,0.9580107871443033
15277,0.9579816833138466
15278,0.9160139597952366
15279,0.9580107871443033
15280,1.0420044418424368
15281,0.9170034900307655
15282,0.8750066626816988
15283,0.9580107871443033
15284,0.9159848559647799
15285,0.8749775588512421
15286,0.9170034900307655
15287,0.9590003173798323
15288,0.9590003173798323
15289,1.0420044418424368
15290,0.8750066626816988
15291,0.9580107871443033
15292,0.9159848559647799
15293,0.9159848559647799
15294,0.8750066626816988
15295,1.0420044418424368
15296,0.9579816833138466
15297,0.9170034900307655
15298,0.9580107871443033
15299,0.9159848559647799
15300,0.9159848559647799
15301,0.9160139597952366
15302,0.9160139597952366
15303,0.9170034900307655
15304,0.9170034900307655
15305,0.8750066626816988
15306,0.9160139597952366
15307,0.9170034900307655
15308,1.0420044418424368
15309,0.8750066626816988
15310,0.8750066626816988
15311,0.8749775588512421
15312,0.9170034900307655
15313,1.0420044418424368
15314,0.9170034900307655
15315,0.9159848559647799
15316,0.9159848559647799
15317,0.8750066626816988
15318,0.8750066626816988
15319,0.9159848559647799
15320,0.9579816833138466
15321,0.9170034900307655
15322,0.9580107871443033
15323,0.9159848559647799
15324,0.9160139597952366
15325,0.9160139597952366
15326,0.9999785106629133
15327,0.9170034900307655
15328,0.9170034900307655
15329,0.9170034900307655
15330,0.9170034900307655
15331,0.9580107871443033
15332,0.9170034900307655
15333,0.9579816833138466
15334,0.9159848559647799
15335,0.9170034900307655
15336,0.9170034900307655
15337,0.9159848559647799
15338,0.9159848559647799
15339,0.9580107871443033
15340,0.9160139597952366
15341,0.9579816833138466
15342,0.9159848559647799
15343,0.9160139597952366
15344,0.9160139597952366
15345,0.9579816833138466
15346,0.9160139597952366
15347,0.9160139597952366
15348,0.9170034900307655
15349,0.9170034900307655
15350,0.9590003173798323
15351,0.9170034900307655
15352,0.9170034900307655
15353,0.9170034900307655
15354,0.8750066626816988
15355,0.9580107871443033
15356,0.9580107871443033
15357,0.9579816833138466
15358,0.9160139597952366
15359,0.9160139597952366
15360,0.9170034900307655
15361,0.9170034900307655
15362,0.9590003173798323
15363,0.9170034900307655
15364,0.9169743862003088
15365,0.9579816833138466
15366,0.8750066626816988
15367,0.9160139597952366
15368,0.9579816833138466
15369,0.9159848559647799
15370,1.00000761449337
15371,0.9170034900307655
15372,0.8750066626816988
15373,0.9160139597952366
15374,0.9170034900307655
15375,0.9170034900307655
15376,0.8750066626816988
15377,0.9160139597952366
15378,0.8750066626816988
15379,0.9170034900307655
15380,0.8749775588512421
15381,0.9170034900307655
15382,0.9160139597952366
15383,0.9159848559647799
15384,0.9169743862003088
15385,0.8750066626816988
15386,0.8750066626816988
15387,0.9159848559647799
15388,0.8749775588512421
15389,0.9170034900307655
15390,0.9170034900307655
15391,0.9170034900307655
15392,0.8750066626816988
15393,0.8750066626816988
15394,0.8750066626816988
15395,0.9590003173798323
15396,0.9170034900307655
15397,0.9170034900307655
15398,0.8750066626816988
15399,0.9170034900307655
15400,0.9170034900307655
15401,0.8750066626816988
15402,0.9160139597952366
15403,0.9170034900307655
15404,0.9170034900307655
15405,0.9170034900307655
15406,0.8750066626816988
15407,0.8749775588512421
15408,0.8749775588512421
15409,0.9170034900307655
15410,0.8750066626816988
15411,0.8750066626816988
15412,0.9170034900307655
15413,0.8750066626816988
15414,0.833999365568161
15415,0.9170034900307655
15416,0.8750066626816988
15417,0.9160139597952366
15418,0.8750066626816988
15419,0.9590003173798323
15420,0.9170034900307655
15421,0.9170034900307655
15422,0.8750066626816988
15423,0.9159848559647799
15424,0.9160139597952366
15425,0.9160139597952366
15426,0.9170034900307655
15427,0.9169743862003088
15428,0.9170034900307655
15429,0.9170034900307655
15430,0.8749775588512421
15431,0.9159848559647799
15432,0.8750066626816988
15433,0.8750066626816988
15434,0.9170034900307655
15435,0.8750066626816988
15436,0.9580107871443033
15437,0.9160139597952366
15438,0.8750066626816988
15439,0.9169743862003088
15440,0.8750066626816988
15441,0.9160139597952366
15442,0.9170034900307655
15443,0.9590003173798323
15444,0.9170034900307655
15445,0.8750066626816988
15446,0.8749775588512421
15447,0.9170034900307655
15448,0.8750066626816988
15449,0.8750066626816988
15450,0.9579816833138466
15451,0.9159848559647799
15452,0.9170034900307655
15453,0.9170034900307655
15454,0.9169743862003088
15455,0.9170034900307655
15456,0.8750066626816988
15457,0.8750066626816988
15458,0.9170034900307655
15459,0.9170034900307655
15460,0.8750066626816988
15461,0.8750066626816988
15462,0.9170034900307655
15463,0.9170034900307655
15464,0.8750066626816988
15465,0.8750066626816988
15466,0.8750066626816988
15467,0.9170034900307655
15468,0.8750066626816988
15469,0.8750066626816988
15470,0.9579816833138466
15471,0.9160139597952366
15472,0.9160139597952366
15473,0.8750066626816988
15474,0.9169743862003088
15475,0.9590003173798323
15476,0.9170034900307655
15477,0.9170034900307655
15478,0.9169743862003088
15479,0.9170034900307655
15480,0.9170034900307655
15481,0.9159848559647799
15482,0.8749775588512421
15483,0.9590003173798323
15484,0.8750066626816988
15485,0.9170034900307655
15486,0.8749775588512421
15487,0.8330098353326321
15488,0.9160139597952366
15489,0.9170034900307655
15490,0.8329807315021753
15491,0.8750066626816988
15492,0.9580107871443033
15493,0.8750066626816988
15494,0.8750066626816988
15495,0.9160139597952366
15496,0.8750066626816988
15497,0.9170034900307655
15498,0.8329807315021753
15499,0.9170034900307655
15500,0.9160139597952366
15501,0.9159848559647799
15502,0.9159848559647799
15503,0.8750066626816988
15504,0.9170034900307655
15505,0.9169743862003088
15506,0.8750066626816988
15507,0.9580107871443033
15508,0.8750066626816988
15509,0.9169743862003088
15510,0.8749775588512421
15511,0.8750066626816988
15512,0.9590003173798323
15513,0.9169743862003088
15514,0.8750066626816988
15515,0.9170034900307655
15516,0.9170034900307655
15517,0.9579816833138466
15518,0.8749775588512421
15519,0.8750066626816988
15520,0.8750066626816988
15521,0.8750066626816988
15522,0.9170034900307655
15523,0.9170034900307655
15524,0.8750066626816988
15525,0.9579816833138466
15526,0.9159848559647799
15527,0.8750066626816988
15528,0.9170034900307655
15529,0.9590003173798323
15530,0.9170034900307655
15531,0.9170034900307655
15532,0.9170034900307655
15533,0.9169743862003088
15534,0.8750066626816988
15535,0.9170034900307655
15536,0.9170034900307655
15537,0.9159848559647799
15538,0.8750066626816988
15539,0.9170034900307655
15540,0.8750066626816988
15541,0.9170034900307655
15542,0.9160139597952366
15543,0.9170034900307655
15544,0.9170034900307655
15545,0.9170034900307655
15546,0.9170034900307655
15547,0.8750066626816988
15548,0.9159848559647799
15549,0.9159848559647799
15550,0.9170034900307655
15551,0.9170034900307655
15552,0.8749775588512421
15553,0.8749775588512421
15554,0.9580107871443033
15555,0.8750066626816988
15556,0.8749775588512421
15557,0.8750066626816988
15558,0.8750066626816988
15559,0.9170034900307655
15560,0.8749775588512421
15561,0.9159848559647799
15562,0.8750066626816988
15563,0.9170034900307655
15564,0.9579816833138466
15565,0.9159848559647799
15566,0.9160139597952366
15567,0.8750066626816988
15568,0.9170034900307655
15569,0.8750066626816988
15570,0.8750066626816988
15571,0.9160139597952366
15572,0.8750066626816988
15573,0.9170034900307655
15574,0.9590003173798323
15575,0.8750066626816988
15576,0.9170034900307655
15577,0.8750066626816988
15578,0.9160139597952366
15579,0.9170034900307655
15580,0.9170034900307655
15581,0.9160139597952366
15582,0.8750066626816988
15583,0.8750066626816988
15584,0.9590003173798323
15585,0.9170034900307655
15586,0.8750066626816988
15587,0.9159848559647799
15588,0.8749775588512421
15589,0.8750066626816988
15590,0.8750066626816988
15591,0.9159848559647799
15592,0.9169743862003088
15593,0.9170034900307655
15594,0.9170034900307655
15595,0.9159848559647799
15596,0.9579816833138466
15597,0.9160139597952366
15598,0.9170034900307655
15599,0.9590003173798323
15600,0.8750066626816988
15601,0.9170034900307655
15602,0.9160139597952366
15603,0.9579816833138466
15604,0.9580107871443033
15605,0.9170034900307655
15606,0.8750066626816988
15607,0.9169743862003088
15608,0.9170034900307655
15609,0.8750066626816988
15610,0.9160139597952366
15611,0.9579816833138466
15612,0.8750066626816988
15613,0.9580107871443033
15614,0.9170034900307655
15615,0.8749775588512421
15616,0.9170034900307655
15617,0.8750066626816988
15618,0.9159848559647799
15619,0.9169743862003088
15620,0.9170034900307655
15621,0.8750066626816988
15622,0.9580107871443033
15623,0.9170034900307655
15624,0.9160139597952366
15625,0.8750066626816988
15626,0.9170034900307655
15627,0.9170034900307655
15628,0.8750066626816988
15629,0.8750066626816988
15630,0.9170034900307655
15631,0.9170034900307655
15632,0.9170034900307655
15633,0.9170034900307655
15634,0.8749775588512421
15635,0.8749775588512421
15636,0.8750066626816988
15637,0.9170034900307655
15638,0.8750066626816988
15639,0.9169743862003088
15640,0.8750066626816988
15641,0.8750066626816988
15642,0.9579816833138466
15643,0.9579816833138466
15644,0.9160139597952366
15645,0.9160139597952366
15646,0.8750066626816988
15647,0.8750066626816988
15648,0.9170034900307655
15649,0.8750066626816988
15650,0.8750066626816988
15651,0.9170034900307655
15652,0.9170034900307655
15653,0.9160139597952366
15654,0.8750066626816988
15655,0.9170034900307655
15656,0.9580107871443033
15657,0.9160139597952366
15658,0.9579816833138466
15659,0.9159848559647799
15660,0.9160139597952366
15661,0.9160139597952366
15662,0.9159848559647799
15663,0.9160139597952366
15664,0.8750066626816988
15665,0.9170034900307655
15666,0.8749775588512421
15667,0.9590003173798323
15668,0.8750066626816988
15669,0.8749775588512421
15670,0.8749775588512421
15671,0.8750066626816988
15672,0.8750066626816988
15673,1.0830117389559746
15674,1.0420044418424368
15675,1.166015863418579
15676,1.2090022210031748
15677,1.1659867595881224
15678,1.167005393654108
15679,1.167005393654108
15680,1.0830117389559746
15681,1.1250085663050413
15682,1.167005393654108
15683,1.1669762898236513
15684,1.0830117389559746
15685,1.167005393654108
15686,1.2090022210031748
15687,1.1250085663050413
15688,1.167005393654108
15689,0.9579816833138466
15690,0.8750066626816988
15691,0.9170034900307655
15692,0.9170034900307655
15693,0.9159848559647799
15694,0.8750066626816988
15695,0.9170034900307655
15696,0.8750066626816988
15697,0.8750066626816988
15698,0.9580107871443033
15699,0.9170034900307655
15700,0.8749775588512421
15701,0.9159848559647799
15702,0.8750066626816988
15703,0.8750066626816988
15704,0.9169743862003088
15705,0.9170034900307655
15706,0.8750066626816988
15707,0.9160139597952366
15708,0.9999785106629133
15709,0.8750066626816988
15710,0.9160139597952366
15711,0.9160139597952366
15712,0.8750066626816988
15713,0.8750066626816988
15714,0.8750066626816988
15715,0.9160139597952366
15716,0.9170034900307655
15717,0.9170034900307655
15718,0.9170034900307655
15719,0.9590003173798323
15720,0.9590003173798323
15721,0.9170034900307655
15722,0.8330098353326321
15723,0.9159848559647799
15724,0.9999785106629133
15725,0.9160139597952366
15726,0.9580107871443033
15727,0.8750066626816988
15728,0.8749775588512421
15729,0.9170034900307655
15730,0.9580107871443033
15731,0.9170034900307655
15732,0.8750066626816988
15733,0.9160139597952366
15734,0.9580107871443033
15735,0.9590003173798323
15736,0.9170034900307655
15737,0.9170034900307655
15738,0.8750066626816988
15739,0.9159848559647799
15740,0.9159848559647799
15741,0.9170034900307655
15742,0.8750066626816988
15743,0.8749775588512421
15744,0.9159848559647799
15745,0.8750066626816988
15746,0.8750066626816988
15747,0.9159848559647799
15748,0.9170034900307655
15749,0.8750066626816988
15750,0.8750066626816988
15751,0.9159848559647799
15752,0.9580107871443033
15753,1.00000761449337
15754,0.9170034900307655
15755,0.9170034900307655
15756,0.9580107871443033
15757,0.9160139597952366
15758,0.8750066626816988
15759,0.9579816833138466
15760,0.8330098353326321
15761,0.9170034900307655
15762,0.9170034900307655
15763,0.9590003173798323
15764,0.8750066626816988
15765,0.9170034900307655
15766,0.9169743862003088
15767,0.8750066626816988
15768,0.9580107871443033
15769,0.9160139597952366
15770,0.8750066626816988
15771,0.9170034900307655
15772,0.9170034900307655
15773,1.00000761449337
15774,1.04197533801198
15775,0.9590003173798323
15776,0.9580107871443033
15777,0.9579816833138466
15778,0.8749775588512421
15779,0.8750066626816988
15780,0.9170034900307655
15781,0.8750066626816988
15782,0.8329807315021753
15783,0.9160139597952366
15784,0.9170034900307655
15785,0.8329807315021753
15786,0.8749775588512421
15787,0.9170034900307655
15788,0.8750066626816988
15789,0.8750066626816988
15790,0.8749775588512421
15791,0.8750066626816988
15792,0.8330098353326321
15793,0.9170034900307655
15794,0.8750066626816988
15795,0.9160139597952366
15796,0.9580107871443033
15797,0.9170034900307655
15798,0.9170034900307655
15799,0.8750066626816988
15800,0.8750066626816988
15801,0.8750066626816988
15802,0.8750066626816988
15803,0.9170034900307655
15804,0.9170034900307655
15805,0.8750066626816988
15806,0.8750066626816988
15807,0.9160139597952366
15808,0.9170034900307655
15809,0.9170034900307655
15810,0.9170034900307655
15811,0.9170034900307655
15812,0.8750066626816988
15813,0.9579816833138466
15814,0.9590003173798323
15815,0.9170034900307655
15816,0.9160139597952366
15817,0.9579816833138466
15818,0.8749775588512421
15819,0.8750066626816988
15820,0.833999365568161
15821,0.8749775588512421
15822,0.8750066626816988
15823,0.8750066626816988
15824,0.8750066626816988
15825,0.8749775588512421
15826,0.8749775588512421
15827,0.9170034900307655
15828,0.8750066626816988
15829,0.9159848559647799
15830,0.8749775588512421
15831,0.8750066626816988
15832,0.9160139597952366
15833,0.9170034900307655
15834,0.8330098353326321
15835,0.8750066626816988
15836,0.9590003173798323
15837,0.9580107871443033
15838,0.8330098353326321
15839,0.9170034900307655
15840,0.9589712135493755
15841,0.8750066626816988
15842,0.8750066626816988
15843,0.8750066626816988
15844,0.8750066626816988
15845,0.8750066626816988
15846,0.8750066626816988
15847,0.9160139597952366
15848,0.8329807315021753
15849,0.8750066626816988
15850,0.8750066626816988
15851,0.9170034900307655
15852,0.8749775588512421
15853,0.8750066626816988
15854,0.9170034900307655
15855,0.8750066626816988
15856,0.8750066626816988
15857,0.8750066626816988
15858,0.8750066626816988
15859,0.9160139597952366
15860,0.8749775588512421
15861,0.8750066626816988
15862,0.8750066626816988
15863,0.8750066626816988
15864,0.9579816833138466
15865,0.8750066626816988
15866,0.8330098353326321
15867,0.8750066626816988
15868,0.8329807315021753
15869,0.8750066626816988
15870,0.8750066626816988
15871,0.9580107871443033
15872,0.8749775588512421
15873,0.8750066626816988
15874,0.9170034900307655
15875,0.9170034900307655
15876,0.8750066626816988
15877,0.8750066626816988
15878,0.8330098353326321
15879,0.8750066626816988
15880,0.9169743862003088
15881,0.8750066626816988
15882,0.9170034900307655
15883,0.8749775588512421
15884,0.8329807315021753
15885,0.9170034900307655
15886,0.833999365568161
15887,0.9170034900307655
15888,0.8749775588512421
15889,0.8750066626816988
15890,0.8750066626816988
15891,0.9170034900307655
15892,0.8750066626816988
15893,0.8750066626816988
15894,0.8750066626816988
15895,0.8749775588512421
15896,0.9159848559647799
15897,0.8750066626816988
15898,0.8750066626816988
15899,0.9170034900307655
15900,0.8750066626816988
15901,0.8750066626816988
15902,0.8750066626816988
15903,0.8750066626816988
15904,0.9169743862003088
15905,0.8750066626816988
15906,0.9170034900307655
15907,0.9159848559647799
15908,0.9999785106629133
15909,0.9580107871443033
15910,0.9170034900307655
15911,0.8750066626816988
15912,0.8750066626816988
15913,0.8750066626816988
15914,0.8750066626816988
15915,0.8749775588512421
15916,0.9159848559647799
15917,0.9170034900307655
15918,0.8750066626816988
15919,0.8749775588512421
15920,0.8749775588512421
15921,0.8750066626816988
15922,0.8750066626816988
15923,0.8750066626816988
15924,0.9170034900307655
15925,0.8750066626816988
15926,0.9580107871443033
15927,0.8750066626816988
15928,0.9170034900307655
15929,0.9170034900307655
15930,0.9580107871443033
15931,0.8750066626816988
15932,0.9170034900307655
15933,0.9160139597952366
15934,0.9580107871443033
15935,0.9169743862003088
15936,0.8750066626816988
15937,0.9580107871443033
15938,0.8750066626816988
15939,0.9170034900307655
15940,0.9590003173798323
15941,0.9170034900307655
15942,0.9170034900307655
15943,0.9169743862003088
15944,0.8750066626816988
15945,0.9590003173798323
15946,0.9170034900307655
15947,0.9170034900307655
15948,0.9590003173798323
15949,0.9590003173798323
15950,0.9170034900307655
15951,0.9580107871443033
15952,0.9170034900307655
15953,0.9590003173798323
15954,0.8749775588512421
15955,0.9579816833138466
15956,0.9580107871443033
15957,0.9580107871443033
15958,0.8749775588512421
15959,0.9159848559647799
15960,0.9160139597952366
15961,0.9160139597952366
15962,0.9999785106629133
15963,0.9170034900307655
15964,0.8750066626816988
15965,0.9159848559647799
15966,0.8749775588512421
15967,0.9170034900307655
15968,0.9170034900307655
15969,0.9170034900307655
15970,0.8749775588512421
15971,0.9170034900307655
15972,0.9170034900307655
15973,0.9170034900307655
15974,0.9170034900307655
15975,0.8750066626816988
15976,0.9160139597952366
15977,0.9170034900307655
15978,0.9170034900307655
15979,0.9170034900307655
15980,0.8750066626816988
15981,0.9579816833138466
15982,0.9170034900307655
15983,0.8750066626816988
15984,0.9160139597952366
15985,0.9159848559647799
15986,0.9579816833138466
15987,0.9170034900307655
15988,0.9160139597952366
15989,0.9170034900307655
15990,0.8750066626816988
15991,0.8750066626816988
15992,0.8330098353326321
15993,0.9169743862003088
15994,0.9159848559647799
15995,0.8750066626816988
15996,0.9170034900307655
15997,0.8749775588512421
15998,0.9170034900307655
15999,0.8750066626816988
16000,0.9580107871443033
16001,0.9159848559647799
16002,0.9160139597952366
16003,0.8750066626816988
16004,0.8750066626816988
16005,0.9590003173798323
16006,0.8750066626816988
16007,0.9170034900307655
16008,0.9170034900307655
16009,0.9170034900307655
16010,0.9170034900307655
16011,0.9170034900307655
16012,0.8749775588512421
16013,0.8749775588512421
16014,0.9170034900307655
16015,0.9170034900307655
16016,0.8749775588512421
16017,0.9170034900307655
16018,0.9170034900307655
16019,0.8750066626816988
16020,0.9579816833138466
16021,0.9170034900307655
16022,0.9160139597952366
16023,0.9160139597952366
16024,0.9159848559647799
16025,0.9579816833138466
16026,0.9160139597952366
16027,0.9580107871443033
16028,0.833999365568161
16029,0.9170034900307655
16030,0.9580107871443033
16031,0.9159848559647799
16032,0.9159848559647799
16033,0.9160139597952366
16034,0.9580107871443033
16035,0.9580107871443033
16036,0.8750066626816988
16037,0.9160139597952366
16038,0.9160139597952366
16039,0.9159848559647799
16040,0.9580107871443033
16041,0.9580107871443033
16042,0.9580107871443033
16043,0.9579816833138466
16044,0.9579816833138466
16045,0.9170034900307655
16046,0.9999785106629133
16047,0.9159848559647799
16048,0.9170034900307655
16049,0.9170034900307655
16050,0.8750066626816988
16051,0.8750066626816988
16052,0.9580107871443033
16053,0.9580107871443033
16054,0.9170034900307655
16055,0.9170034900307655
16056,0.9170034900307655
16057,0.8750066626816988
16058,1.00000761449337
16059,0.9170034900307655
16060,0.9170034900307655
16061,0.9170034900307655
16062,0.9169743862003088
16063,0.9170034900307655
16064,0.8750066626816988
16065,0.9160139597952366
16066,0.9170034900307655
16067,0.9170034900307655
16068,0.8750066626816988
16069,0.9170034900307655
16070,0.9590003173798323
16071,0.9170034900307655
16072,0.9170034900307655
16073,0.9170034900307655
16074,0.9170034900307655
16075,0.9170034900307655
16076,0.9170034900307655
16077,0.9170034900307655
16078,0.9170034900307655
16079,0.8750066626816988
16080,0.9160139597952366
16081,0.9580107871443033
16082,0.8749775588512421
16083,0.9170034900307655
16084,0.9170034900307655
16085,0.9170034900307655
16086,0.9159848559647799
16087,0.9170034900307655
16088,0.8750066626816988
16089,0.8749775588512421
16090,0.9159848559647799
16091,0.9160139597952366
16092,0.9160139597952366
16093,0.9170034900307655
16094,0.9170034900307655
16095,0.9170034900307655
16096,0.8750066626816988
16097,0.9169743862003088
16098,0.9170034900307655
16099,0.9170034900307655
16100,0.8750066626816988
16101,0.9170034900307655
16102,0.9170034900307655
16103,0.9160139597952366
16104,0.9580107871443033
16105,0.9579816833138466
16106,0.8750066626816988
16107,0.9160139597952366
16108,0.8750066626816988
16109,0.8749775588512421
16110,0.9170034900307655
16111,0.8750066626816988
16112,0.9159848559647799
16113,0.9159848559647799
16114,0.9170034900307655
16115,0.9580107871443033
16116,0.9170034900307655
16117,0.9169743862003088
16118,0.9580107871443033
16119,0.9170034900307655
16120,0.9579816833138466
16121,0.9579816833138466
16122,0.8750066626816988
16123,0.9580107871443033
16124,0.9590003173798323
16125,0.9170034900307655
16126,0.9580107871443033
16127,0.9580107871443033
16128,0.8749775588512421
16129,0.9170034900307655
16130,0.9170034900307655
16131,0.9170034900307655
16132,0.9579816833138466
16133,0.8750066626816988
16134,0.8750066626816988
16135,0.9170034900307655
16136,0.9170034900307655
16137,0.9170034900307655
16138,0.9170034900307655
16139,0.9590003173798323
16140,0.9170034900307655
16141,0.9170034900307655
16142,0.9590003173798323
16143,0.9159848559647799
16144,0.9170034900307655
16145,0.9580107871443033
16146,0.9160139597952366
16147,0.9159848559647799
16148,0.9160139597952366
16149,0.9160139597952366
16150,0.9170034900307655
16151,0.9169743862003088
16152,1.00000761449337
16153,0.9580107871443033
16154,0.8749775588512421
16155,0.9169743862003088
16156,0.9170034900307655
16157,0.9170034900307655
16158,1.7919810488820076
16159,0.9590003173798323
16160,0.9170034900307655
16161,0.9590003173798323
16162,0.9170034900307655
16163,0.9170034900307655
16164,0.8750066626816988
16165,0.8749775588512421
16166,0.9159848559647799
16167,0.9160139597952366
16168,0.9170034900307655
16169,0.8749775588512421
16170,0.8750066626816988
16171,0.9170034900307655
16172,0.9170034900307655
16173,0.8749775588512421
16174,0.9170034900307655
16175,0.8750066626816988
16176,0.8330098353326321
16177,0.8749775588512421
16178,0.9159848559647799
16179,0.8750066626816988
16180,0.8750066626816988
16181,0.9170034900307655
16182,0.8330098353326321
16183,0.8750066626816988
16184,0.9170034900307655
16185,0.8749775588512421
16186,0.8330098353326321
16187,0.8750066626816988
16188,0.8750066626816988
16189,0.8749775588512421
16190,0.9170034900307655
16191,0.9170034900307655
16192,0.8750066626816988
16193,0.8749775588512421
16194,0.8749775588512421
16195,0.8750066626816988
16196,0.9170034900307655
16197,0.8749775588512421
16198,0.9159848559647799
16199,0.8750066626816988
16200,0.8750066626816988
16201,0.9170034900307655
16202,0.9590003173798323
16203,0.9170034900307655
16204,0.9170034900307655
16205,0.8749775588512421
16206,0.9159848559647799
16207,0.9170034900307655
16208,0.9170034900307655
16209,0.8749775588512421
16210,0.8750066626816988
16211,0.9170034900307655
16212,0.833999365568161
16213,0.9170034900307655
16214,0.8330098353326321
16215,0.9160139597952366
16216,0.9160139597952366
16217,0.9169743862003088
16218,0.9170034900307655
16219,0.9170034900307655
16220,0.8750066626816988
16221,0.8750066626816988
16222,0.8750066626816988
16223,0.8750066626816988
16224,0.8749775588512421
16225,0.9159848559647799
16226,0.9170034900307655
16227,0.8750066626816988
16228,0.9170034900307655
16229,0.9170034900307655
16230,0.8750066626816988
16231,0.9160139597952366
16232,0.8750066626816988
16233,0.9169743862003088
16234,0.9170034900307655
16235,0.9170034900307655
16236,0.8750066626816988
16237,0.9170034900307655
16238,0.9170034900307655
16239,0.9580107871443033
16240,0.8749775588512421
16241,0.9159848559647799
16242,0.9580107871443033
16243,0.9160139597952366
16244,0.9170034900307655
16245,0.9170034900307655
16246,0.9170034900307655
16247,0.8750066626816988
16248,0.9169743862003088
16249,0.9159848559647799
16250,0.8750066626816988
16251,0.9170034900307655
16252,0.8749775588512421
16253,0.9170034900307655
16254,0.9590003173798323
16255,0.9170034900307655
16256,0.9590003173798323
16257,0.9590003173798323
16258,0.9590003173798323
16259,0.9170034900307655
16260,0.9590003173798323
16261,0.9170034900307655
16262,0.8750066626816988
16263,0.9170034900307655
16264,0.9579816833138466
16265,0.9160139597952366
16266,0.9160139597952366
16267,0.9579816833138466
16268,0.8749775588512421
16269,0.8750066626816988
16270,0.9170034900307655
16271,0.9169743862003088
16272,0.8750066626816988
16273,0.9160139597952366
16274,0.9160139597952366
16275,0.8750066626816988
16276,0.9170034900307655
16277,0.9170034900307655
16278,0.9170034900307655
16279,0.9159848559647799
16280,0.8749775588512421
16281,0.9590003173798323
16282,0.9170034900307655
16283,0.8749775588512421
16284,0.9160139597952366
16285,0.9160139597952366
16286,0.9159848559647799
16287,0.9159848559647799
16288,0.9170034900307655
16289,0.9170034900307655
16290,0.9170034900307655
16291,0.9169743862003088
16292,0.9580107871443033
16293,0.9160139597952366
16294,0.9170034900307655
16295,0.9169743862003088
16296,0.8750066626816988
16297,0.9580107871443033
16298,0.8749775588512421
16299,0.9159848559647799
16300,0.8750066626816988
16301,0.9170034900307655
16302,0.9169743862003088
16303,0.8750066626816988
16304,0.8750066626816988
16305,0.9170034900307655
16306,0.8749775588512421
16307,0.9159848559647799
16308,0.8330098353326321
16309,0.9170034900307655
16310,0.833999365568161
16311,0.8330098353326321
16312,0.9160139597952366
16313,0.9160139597952366
16314,0.9159848559647799
16315,0.8749775588512421
16316,0.9170034900307655
16317,0.8750066626816988
16318,0.9169743862003088
16319,0.8750066626816988
16320,0.8750066626816988
16321,0.8750066626816988
16322,0.9170034900307655
16323,0.8750066626816988
16324,0.8750066626816988
16325,0.8750066626816988
16326,0.8750066626816988
16327,0.8750066626816988
16328,0.9170034900307655
16329,0.8750066626816988
16330,0.9159848559647799
16331,0.9160139597952366
16332,0.9170034900307655
16333,1.0420044418424368
16334,0.8749775588512421
16335,0.8750066626816988
16336,0.9580107871443033
16337,0.8750066626816988
16338,0.8750066626816988
16339,0.8750066626816988
16340,0.9170034900307655
16341,1.0829826351255178
16342,0.9170034900307655
16343,0.9170034900307655
16344,0.9170034900307655
16345,0.8749775588512421
16346,1.00000761449337
16347,0.9580107871443033
16348,0.9169743862003088
16349,0.9170034900307655
16350,0.9170034900307655
16351,0.9580107871443033
16352,0.9159848559647799
16353,0.8750066626816988
16354,0.9170034900307655
16355,0.8750066626816988
16356,0.9579816833138466
16357,0.9170034900307655
16358,0.9170034900307655
16359,0.9170034900307655
16360,0.9159848559647799
16361,0.9160139597952366
16362,1.0830117389559746
16363,0.9170034900307655
16364,0.9170034900307655
16365,0.9170034900307655
16366,0.9590003173798323
16367,0.9170034900307655
16368,0.8750066626816988
16369,2.333021257072687
16370,1.834006980061531
16371,1.0420044418424368
16372,0.9170034900307655
16373,2.207991201430559
16374,0.9160139597952366
16375,0.9579816833138466
16376,0.9579816833138466
16377,0.8750066626816988
16378,0.8750066626816988
16379,0.8749775588512421
16380,0.9160139597952366
16381,0.9160139597952366
16382,0.9170034900307655
16383,0.9170034900307655
16384,0.833999365568161
16385,0.9999785106629133
16386,0.8749775588512421
16387,0.9170034900307655
16388,0.9590003173798323
16389,0.9170034900307655
16390,0.9170034900307655
16391,0.9160139597952366
16392,0.9160139597952366
16393,0.9159848559647799
16394,0.9169743862003088
16395,0.9170034900307655
16396,0.8750066626816988
16397,0.8330098353326321
16398,0.8750066626816988
16399,0.9160139597952366
16400,0.8750066626816988
16401,0.8749775588512421
16402,0.8329807315021753
16403,0.9170034900307655
16404,0.9580107871443033
16405,0.9159848559647799
16406,0.8749775588512421
16407,0.9170034900307655
16408,0.9170034900307655
16409,0.8749775588512421
16410,0.8749775588512421
16411,0.8750066626816988
16412,0.833999365568161
16413,0.8750066626816988
16414,0.9590003173798323
16415,0.8750066626816988
16416,0.8750066626816988
16417,0.9170034900307655
16418,0.9590003173798323
16419,0.9170034900307655
16420,0.9170034900307655
16421,0.8749775588512421
16422,0.9580107871443033
16423,0.8750066626816988
16424,0.9170034900307655
16425,0.9169743862003088
16426,0.9579816833138466
16427,0.9160139597952366
16428,0.9170034900307655
16429,0.8749775588512421
16430,0.9159848559647799
16431,0.9160139597952366
16432,0.9170034900307655
16433,0.9169743862003088
16434,0.8750066626816988
16435,0.8750066626816988
16436,0.9170034900307655
16437,0.8749775588512421
16438,0.9170034900307655
16439,0.8750066626816988
16440,0.9580107871443033
16441,0.8750066626816988
16442,0.9160139597952366
16443,0.9170034900307655
16444,0.9170034900307655
16445,0.9579816833138466
16446,0.9160139597952366
16447,0.8750066626816988
16448,0.8750066626816988
16449,0.9170034900307655
16450,0.9170034900307655
16451,0.8750066626816988
16452,0.9579816833138466
16453,0.9159848559647799
16454,0.9160139597952366
16455,0.9160139597952366
16456,0.9159848559647799
16457,0.8749775588512421
16458,0.8750066626816988
16459,0.9580107871443033
16460,0.9159848559647799
16461,0.8749775588512421
16462,0.8750066626816988
16463,0.8750066626816988
16464,0.9159848559647799
16465,0.9159848559647799
16466,0.9160139597952366
16467,0.8750066626816988
16468,0.9590003173798323
16469,0.9170034900307655
16470,0.8750066626816988
16471,0.8750066626816988
16472,0.9170034900307655
16473,0.9170034900307655
16474,0.9590003173798323
16475,0.9170034900307655
16476,0.9590003173798323
16477,0.9170034900307655
16478,0.9160139597952366
16479,0.8750066626816988
16480,0.9579816833138466
16481,0.9170034900307655
16482,0.9590003173798323
16483,0.9170034900307655
16484,0.8749775588512421
16485,0.9580107871443033
16486,0.9170034900307655
16487,0.8749775588512421
16488,0.8749775588512421
16489,0.9590003173798323
16490,0.8750066626816988
16491,0.9170034900307655
16492,0.9170034900307655
16493,0.8750066626816988
16494,0.8750066626816988
16495,0.8749775588512421
16496,0.8749775588512421
16497,0.9170034900307655
16498,0.9170034900307655
16499,0.9170034900307655
16500,0.9170034900307655
16501,0.8750066626816988
16502,0.9170034900307655
16503,0.9169743862003088
16504,0.9170034900307655
16505,0.9170034900307655
16506,0.8750066626816988
16507,0.8750066626816988
16508,0.8750066626816988
16509,0.9160139597952366
16510,0.9170034900307655
16511,0.9170034900307655
16512,0.8330098353326321
16513,0.9160139597952366
16514,0.9170034900307655
16515,0.8749775588512421
16516,0.9170034900307655
16517,0.9580107871443033
16518,0.9159848559647799
16519,0.8749775588512421
16520,0.8750066626816988
16521,0.8750066626816988
16522,0.8750066626816988
16523,0.9169743862003088
16524,0.8750066626816988
16525,0.9170034900307655
16526,0.9159848559647799
16527,0.9579816833138466
16528,0.9160139597952366
16529,0.9160139597952366
16530,0.9170034900307655
16531,0.9590003173798323
16532,0.8750066626816988
16533,0.8750066626816988
16534,0.9159848559647799
16535,0.9159848559647799
16536,0.9170034900307655
16537,0.8750066626816988
16538,0.8750066626816988
16539,0.8749775588512421
16540,0.9170034900307655
16541,0.9170034900307655
16542,0.9159848559647799
16543,0.8749775588512421
16544,0.9580107871443033
16545,0.9160139597952366
16546,0.9170034900307655
16547,0.8750066626816988
16548,0.8750066626816988
16549,0.9170034900307655
16550,0.8749775588512421
16551,0.8750066626816988
16552,0.8750066626816988
16553,0.9170034900307655
16554,0.8749775588512421
16555,0.8750066626816988
16556,0.8750066626816988
16557,0.8750066626816988
16558,0.8749775588512421
16559,0.9159848559647799
16560,0.9160139597952366
16561,0.8750066626816988
16562,0.8749775588512421
16563,0.8749775588512421
16564,0.9170034900307655
16565,0.9170034900307655
16566,0.9159848559647799
16567,0.8749775588512421
16568,0.9170034900307655
16569,0.9170034900307655
16570,0.8750066626816988
16571,0.8750066626816988
16572,0.8750066626816988
16573,0.8750066626816988
16574,0.9170034900307655
16575,0.8750066626816988
16576,0.8750066626816988
16577,0.8750066626816988
16578,0.8329807315021753
16579,0.8749775588512421
16580,0.9170034900307655
16581,0.9170034900307655
16582,0.8749775588512421
16583,0.9160139597952366
16584,0.8750066626816988
16585,0.8750066626816988
16586,0.9170034900307655
16587,0.8750066626816988
16588,0.8750066626816988
16589,0.8750066626816988
16590,0.9170034900307655
16591,0.8750066626816988
16592,0.8330098353326321
16593,0.9170034900307655
16594,0.9159848559647799
16595,0.9170034900307655
16596,0.8750066626816988
16597,0.8749775588512421
16598,0.8749775588512421
16599,0.9170034900307655
16600,0.8750066626816988
16601,0.9159848559647799
16602,0.8749775588512421
16603,0.8330098353326321
16604,0.8750066626816988
16605,0.8750066626816988
16606,0.8750066626816988
16607,0.8750066626816988
16608,0.8750066626816988
16609,0.9159848559647799
16610,0.9159848559647799
16611,0.9170034900307655
16612,0.8750066626816988
16613,0.8750066626816988
16614,0.8329807315021753
16615,0.8750066626816988
16616,0.9170034900307655
16617,0.9170034900307655
16618,0.8750066626816988
16619,0.8750066626816988
16620,0.8330098353326321
16621,0.9159848559647799
16622,0.9169743862003088
16623,0.8330098353326321
16624,0.8750066626816988
16625,0.8750066626816988
16626,0.833999365568161
16627,0.9170034900307655
16628,0.8330098353326321
16629,0.9170034900307655
16630,0.9170034900307655
16631,0.8750066626816988
16632,0.8750066626816988
16633,0.8750066626816988
16634,0.8749775588512421
16635,0.8750066626816988
16636,0.9160139597952366
16637,0.8750066626816988
16638,0.9170034900307655
16639,0.833999365568161
16640,0.8330098353326321
16641,0.8750066626816988
16642,0.8749775588512421
16643,0.8750066626816988
16644,0.8750066626816988
16645,0.8330098353326321
16646,0.8750066626816988
16647,0.8750066626816988
16648,0.8750066626816988
16649,0.8750066626816988
16650,0.8750066626816988
16651,0.8750066626816988
16652,0.8330098353326321
16653,0.8750066626816988
16654,0.8749775588512421
16655,0.9159848559647799
16656,0.8330098353326321
16657,0.8750066626816988
16658,0.9170034900307655
16659,0.8750066626816988
16660,0.833999365568161
16661,0.8750066626816988
16662,0.8750066626816988
16663,0.8330098353326321
16664,0.9170034900307655
16665,0.8750066626816988
16666,0.9159848559647799
16667,0.8749775588512421
16668,0.8750066626816988
16669,0.8750066626816988
16670,0.8749775588512421
16671,0.8749775588512421
16672,0.8750066626816988
16673,0.8750066626816988
16674,0.9159848559647799
16675,0.8749775588512421
16676,0.9170034900307655
16677,0.8330098353326321
16678,0.9159848559647799
16679,0.8750066626816988
16680,0.833999365568161
16681,0.8750066626816988
16682,0.8750066626816988
16683,0.8330098353326321
16684,0.8750066626816988
16685,0.8330098353326321
16686,0.9159848559647799
16687,0.8749775588512421
16688,0.9170034900307655
16689,0.8330098353326321
16690,0.8750066626816988
16691,0.833999365568161
16692,0.9170034900307655
16693,0.8750066626816988
16694,0.8750066626816988
16695,0.8750066626816988
16696,0.8750066626816988
16697,0.8750066626816988
16698,0.8749775588512421
16699,0.8749775588512421
16700,0.8750066626816988
16701,0.8330098353326321
16702,0.8750066626816988
16703,0.8329807315021753
16704,0.8750066626816988
16705,0.9170034900307655
16706,0.9170034900307655
16707,0.9170034900307655
16708,0.8750066626816988
16709,0.8750066626816988
16710,0.9170034900307655
16711,0.8329807315021753
16712,0.8750066626816988
16713,0.8330098353326321
16714,0.9170034900307655
16715,0.833999365568161
16716,0.8750066626816988
16717,0.8750066626816988
16718,0.8330098353326321
16719,0.8750066626816988
16720,0.8330098353326321
16721,0.8750066626816988
16722,0.9159848559647799
16723,0.8329807315021753
16724,0.8750066626816988
16725,0.8750066626816988
16726,0.8749775588512421
16727,0.8749775588512421
16728,0.8750066626816988
16729,0.8330098353326321
16730,0.9170034900307655
16731,0.8749775588512421
16732,0.8750066626816988
16733,0.8750066626816988
16734,0.8750066626816988
16735,0.8750066626816988
16736,0.8750066626816988
16737,0.8750066626816988
16738,0.8750066626816988
16739,0.8750066626816988
16740,0.9160139597952366
16741,0.8750066626816988
16742,0.8330098353326321
16743,0.8749775588512421
16744,0.8750066626816988
16745,0.8330098353326321
16746,0.8750066626816988
16747,0.8329807315021753
16748,0.8329807315021753
16749,0.833999365568161
16750,0.8750066626816988
16751,0.833999365568161
16752,0.8330098353326321
16753,0.8330098353326321
16754,0.833999365568161
16755,0.8749775588512421
16756,0.8750066626816988
16757,0.8330098353326321
16758,0.8750066626816988
16759,0.8329807315021753
16760,0.833999365568161
16761,0.8330098353326321
16762,0.8330098353326321
16763,0.9170034900307655
16764,0.9159848559647799
16765,0.9170034900307655
16766,0.9170034900307655
16767,0.8750066626816988
16768,0.8749775588512421
16769,0.833999365568161
16770,0.8750066626816988
16771,0.8749775588512421
16772,0.8749775588512421
16773,0.9170034900307655
16774,0.8330098353326321
16775,0.8749775588512421
16776,0.8329807315021753
16777,0.8750066626816988
16778,0.8750066626816988
16779,0.8750066626816988
16780,0.8749775588512421
16781,0.833999365568161
16782,0.9170034900307655
16783,0.8329807315021753
16784,0.9169743862003088
16785,0.8330098353326321
16786,0.8750066626816988
16787,0.8329807315021753
16788,0.8329807315021753
16789,0.833999365568161
16790,0.8330098353326321
16791,0.8750066626816988
16792,0.8749775588512421
16793,0.8750066626816988
16794,0.9170034900307655
16795,0.8750066626816988
16796,0.8329807315021753
16797,0.8750066626816988
16798,0.9160139597952366
16799,0.8750066626816988
16800,0.9170034900307655
16801,0.9170034900307655
16802,0.8750066626816988
16803,0.8750066626816988
16804,0.8749775588512421
16805,0.833999365568161
16806,0.8750066626816988
16807,0.8750066626816988
16808,0.8750066626816988
16809,0.8750066626816988
16810,0.9170034900307655
16811,0.833999365568161
16812,0.8329807315021753
16813,0.8750066626816988
16814,0.8750066626816988
16815,0.8750066626816988
16816,0.9169743862003088
16817,0.8750066626816988
16818,0.8750066626816988
16819,0.8750066626816988
16820,0.8750066626816988
16821,0.8750066626816988
16822,0.9170034900307655
16823,0.8750066626816988
16824,0.8329807315021753
16825,0.8329807315021753
16826,0.8750066626816988
16827,0.8750066626816988
16828,0.8750066626816988
16829,0.8750066626816988
16830,0.8750066626816988
16831,0.9170034900307655
16832,0.8749775588512421
16833,0.8749775588512421
16834,0.7920025382190943
16835,0.8750066626816988
16836,0.9159848559647799
16837,0.8750066626816988
16838,0.9170034900307655
16839,0.8750066626816988
16840,0.9170034900307655
16841,0.8750066626816988
16842,0.8750066626816988
16843,0.8750066626816988
16844,1.00000761449337
16845,0.8330098353326321
16846,0.8750066626816988
16847,0.8330098353326321
16848,0.8329807315021753
16849,1.00000761449337
16850,0.9160139597952366
16851,0.8750066626816988
16852,0.8750066626816988
16853,0.7920025382190943
16854,0.8750066626816988
16855,1.00000761449337
16856,0.9579816833138466
16857,0.8750066626816988
16858,0.8750066626816988
16859,0.8749775588512421
16860,0.8749775588512421
16861,0.8750066626816988
16862,0.9160139597952366
16863,0.8750066626816988
16864,0.9170034900307655
16865,0.9170034900307655
16866,0.833999365568161
16867,0.8749775588512421
16868,0.8750066626816988
16869,0.8750066626816988
16870,0.9170034900307655
16871,1.00000761449337
16872,0.8750066626816988
16873,0.833999365568161
16874,1.0829826351255178
16875,0.8329807315021753
16876,0.8750066626816988
16877,0.8750066626816988
16878,0.9170034900307655
16879,0.8749775588512421
16880,0.9170034900307655
16881,0.8750066626816988
16882,0.8750066626816988
16883,0.8749775588512421
16884,0.8750066626816988
16885,0.9160139597952366
16886,0.8750066626816988
16887,0.9590003173798323
16888,0.9170034900307655
16889,0.9160139597952366
16890,0.8750066626816988
16891,0.9170034900307655
16892,0.9160139597952366
16893,0.8750066626816988
16894,0.9170034900307655
16895,0.8750066626816988
16896,0.8750066626816988
16897,0.833999365568161
16898,0.9170034900307655
16899,0.8329807315021753
16900,0.8750066626816988
16901,0.9170034900307655
16902,0.8749775588512421
16903,0.8749775588512421
16904,0.9170034900307655
16905,0.8750066626816988
16906,0.833999365568161
16907,0.8749775588512421
16908,0.9170034900307655
16909,0.8750066626816988
16910,0.9159848559647799
16911,0.9169743862003088
16912,0.9170034900307655
16913,0.8750066626816988
16914,0.8329807315021753
16915,0.9159848559647799
16916,0.9170034900307655
16917,0.8750066626816988
16918,0.9159848559647799
16919,0.9169743862003088
16920,0.9590003173798323
16921,0.8750066626816988
16922,0.9159848559647799
16923,0.8749775588512421
16924,0.9170034900307655
16925,0.8750066626816988
16926,0.9170034900307655
16927,0.8749775588512421
16928,0.9160139597952366
16929,0.8750066626816988
16930,0.8750066626816988
16931,0.9170034900307655
16932,0.9170034900307655
16933,0.9160139597952366
16934,0.9159848559647799
16935,0.8749775588512421
16936,0.8750066626816988
16937,0.9170034900307655
16938,0.9159848559647799
16939,0.8750066626816988
16940,0.9170034900307655
16941,0.9160139597952366
16942,0.9170034900307655
16943,0.9170034900307655
16944,0.9160139597952366
16945,0.9170034900307655
16946,0.8750066626816988
16947,0.8750066626816988
16948,0.9170034900307655
16949,0.9170034900307655
16950,0.9590003173798323
16951,0.8330098353326321
16952,0.9160139597952366
16953,0.9170034900307655
16954,0.9170034900307655
16955,0.8750066626816988
16956,0.833999365568161
16957,0.9170034900307655
16958,0.9590003173798323
16959,0.8750066626816988
16960,0.8750066626816988
16961,0.8750066626816988
16962,0.9590003173798323
16963,0.8750066626816988
16964,0.8750066626816988
16965,0.9170034900307655
16966,0.8749775588512421
16967,0.9159848559647799
16968,0.9160139597952366
16969,0.9160139597952366
16970,0.9170034900307655
16971,0.9170034900307655
16972,0.9170034900307655
16973,0.9160139597952366
16974,0.9170034900307655
16975,0.8750066626816988
16976,0.8750066626816988
16977,0.8750066626816988
16978,0.8749775588512421
16979,0.8750066626816988
16980,0.9170034900307655
16981,0.9170034900307655
16982,0.9170034900307655
16983,0.8750066626816988
16984,0.8750066626816988
16985,0.8750066626816988
16986,0.8750066626816988
16987,0.9170034900307655
16988,0.9170034900307655
16989,0.9170034900307655
16990,0.9579816833138466
16991,0.8750066626816988
16992,0.9160139597952366
16993,0.8750066626816988
16994,0.8749775588512421
16995,0.9590003173798323
16996,0.8750066626816988
16997,0.9170034900307655
16998,0.9170034900307655
16999,0.9170034900307655
17000,0.9580107871443033
17001,0.9159848559647799
17002,0.9159848559647799
17003,0.9170034900307655
17004,0.8750066626816988
17005,0.8749775588512421
17006,0.9159848559647799
17007,0.8750066626816988
17008,0.8750066626816988
17009,0.8749775588512421
17010,0.9159848559647799
17011,0.9170034900307655
17012,0.9170034900307655
17013,0.8749775588512421
17014,0.9159848559647799
17015,0.8750066626816988
17016,0.8750066626816988
17017,0.9159848559647799
17018,0.9159848559647799
17019,0.8750066626816988
17020,0.9170034900307655
17021,0.833999365568161
17022,0.8750066626816988
17023,0.9590003173798323
17024,0.8750066626816988
17025,0.9169743862003088
17026,0.8749775588512421
17027,0.8750066626816988
17028,0.8750066626816988
17029,0.8750066626816988
17030,0.8750066626816988
17031,0.8750066626816988
17032,0.8750066626816988
17033,0.9169743862003088
17034,0.833999365568161
17035,0.8750066626816988
17036,0.8750066626816988
17037,0.9170034900307655
17038,0.8330098353326321
17039,0.8750066626816988
17040,0.8750066626816988
17041,0.8750066626816988
17042,0.8330098353326321
17043,0.8750066626816988
17044,0.8750066626816988
17045,0.8749775588512421
17046,0.8749775588512421
17047,0.8750066626816988
17048,0.8750066626816988
17049,0.9170034900307655
17050,0.9170034900307655
17051,0.8750066626816988
17052,0.8330098353326321
17053,0.9159848559647799
17054,0.8749775588512421
17055,0.7920025382190943
17056,0.8750066626816988
17057,0.8749775588512421
17058,0.9170034900307655
17059,0.8750066626816988
17060,0.833999365568161
17061,0.8749775588512421
17062,0.8750066626816988
17063,0.9170034900307655
17064,0.8750066626816988
17065,0.8749775588512421
17066,0.8749775588512421
17067,0.8750066626816988
17068,0.9580107871443033
17069,0.9159848559647799
17070,0.9159848559647799
17071,0.8750066626816988
17072,0.8750066626816988
17073,0.8749775588512421
17074,0.9170034900307655
17075,0.8750066626816988
17076,0.8750066626816988
17077,0.8749775588512421
17078,0.9159848559647799
17079,0.9170034900307655
17080,0.9170034900307655
17081,0.9159848559647799
17082,0.8749775588512421
17083,0.9170034900307655
17084,0.8750066626816988
17085,0.8750066626816988
17086,0.8750066626816988
17087,0.9580107871443033
17088,0.9170034900307655
17089,0.9159848559647799
17090,0.8749775588512421
17091,0.9170034900307655
17092,0.9170034900307655
17093,0.9159848559647799
17094,0.9170034900307655
17095,0.8750066626816988
17096,0.9160139597952366
17097,0.8749775588512421
17098,0.9170034900307655
17099,0.8750066626816988
17100,0.8750066626816988
17101,0.9169743862003088
17102,0.8750066626816988
17103,0.8750066626816988
17104,0.8750066626816988
17105,0.9159848559647799
17106,0.8750066626816988
17107,0.9170034900307655
17108,0.9170034900307655
17109,0.8750066626816988
17110,0.9170034900307655
17111,0.8750066626816988
17112,0.9580107871443033
17113,0.8750066626816988
17114,0.9160139597952366
17115,0.8750066626816988
17116,0.8750066626816988
17117,0.8750066626816988
17118,0.8330098353326321
17119,0.8750066626816988
17120,0.8330098353326321
17121,0.833999365568161
17122,0.8750066626816988
17123,0.9170034900307655
17124,0.9170034900307655
17125,0.9170034900307655
17126,0.9170034900307655
17127,0.9160139597952366
17128,0.8750066626816988
17129,0.9170034900307655
17130,0.8750066626816988
17131,0.9580107871443033
17132,0.8750066626816988
17133,0.9170034900307655
17134,0.9580107871443033
17135,0.9580107871443033
17136,0.8749775588512421
17137,0.8749775588512421
17138,0.8750066626816988
17139,0.9160139597952366
17140,0.9170034900307655
17141,0.9170034900307655
17142,0.9170034900307655
17143,0.9160139597952366
17144,0.8750066626816988
17145,0.9170034900307655
17146,0.8750066626816988
17147,0.9160139597952366
17148,0.9170034900307655
17149,0.8750066626816988
17150,0.9590003173798323
17151,0.8750066626816988
17152,0.8750066626816988
17153,0.9590003173798323
17154,0.8750066626816988
17155,0.8750066626816988
17156,0.9590003173798323
17157,0.8750066626816988
17158,0.9580107871443033
17159,0.9170034900307655
17160,0.833999365568161
17161,0.8750066626816988
17162,0.9160139597952366
17163,0.8750066626816988
17164,0.8749775588512421
17165,0.9170034900307655
17166,0.9170034900307655
17167,0.9160139597952366
17168,0.8329807315021753
17169,0.8750066626816988
17170,0.8750066626816988
17171,0.8750066626816988
17172,0.8749775588512421
17173,0.9170034900307655
17174,0.9170034900307655
17175,0.9160139597952366
17176,0.8750066626816988
17177,0.9170034900307655
17178,0.9170034900307655
17179,0.8750066626816988
17180,1.00000761449337
17181,0.8750066626816988
17182,1.00000761449337
17183,0.8750066626816988
17184,0.8750066626816988
17185,0.8750066626816988
17186,0.8750066626816988
17187,0.8750066626816988
17188,0.8340284693986177
17189,0.8750066626816988
17190,0.9170034900307655
17191,0.8750066626816988
17192,0.8750066626816988
17193,0.8750066626816988
17194,0.9160139597952366
17195,0.8750066626816988
17196,0.9169743862003088
17197,0.8750066626816988
17198,0.9160139597952366
17199,0.8330098353326321
17200,0.8750066626816988
17201,0.8750066626816988
17202,0.9170034900307655
17203,0.833999365568161
17204,0.9169743862003088
17205,0.8750066626816988
17206,0.8750066626816988
17207,0.8750066626816988
17208,0.8750066626816988
17209,0.8330098353326321
17210,0.8750066626816988
17211,0.8750066626816988
17212,0.8749775588512421
17213,0.8749775588512421
17214,0.8330098353326321
17215,0.8750066626816988
17216,0.8749775588512421
17217,0.8750066626816988
17218,0.8750066626816988
17219,0.833999365568161
17220,0.8749775588512421
17221,0.8749775588512421
17222,0.8750066626816988
17223,0.8750066626816988
17224,0.8749775588512421
17225,0.8749775588512421
17226,0.8330098353326321
17227,0.8750066626816988
17228,0.8749775588512421
17229,0.9170034900307655
17230,0.8750066626816988
17231,0.8750066626816988
17232,0.8329807315021753
17233,0.8749775588512421
17234,0.8750066626816988
17235,0.8750066626816988
17236,0.8749775588512421
17237,0.8749775588512421
17238,0.9170034900307655
17239,0.833999365568161
17240,0.9170034900307655
17241,0.8750066626816988
17242,0.833999365568161
17243,0.8750066626816988
17244,0.9159848559647799
17245,0.8749775588512421
17246,0.8750066626816988
17247,0.9170034900307655
17248,0.8750066626816988
17249,0.8750066626816988
17250,0.9160139597952366
17251,0.8750066626816988
17252,0.8329807315021753
17253,0.8329807315021753
17254,0.9170034900307655
17255,0.9170034900307655
17256,0.8749775588512421
17257,0.9169743862003088
17258,0.8750066626816988
17259,0.8750066626816988
17260,0.8750066626816988
17261,0.8749775588512421
17262,0.8750066626816988
17263,0.8330098353326321
17264,0.8749775588512421
17265,0.9169743862003088
17266,0.8750066626816988
17267,0.8750066626816988
17268,0.8750066626816988
17269,0.833999365568161
17270,0.8750066626816988
17271,0.8750066626816988
17272,0.9170034900307655
17273,0.9170034900307655
17274,0.9160139597952366
17275,0.8750066626816988
17276,0.9170034900307655
17277,0.8749775588512421
17278,0.8330098353326321
17279,0.8330098353326321
17280,0.8749775588512421
17281,0.8749775588512421
17282,0.8750066626816988
17283,0.8750066626816988
17284,0.8330098353326321
17285,0.8750066626816988
17286,0.8750066626816988
17287,0.8750066626816988
17288,0.9170034900307655
17289,0.8749775588512421
17290,0.833999365568161
17291,0.9170034900307655
17292,0.8329807315021753
17293,0.8749775588512421
17294,0.8750066626816988
17295,0.833999365568161
17296,0.8750066626816988
17297,0.8340284693986177
17298,0.8750066626816988
17299,0.9160139597952366
17300,0.8750066626816988
17301,0.8749775588512421
17302,0.9160139597952366
17303,0.9170034900307655
17304,0.8750066626816988
17305,0.8329807315021753
17306,0.9170034900307655
17307,0.9160139597952366
17308,0.8330098353326321
17309,0.8750066626816988
17310,0.9170034900307655
17311,0.8750066626816988
17312,0.9160139597952366
17313,0.8750066626816988
17314,0.9170034900307655
17315,0.8750066626816988
17316,0.9170034900307655
17317,0.8749775588512421
17318,0.9159848559647799
17319,0.8750066626816988
17320,0.833999365568161
17321,0.8749775588512421
17322,0.8750066626816988
17323,0.8330098353326321
17324,0.833999365568161
17325,0.8749775588512421
17326,0.9170034900307655
17327,0.8750066626816988
17328,0.9170034900307655
17329,0.8749775588512421
17330,0.8749775588512421
17331,0.8750066626816988
17332,0.8750066626816988
17333,0.8329807315021753
17334,0.833999365568161
17335,0.8750066626816988
17336,0.8750066626816988
17337,0.833999365568161
17338,0.8330098353326321
17339,0.8330098353326321
17340,0.833999365568161
17341,0.8329807315021753
17342,0.8329807315021753
17343,0.833999365568161
17344,0.8750066626816988
17345,0.8749775588512421
17346,0.8749775588512421
17347,0.833999365568161
17348,0.8750066626816988
17349,0.833999365568161
17350,0.8329807315021753
17351,0.8750066626816988
17352,0.8750066626816988
17353,0.833999365568161
17354,0.8329807315021753
17355,0.8750066626816988
17356,0.8750066626816988
17357,0.8750066626816988
17358,0.833999365568161
17359,0.8750066626816988
17360,0.9160139597952366
17361,0.8330098353326321
17362,0.8340284693986177
17363,0.8750066626816988
17364,0.8750066626816988
17365,0.8330098353326321
17366,0.9590003173798323
17367,0.8750066626816988
17368,0.8750066626816988
17369,0.8329807315021753
17370,0.8749775588512421
17371,0.8330098353326321
17372,0.9160139597952366
17373,0.8329807315021753
17374,0.8750066626816988
17375,0.8750066626816988
17376,0.9170034900307655
17377,0.833999365568161
17378,0.8330098353326321
17379,0.8750066626816988
17380,0.9170034900307655
17381,0.9159848559647799
17382,0.8750066626816988
17383,0.833999365568161
17384,0.8330098353326321
17385,0.8750066626816988
17386,0.8750066626816988
17387,0.8750066626816988
17388,0.9170034900307655
17389,0.833999365568161
17390,0.8749775588512421
17391,0.8750066626816988
17392,0.8330098353326321
17393,0.8750066626816988
17394,0.8749775588512421
17395,0.833999365568161
17396,0.8750066626816988
17397,0.8330098353326321
17398,0.8329807315021753
17399,0.8750066626816988
17400,0.8330098353326321
17401,0.833999365568161
17402,0.8749775588512421
17403,0.833999365568161
17404,0.8750066626816988
17405,0.833999365568161
17406,0.8329807315021753
17407,0.8329807315021753
17408,0.8750066626816988
17409,0.8750066626816988
17410,0.833999365568161
17411,0.8750066626816988
17412,0.7910130079835653
17413,0.8750066626816988
17414,0.8329807315021753
17415,0.8329807315021753
17416,0.833999365568161
17417,0.8330098353326321
17418,0.9159848559647799
17419,0.8749775588512421
17420,0.8750066626816988
17421,0.8750066626816988
17422,0.833999365568161
17423,0.8329807315021753
17424,0.8750066626816988
17425,0.833999365568161
17426,0.8750066626816988
17427,0.8749775588512421
17428,0.9170034900307655
17429,0.833999365568161
17430,0.8750066626816988
17431,0.8750066626816988
17432,0.8750066626816988
17433,0.8750066626816988
17434,0.833999365568161
17435,0.8329807315021753
17436,0.8330098353326321
17437,0.8750066626816988
17438,0.8750066626816988
17439,0.8749775588512421
17440,0.8330098353326321
17441,0.9160139597952366
17442,0.9170034900307655
17443,0.8329807315021753
17444,0.9160139597952366
17445,0.8330098353326321
17446,0.833999365568161
17447,0.8749775588512421
17448,0.8749775588512421
17449,0.8750066626816988
17450,0.8750066626816988
17451,0.8329807315021753
17452,0.8750066626816988
17453,0.8750066626816988
17454,0.8750066626816988
17455,0.8749775588512421
17456,0.8329807315021753
17457,0.833999365568161
17458,0.8750066626816988
17459,0.8750066626816988
17460,0.9170034900307655
17461,0.7920025382190943
17462,0.8750066626816988
17463,0.8750066626816988
17464,0.9170034900307655
17465,0.833999365568161
17466,0.8750066626816988
17467,0.8750066626816988
17468,0.9170034900307655
17469,0.833999365568161
17470,0.8330098353326321
17471,0.8330098353326321
17472,0.833999365568161
17473,0.8750066626816988
17474,0.8750066626816988
17475,0.8330098353326321
17476,0.8750066626816988
17477,0.8330098353326321
17478,0.8750066626816988
17479,0.8750066626816988
17480,0.8750066626816988
17481,0.8750066626816988
17482,0.8750066626816988
17483,0.8750066626816988
17484,0.8749775588512421
17485,0.8750066626816988
17486,0.8330098353326321
17487,0.833999365568161
17488,0.833999365568161
17489,0.8330098353326321
17490,0.8330098353326321
17491,0.8330098353326321
17492,0.9169743862003088
17493,0.833999365568161
17494,0.8750066626816988
17495,0.833999365568161
17496,0.8749775588512421
17497,0.8749775588512421
17498,0.8330098353326321
17499,0.8330098353326321
17500,0.833999365568161
17501,0.8750066626816988
17502,0.8750066626816988
17503,0.8750066626816988
17504,0.8750066626816988
17505,0.8330098353326321
17506,0.8750066626816988
17507,0.833999365568161
17508,0.8329807315021753
17509,0.8749775588512421
17510,0.8750066626816988
17511,0.8750066626816988
17512,0.9170034900307655
17513,0.833999365568161
17514,0.8330098353326321
17515,0.8750066626816988
17516,0.8749775588512421
17517,0.8749775588512421
17518,0.833999365568161
17519,0.8330098353326321
17520,0.8330098353326321
17521,0.8750066626816988
17522,0.8750066626816988
17523,0.8750066626816988
17524,0.8330098353326321
17525,0.8749775588512421
17526,0.8329807315021753
17527,0.8750066626816988
17528,0.8750066626816988
17529,0.8749775588512421
17530,0.8749775588512421
17531,0.8750066626816988
17532,0.8750066626816988
17533,0.8749775588512421
17534,0.8329807315021753
17535,0.833999365568161
17536,0.8750066626816988
17537,0.8750066626816988
17538,0.8330098353326321
17539,0.8750066626816988
17540,0.9170034900307655
17541,0.8749775588512421
17542,0.9170034900307655
17543,0.8750066626816988
17544,0.8750066626816988
17545,0.8749775588512421
17546,0.833999365568161
17547,0.9170034900307655
17548,0.8750066626816988
17549,0.8750066626816988
17550,0.8749775588512421
17551,0.8750066626816988
17552,0.833999365568161
17553,0.8329807315021753
17554,0.8329807315021753
17555,0.8750066626816988
17556,0.8750066626816988
17557,0.8750066626816988
17558,0.9170034900307655
17559,0.8750066626816988
17560,0.8330098353326321
17561,0.8750066626816988
17562,0.9170034900307655
17563,0.8750066626816988
17564,0.8750066626816988
17565,0.9159848559647799
17566,0.8329807315021753
17567,0.833999365568161
17568,0.8330098353326321
17569,0.8750066626816988
17570,0.8749775588512421
17571,0.8750066626816988
17572,0.8750066626816988
17573,0.8750066626816988
17574,0.8329807315021753
17575,0.8750066626816988
17576,0.8750066626816988
17577,0.8750066626816988
17578,0.8329807315021753
17579,0.8749775588512421
17580,0.9170034900307655
17581,0.8750066626816988
17582,0.8750066626816988
17583,0.8750066626816988
17584,0.8750066626816988
17585,0.8330098353326321
17586,0.8750066626816988
17587,0.8330098353326321
17588,0.8330098353326321
17589,0.8750066626816988
17590,0.8329807315021753
17591,0.8749775588512421
17592,0.8330098353326321
17593,0.8750066626816988
17594,0.8749775588512421
17595,0.8749775588512421
17596,0.8750066626816988
17597,0.8330098353326321
17598,0.8749775588512421
17599,0.8749775588512421
17600,0.8330098353326321
17601,0.8330098353326321
17602,0.8749775588512421
17603,0.8749775588512421
17604,0.8750066626816988
17605,0.8750066626816988
17606,0.8750066626816988
17607,0.8750066626816988
17608,0.8330098353326321
17609,0.8750066626816988
17610,0.8750066626816988
17611,0.8749775588512421
17612,0.8750066626816988
17613,0.833999365568161
17614,0.8330098353326321
17615,0.8329807315021753
17616,0.8750066626816988
17617,0.8750066626816988
17618,0.8750066626816988
17619,0.8749775588512421
17620,0.8749775588512421
17621,0.8330098353326321
17622,0.7910130079835653
17623,0.8329807315021753
17624,0.8750066626816988
17625,0.8750066626816988
17626,0.833999365568161
17627,0.8329807315021753
17628,0.9159848559647799
17629,0.8330098353326321
17630,0.8750066626816988
17631,0.8749775588512421
17632,0.8750066626816988
17633,0.8330098353326321
17634,0.833999365568161
17635,0.8329807315021753
17636,0.8329807315021753
17637,0.8750066626816988
17638,0.8750066626816988
17639,0.8329807315021753
17640,0.9169743862003088
17641,0.8330098353326321
17642,0.8750066626816988
17643,0.833999365568161
17644,0.8329807315021753
17645,0.8750066626816988
17646,0.833999365568161
17647,0.9170034900307655
17648,0.8750066626816988
17649,0.8750066626816988
17650,0.8750066626816988
17651,0.8750066626816988
17652,0.8329807315021753
17653,0.8750066626816988
17654,0.8750066626816988
17655,0.8750066626816988
17656,0.8340284693986177
17657,0.8750066626816988
17658,0.833999365568161
17659,0.8330098353326321
17660,0.8750066626816988
17661,0.8750066626816988
17662,0.8750066626816988
17663,0.8330098353326321
17664,0.8750066626816988
17665,0.8749775588512421
17666,0.8750066626816988
17667,0.833999365568161
17668,0.8749775588512421
17669,0.833999365568161
17670,0.8750066626816988
17671,0.8750066626816988
17672,0.8749775588512421
17673,0.833999365568161
17674,0.8750066626816988
17675,0.833999365568161
17676,0.9579816833138466
17677,0.8329807315021753
17678,0.8750066626816988
17679,0.8750066626816988
17680,0.8749775588512421
17681,0.8329807315021753
17682,0.8750066626816988
17683,0.8750066626816988
17684,0.8329807315021753
17685,0.8749775588512421
17686,0.8750066626816988
17687,0.8750066626816988
17688,0.8750066626816988
17689,0.8750066626816988
17690,0.8750066626816988
17691,0.8750066626816988
17692,0.8750066626816988
17693,0.9170034900307655
17694,0.833999365568161
17695,0.8750066626816988
17696,0.8749775588512421
17697,0.9169743862003088
17698,0.9170034900307655
17699,0.8330098353326321
17700,0.8330098353326321
17701,0.9170034900307655
17702,0.8750066626816988
17703,0.8750066626816988
17704,0.9170034900307655
17705,0.8749775588512421
17706,0.8330098353326321
17707,0.8750066626816988
17708,0.8749775588512421
17709,0.8749775588512421
17710,0.8750066626816988
17711,0.9160139597952366
17712,0.8750066626816988
17713,0.8750066626816988
17714,0.8750066626816988
17715,0.833999365568161
17716,0.8750066626816988
17717,0.8750066626816988
17718,0.8750066626816988
17719,0.8750066626816988
17720,0.8330098353326321
17721,0.833999365568161
17722,0.8750066626816988
17723,0.8750066626816988
17724,0.8750066626816988
17725,0.8340284693986177
17726,0.8330098353326321
17727,0.8750066626816988
17728,0.9170034900307655
17729,0.8329807315021753
17730,0.9170034900307655
17731,0.8330098353326321
17732,0.8750066626816988
17733,0.9170034900307655
17734,0.9170034900307655
17735,0.9160139597952366
17736,0.8750066626816988
17737,0.9169743862003088
17738,0.833999365568161
17739,0.8750066626816988
17740,0.8750066626816988
17741,0.9170034900307655
17742,0.9590003173798323
17743,0.8750066626816988
17744,0.8750066626816988
17745,0.8749775588512421
17746,0.9159848559647799
17747,0.9170034900307655
17748,0.9170034900307655
17749,0.8749775588512421
17750,0.8750066626816988
17751,0.8750066626816988
17752,0.9160139597952366
17753,0.8750066626816988
17754,0.8750066626816988
17755,0.8750066626816988
17756,0.9580107871443033
17757,0.8749775588512421
17758,0.9160139597952366
17759,0.8750066626816988
17760,0.8750066626816988
17761,0.9159848559647799
17762,0.8330098353326321
17763,0.8750066626816988
17764,0.8750066626816988
17765,0.9169743862003088
17766,0.9159848559647799
17767,0.9160139597952366
17768,0.9170034900307655
17769,0.9169743862003088
17770,0.9170034900307655
17771,0.8750066626816988
17772,0.8750066626816988
17773,0.9579816833138466
17774,0.8750066626816988
17775,0.8330098353326321
17776,0.9170034900307655
17777,0.8749775588512421
17778,0.8750066626816988
17779,0.9170034900307655
17780,0.8750066626816988
17781,0.8749775588512421
17782,0.8750066626816988
17783,0.8750066626816988
17784,0.8750066626816988
17785,0.8750066626816988
17786,0.8750066626816988
17787,0.9170034900307655
17788,0.8749775588512421
17789,0.8749775588512421
17790,0.8750066626816988
17791,0.833999365568161
17792,0.8750066626816988
17793,0.8750066626816988
17794,0.9580107871443033
17795,0.9170034900307655
17796,0.8330098353326321
17797,0.8749775588512421
17798,0.8330098353326321
17799,0.8330098353326321
17800,0.8750066626816988
17801,0.9170034900307655
17802,0.8750066626816988
17803,0.8750066626816988
17804,0.9170034900307655
17805,0.9169743862003088
17806,0.833999365568161
17807,0.8750066626816988
17808,0.8750066626816988
17809,0.8749775588512421
17810,0.8329807315021753
17811,0.8750066626816988
17812,0.8750066626816988
17813,0.9159848559647799
17814,0.8750066626816988
17815,0.8750066626816988
17816,0.8330098353326321
17817,0.8749775588512421
17818,0.9170034900307655
17819,0.8750066626816988
17820,0.9170034900307655
17821,0.8750066626816988
17822,0.8750066626816988
17823,0.8750066626816988
17824,0.8750066626816988
17825,0.8749775588512421
17826,0.8750066626816988
17827,0.8330098353326321
17828,0.8750066626816988
17829,0.8749775588512421
17830,0.8750066626816988
17831,0.8750066626816988
17832,0.8330098353326321
17833,0.8750066626816988
17834,0.9170034900307655
17835,0.8750066626816988
17836,0.8330098353326321
17837,0.8750066626816988
17838,0.8750066626816988
17839,0.8750066626816988
17840,0.8750066626816988
17841,0.8749775588512421
17842,0.8749775588512421
17843,0.9170034900307655
17844,0.8750066626816988
17845,0.8330098353326321
17846,0.8750066626816988
17847,0.8750066626816988
17848,0.9170034900307655
17849,0.8749775588512421
17850,0.8749775588512421
17851,0.8750066626816988
17852,0.833999365568161
17853,0.8750066626816988
17854,0.9170034900307655
17855,0.9160139597952366
17856,0.8750066626816988
17857,0.833999365568161
17858,0.9169743862003088
17859,0.8750066626816988
17860,0.9160139597952366
17861,0.9170034900307655
17862,0.8750066626816988
17863,0.9170034900307655
17864,0.8750066626816988
17865,0.8750066626816988
17866,0.8749775588512421
17867,0.9170034900307655
17868,0.833999365568161
17869,0.8750066626816988
17870,0.8750066626816988
17871,0.8750066626816988
17872,0.8750066626816988
17873,0.9159848559647799
17874,0.8749775588512421
17875,0.8750066626816988
17876,0.9579816833138466
17877,0.8750066626816988
17878,0.8750066626816988
17879,0.8750066626816988
17880,0.8749775588512421
17881,0.8750066626816988
17882,0.9170034900307655
17883,0.8750066626816988
17884,0.8750066626816988
17885,0.8750066626816988
17886,0.8750066626816988
17887,0.8750066626816988
17888,0.833999365568161
17889,0.8750066626816988
17890,0.9160139597952366
17891,0.8330098353326321
17892,0.8749775588512421
17893,0.8750066626816988
17894,0.833999365568161
17895,0.8750066626816988
17896,0.8750066626816988
17897,0.8750066626816988
17898,0.8750066626816988
17899,0.9170034900307655
17900,0.8329807315021753
17901,0.8749775588512421
17902,0.8750066626816988
17903,0.8750066626816988
17904,0.8750066626816988
17905,0.8750066626816988
17906,0.8330098353326321
17907,0.8750066626816988
17908,0.9170034900307655
17909,0.8750066626816988
17910,0.8750066626816988
17911,0.9170034900307655
17912,0.8749775588512421
17913,0.8750066626816988
17914,0.9160139597952366
17915,0.9170034900307655
17916,0.9169743862003088
17917,0.833999365568161
17918,0.8330098353326321
17919,0.8750066626816988
17920,0.9579816833138466
17921,0.9170034900307655
17922,0.8750066626816988
17923,0.8750066626816988
17924,0.8329807315021753
17925,0.8749775588512421
17926,0.9580107871443033
17927,0.8750066626816988
17928,0.8749775588512421
17929,0.9580107871443033
17930,0.8750066626816988
17931,0.8750066626816988
17932,0.8750066626816988
17933,0.8750066626816988
17934,0.9160139597952366
17935,0.8750066626816988
17936,0.9170034900307655
17937,0.8750066626816988
17938,0.8750066626816988
17939,0.833999365568161
17940,0.9170034900307655
17941,0.8330098353326321
17942,0.8750066626816988
17943,0.8750066626816988
17944,0.8750066626816988
17945,0.8750066626816988
17946,0.8750066626816988
17947,0.8750066626816988
17948,0.8750066626816988
17949,0.9170034900307655
17950,0.8750066626816988
17951,0.8750066626816988
17952,0.8329807315021753
17953,0.8749775588512421
17954,0.8750066626816988
17955,0.8750066626816988
17956,0.9159848559647799
17957,0.8329807315021753
17958,0.9170034900307655
17959,0.9170034900307655
17960,0.8750066626816988
17961,0.8750066626816988
17962,0.8750066626816988
17963,0.8750066626816988
17964,0.8749775588512421
17965,0.8750066626816988
17966,0.833999365568161
17967,0.8750066626816988
17968,0.833999365568161
17969,0.8750066626816988
17970,0.8750066626816988
17971,0.9160139597952366
17972,0.9170034900307655
17973,0.8750066626816988
17974,0.9160139597952366
17975,0.9170034900307655
17976,0.8749775588512421
17977,0.8329807315021753
17978,0.8750066626816988
17979,0.8750066626816988
17980,0.8749775588512421
17981,0.8750066626816988
17982,0.9160139597952366
17983,0.8750066626816988
17984,0.9579816833138466
17985,0.8749775588512421
17986,0.8750066626816988
17987,0.9170034900307655
17988,0.8749775588512421
17989,0.8749775588512421
17990,0.8330098353326321
17991,0.8750066626816988
17992,0.8749775588512421
17993,0.9170034900307655
17994,0.8750066626816988
17995,0.8750066626816988
17996,0.8749775588512421
17997,0.8749775588512421
17998,0.8750066626816988
17999,0.9160139597952366
18000,0.8749775588512421
18001,0.8750066626816988
18002,0.8750066626816988
18003,0.8750066626816988
18004,0.9159848559647799
18005,0.8750066626816988
18006,0.8750066626816988
18007,0.8750066626816988
18008,0.8749775588512421
18009,0.8750066626816988
18010,0.9160139597952366
18011,0.9170034900307655
18012,0.8329807315021753
18013,0.9170034900307655
18014,0.8750066626816988
18015,0.8750066626816988
18016,0.8749775588512421
18017,0.8749775588512421
18018,0.8750066626816988
18019,0.8750066626816988
18020,0.8749775588512421
18021,0.8750066626816988
18022,0.8750066626816988
18023,0.9170034900307655
18024,0.8750066626816988
18025,0.9170034900307655
18026,0.8750066626816988
18027,0.9160139597952366
18028,0.8329807315021753
18029,0.833999365568161
18030,0.8750066626816988
18031,0.8750066626816988
18032,0.8330098353326321
18033,0.8750066626816988
18034,0.8330098353326321
18035,0.9170034900307655
18036,0.8749775588512421
18037,0.8749775588512421
18038,0.8750066626816988
18039,0.9160139597952366
18040,0.8330098353326321
18041,0.8750066626816988
18042,0.8750066626816988
18043,0.8750066626816988
18044,0.9159848559647799
18045,0.9169743862003088
18046,0.9170034900307655
18047,0.8750066626816988
18048,0.9159848559647799
18049,0.8750066626816988
18050,0.8750066626816988
18051,0.8750066626816988
18052,0.8750066626816988
18053,0.8749775588512421
18054,0.8750066626816988
18055,0.8750066626816988
18056,0.9159848559647799
18057,0.8749775588512421
18058,0.8750066626816988
18059,0.8750066626816988
18060,0.9170034900307655
18061,0.9170034900307655
18062,0.8750066626816988
18063,0.8330098353326321
18064,0.9170034900307655
18065,0.9579816833138466
18066,0.833999365568161
18067,0.8750066626816988
18068,0.8750066626816988
18069,0.8750066626816988
18070,0.8750066626816988
18071,0.8750066626816988
18072,0.833999365568161
18073,0.8749775588512421
18074,0.8750066626816988
18075,0.9170034900307655
18076,0.9170034900307655
18077,0.9159848559647799
18078,0.9170034900307655
18079,0.9170034900307655
18080,0.8749775588512421
18081,0.9159848559647799
18082,0.9170034900307655
18083,0.8750066626816988
18084,0.8749775588512421
18085,0.8750066626816988
18086,0.8750066626816988
18087,0.8750066626816988
18088,0.8750066626816988
18089,0.9159848559647799
18090,0.9580107871443033
18091,0.9160139597952366
18092,0.8750066626816988
18093,0.8750066626816988
18094,0.8750066626816988
18095,0.8330098353326321
18096,0.9159848559647799
18097,0.8749775588512421
18098,0.9590003173798323
18099,0.9170034900307655
18100,0.8750066626816988
18101,0.9170034900307655
18102,0.9170034900307655
18103,0.9170034900307655
18104,0.8749775588512421
18105,0.8749775588512421
18106,0.8750066626816988
18107,0.8750066626816988
18108,0.8749775588512421
18109,0.8749775588512421
18110,0.8750066626816988
18111,0.8750066626816988
18112,0.833999365568161
18113,0.8329807315021753
18114,0.8330098353326321
18115,0.8750066626816988
18116,0.8330098353326321
18117,0.8750066626816988
18118,0.8750066626816988
18119,0.8750066626816988
18120,0.8749775588512421
18121,0.8749775588512421
18122,0.8330098353326321
18123,0.9160139597952366
18124,0.9170034900307655
18125,0.8329807315021753
18126,0.8750066626816988
18127,0.8750066626816988
18128,0.9170034900307655
18129,0.8749775588512421
18130,0.8750066626816988
18131,0.8750066626816988
18132,0.8750066626816988
18133,0.9159848559647799
18134,0.8750066626816988
18135,0.8750066626816988
18136,0.8750066626816988
18137,0.8749775588512421
18138,0.9170034900307655
18139,0.9160139597952366
18140,0.9159848559647799
18141,0.8749775588512421
18142,0.8750066626816988
18143,0.9170034900307655
18144,0.9579816833138466
18145,0.8749775588512421
18146,0.9170034900307655
18147,0.833999365568161
18148,0.9170034900307655
18149,0.9170034900307655
18150,0.8750066626816988
18151,0.8330098353326321
18152,0.9580107871443033
18153,0.8749775588512421
18154,0.8750066626816988
18155,0.8750066626816988
18156,0.9170034900307655
18157,0.8749775588512421
18158,0.8750066626816988
18159,0.8750066626816988
18160,0.8750066626816988
18161,0.8749775588512421
18162,0.8330098353326321
18163,0.8750066626816988
18164,0.8750066626816988
18165,0.8749775588512421
18166,0.9160139597952366
18167,0.8750066626816988
18168,0.9170034900307655
18169,0.9159848559647799
18170,0.8750066626816988
18171,0.8330098353326321
18172,0.8330098353326321
18173,0.8750066626816988
18174,0.8330098353326321
18175,0.8750066626816988
18176,0.8750066626816988
18177,0.8749775588512421
18178,0.833999365568161
18179,0.9170034900307655
18180,0.833999365568161
18181,0.8749775588512421
18182,0.9170034900307655
18183,0.833999365568161
18184,0.8750066626816988
18185,0.8750066626816988
18186,0.8750066626816988
18187,0.8750066626816988
18188,0.9159848559647799
18189,0.8749775588512421
18190,0.8750066626816988
18191,0.8330098353326321
18192,0.8750066626816988
18193,0.8749775588512421
18194,0.9170034900307655
18195,0.8750066626816988
18196,0.833999365568161
18197,0.8749775588512421
18198,0.9170034900307655
18199,0.833999365568161
18200,0.8330098353326321
18201,0.8750066626816988
18202,0.8330098353326321
18203,0.8750066626816988
18204,0.8330098353326321
18205,0.8750066626816988
18206,0.8750066626816988
18207,0.8750066626816988
18208,0.8750066626816988
18209,0.9169743862003088
18210,0.8749775588512421
18211,0.8750066626816988
18212,0.8750066626816988
18213,0.8749775588512421
18214,0.8750066626816988
18215,0.8750066626816988
18216,0.8750066626816988
18217,0.8329807315021753
18218,0.8750066626816988
18219,0.8750066626816988
18220,0.8750066626816988
18221,0.8750066626816988
18222,0.8330098353326321
18223,0.8330098353326321
18224,0.833999365568161
18225,0.8750066626816988
18226,0.8750066626816988
18227,0.8750066626816988
18228,0.9170034900307655
18229,0.8329807315021753
18230,0.8749775588512421
18231,0.8750066626816988
18232,0.9160139597952366
18233,0.9159848559647799
18234,0.8329807315021753
18235,0.8750066626816988
18236,0.8750066626816988
18237,0.9159848559647799
18238,0.9159848559647799
18239,0.8750066626816988
18240,0.8750066626816988
18241,0.8750066626816988
18242,0.8750066626816988
18243,0.833999365568161
18244,0.8750066626816988
18245,0.8750066626816988
18246,0.8749775588512421
18247,0.8750066626816988
18248,0.8750066626816988
18249,0.8750066626816988
18250,0.8749775588512421
18251,0.8750066626816988
18252,0.8330098353326321
18253,0.8750066626816988
18254,0.8750066626816988
18255,0.8750066626816988
18256,0.8330098353326321
18257,0.8750066626816988
18258,0.8750066626816988
18259,0.8750066626816988
18260,0.9170034900307655
18261,0.8329807315021753
18262,0.8749775588512421
18263,0.9170034900307655
18264,0.8750066626816988
18265,0.8749775588512421
18266,0.9169743862003088
18267,0.9170034900307655
18268,0.9160139597952366
18269,0.9170034900307655
18270,0.9170034900307655
18271,0.8750066626816988
18272,0.8750066626816988
18273,0.8329807315021753
18274,0.8749775588512421
18275,0.8750066626816988
18276,0.9170034900307655
18277,0.9580107871443033
18278,0.8749775588512421
18279,0.8750066626816988
18280,0.8750066626816988
18281,0.9170034900307655
18282,0.9590003173798323
18283,0.9170034900307655
18284,0.8750066626816988
18285,0.8750066626816988
18286,0.8329807315021753
18287,0.8750066626816988
18288,0.9170034900307655
18289,0.8750066626816988
18290,0.9170034900307655
18291,0.8750066626816988
18292,0.8750066626816988
18293,0.9159848559647799
18294,0.9169743862003088
18295,0.8750066626816988
18296,0.833999365568161
18297,0.8750066626816988
18298,0.9170034900307655
18299,0.8750066626816988
18300,0.8750066626816988
18301,0.8749775588512421
18302,0.8749775588512421
18303,0.8750066626816988
18304,0.8750066626816988
18305,0.9159848559647799
18306,0.8749775588512421
18307,0.9170034900307655
18308,0.8330098353326321
18309,0.8750066626816988
18310,0.8749775588512421
18311,0.8750066626816988
18312,0.9170034900307655
18313,0.8749775588512421
18314,0.8749775588512421
18315,0.8750066626816988
18316,0.8750066626816988
18317,0.8749775588512421
18318,0.9159848559647799
18319,0.8750066626816988
18320,0.8750066626816988
18321,0.9170034900307655
18322,0.8750066626816988
18323,0.8750066626816988
18324,0.8750066626816988
18325,0.8750066626816988
18326,0.8329807315021753
18327,0.8750066626816988
18328,0.8750066626816988
18329,0.8749775588512421
18330,0.8749775588512421
18331,0.8330098353326321
18332,0.9160139597952366
18333,0.8750066626816988
18334,0.8750066626816988
18335,0.9160139597952366
18336,0.8330098353326321
18337,0.8750066626816988
18338,0.8329807315021753
18339,0.8750066626816988
18340,0.8330098353326321
18341,0.8750066626816988
18342,0.8749775588512421
18343,0.9170034900307655
18344,0.7920025382190943
18345,0.8750066626816988
18346,0.8749775588512421
18347,0.8750066626816988
18348,0.9160139597952366
18349,0.9170034900307655
18350,0.8750066626816988
18351,0.9160139597952366
18352,0.8750066626816988
18353,0.8750066626816988
18354,0.9159848559647799
18355,0.8330098353326321
18356,0.833999365568161
18357,0.8330098353326321
18358,0.9159848559647799
18359,0.8750066626816988
18360,0.9580107871443033
18361,0.8750066626816988
18362,0.9170034900307655
18363,0.9160139597952366
18364,0.9160139597952366
18365,0.8750066626816988
18366,0.8750066626816988
18367,0.8750066626816988
18368,0.9170034900307655
18369,0.9159848559647799
18370,0.9159848559647799
18371,0.9170034900307655
18372,0.8750066626816988
18373,0.8749775588512421
18374,0.9169743862003088
18375,0.8330098353326321
18376,0.8750066626816988
18377,0.8750066626816988
18378,0.9170034900307655
18379,0.8750066626816988
18380,0.8330098353326321
18381,0.8750066626816988
18382,0.9169743862003088
18383,0.9170034900307655
18384,0.8750066626816988
18385,0.8750066626816988
18386,1.00000761449337
18387,0.8750066626816988
18388,0.8750066626816988
18389,0.9170034900307655
18390,0.8750066626816988
18391,0.8750066626816988
18392,0.8750066626816988
18393,0.8329807315021753
18394,0.8750066626816988
18395,0.8750066626816988
18396,0.8750066626816988
18397,0.9170034900307655
18398,0.9170034900307655
18399,0.9170034900307655
18400,0.9170034900307655
18401,0.8749775588512421
18402,0.9159848559647799
18403,0.8750066626816988
18404,0.9170034900307655
18405,0.9170034900307655
18406,0.8750066626816988
18407,0.8750066626816988
18408,0.8750066626816988
18409,0.9170034900307655
18410,0.9160139597952366
18411,0.8750066626816988
18412,0.9170034900307655
18413,0.8329807315021753
18414,0.8750066626816988
18415,0.8750066626816988
18416,0.8750066626816988
18417,0.8749775588512421
18418,0.9580107871443033
18419,0.9170034900307655
18420,0.9170034900307655
18421,0.8749775588512421
18422,0.8750066626816988
18423,0.8750066626816988
18424,0.9159848559647799
18425,0.8749775588512421
18426,0.9170034900307655
18427,0.8750066626816988
18428,0.9159848559647799
18429,0.8329807315021753
18430,0.9170034900307655
18431,0.833999365568161
18432,0.9170034900307655
18433,0.9580107871443033
18434,0.8750066626816988
18435,0.8750066626816988
18436,0.9170034900307655
18437,0.8750066626816988
18438,0.8750066626816988
18439,0.8750066626816988
18440,0.8750066626816988
18441,0.8330098353326321
18442,0.9170034900307655
18443,0.9580107871443033
18444,1.040985807776451
18445,0.8750066626816988
18446,0.8750066626816988
18447,0.8749775588512421
18448,0.8749775588512421
18449,0.8750066626816988
18450,0.9590003173798323
18451,0.8749775588512421
18452,0.8749775588512421
18453,1.00000761449337
18454,0.9170034900307655
18455,0.833999365568161
18456,0.9170034900307655
18457,0.8330098353326321
18458,1.0410149116069078
18459,0.8750066626816988
18460,0.9170034900307655
18461,0.8750066626816988
18462,0.9170034900307655
18463,0.8749775588512421
18464,0.9160139597952366
18465,0.8750066626816988
18466,0.9170034900307655
18467,0.9159848559647799
18468,0.8750066626816988
18469,0.8750066626816988
18470,0.9170034900307655
18471,0.8749775588512421
18472,0.9170034900307655
18473,0.9160139597952366
18474,0.9170034900307655
18475,0.9579816833138466
18476,0.9160139597952366
18477,0.8750066626816988
18478,0.8749775588512421
18479,0.8329807315021753
18480,0.9170034900307655
18481,0.8750066626816988
18482,0.9170034900307655
18483,0.8749775588512421
18484,0.8750066626816988
18485,0.8330098353326321
18486,0.8750066626816988
18487,0.8749775588512421
18488,0.8750066626816988
18489,0.8750066626816988
18490,0.8750066626816988
18491,0.8750066626816988
18492,0.8750066626816988
18493,0.9170034900307655
18494,0.9159848559647799
18495,0.8749775588512421
18496,0.9170034900307655
18497,0.8750066626816988
18498,0.8750066626816988
18499,0.9169743862003088
18500,0.9590003173798323
18501,0.8750066626816988
18502,0.9159848559647799
18503,0.8749775588512421
18504,0.9160139597952366
18505,0.8330098353326321
18506,0.9170034900307655
18507,0.9159848559647799
18508,0.8750066626816988
18509,0.8750066626816988
18510,0.8749775588512421
18511,0.8329807315021753
18512,0.8750066626816988
18513,0.8750066626816988
18514,0.9170034900307655
18515,0.9159848559647799
18516,0.8330098353326321
18517,0.9170034900307655
18518,0.9159848559647799
18519,0.8749775588512421
18520,0.8750066626816988
18521,0.8750066626816988
18522,0.8750066626816988
18523,0.8750066626816988
18524,0.8750066626816988
18525,0.8750066626816988
18526,0.8749775588512421
18527,0.9169743862003088
18528,0.9170034900307655
18529,0.9170034900307655
18530,0.833999365568161
18531,0.8749775588512421
18532,0.9170034900307655
18533,0.8750066626816988
18534,0.9170034900307655
18535,0.9170034900307655
18536,0.9160139597952366
18537,0.9170034900307655
18538,0.8750066626816988
18539,0.8750066626816988
18540,0.8750066626816988
18541,0.8750066626816988
18542,0.833999365568161
18543,0.8329807315021753
18544,0.9160139597952366
18545,0.8750066626816988
18546,0.8329807315021753
18547,0.8749775588512421
18548,0.8750066626816988
18549,0.8750066626816988
18550,0.9159848559647799
18551,0.8329807315021753
18552,0.9170034900307655
18553,0.9170034900307655
18554,0.9159848559647799
18555,0.8749775588512421
18556,0.8750066626816988
18557,0.833999365568161
18558,0.8750066626816988
18559,0.8750066626816988
18560,0.9170034900307655
18561,0.8750066626816988
18562,0.9170034900307655
18563,0.8749775588512421
18564,0.9170034900307655
18565,0.9170034900307655
18566,0.8750066626816988
18567,0.8750066626816988
18568,0.8750066626816988
18569,0.8330098353326321
18570,0.9159848559647799
18571,0.8749775588512421
18572,0.9170034900307655
18573,0.8750066626816988
18574,0.8330098353326321
18575,0.8750066626816988
18576,0.9160139597952366
18577,0.8750066626816988
18578,0.8750066626816988
18579,0.8750066626816988
18580,0.8330098353326321
18581,0.8750066626816988
18582,0.8750066626816988
18583,0.8750066626816988
18584,0.8330098353326321
18585,0.8750066626816988
18586,0.9159848559647799
18587,0.8749775588512421
18588,0.9170034900307655
18589,0.8750066626816988
18590,0.8750066626816988
18591,0.833999365568161
18592,0.8330098353326321
18593,0.8330098353326321
18594,0.8750066626816988
18595,0.9169743862003088
18596,0.8750066626816988
18597,0.833999365568161
18598,0.8750066626816988
18599,0.8750066626816988
18600,0.8330098353326321
18601,0.8750066626816988
18602,0.8750066626816988
18603,0.8749775588512421
18604,0.833999365568161
18605,0.8750066626816988
18606,0.9170034900307655
18607,0.8750066626816988
18608,0.8750066626816988
18609,0.8750066626816988
18610,0.8750066626816988
18611,0.8749775588512421
18612,0.9170034900307655
18613,0.8750066626816988
18614,0.8750066626816988
18615,0.8750066626816988
18616,0.9170034900307655
18617,0.8750066626816988
18618,0.8750066626816988
18619,0.8749775588512421
18620,0.8750066626816988
18621,0.8750066626816988
18622,0.8750066626816988
18623,0.8329807315021753
18624,0.8750066626816988
18625,0.8750066626816988
18626,0.9170034900307655
18627,0.8750066626816988
18628,0.8750066626816988
18629,0.8750066626816988
18630,0.8750066626816988
18631,0.8749775588512421
18632,0.8749775588512421
18633,0.8330098353326321
18634,0.8330098353326321
18635,0.833999365568161
18636,0.9580107871443033
18637,0.8750066626816988
18638,0.833999365568161
18639,0.8749775588512421
18640,0.8750066626816988
18641,0.8750066626816988
18642,0.8750066626816988
18643,0.8750066626816988
18644,0.9170034900307655
18645,0.8750066626816988
18646,0.9170034900307655
18647,0.8749775588512421
18648,0.9170034900307655
18649,0.8750066626816988
18650,0.9170034900307655
18651,0.9169743862003088
18652,0.9170034900307655
18653,0.8750066626816988
18654,0.8750066626816988
18655,0.8749775588512421
18656,0.9170034900307655
18657,0.8750066626816988
18658,0.8750066626816988
18659,0.8329807315021753
18660,0.9159848559647799
18661,0.8750066626816988
18662,0.8750066626816988
18663,0.8749775588512421
18664,0.8749775588512421
18665,0.8750066626816988
18666,0.833999365568161
18667,0.8749775588512421
18668,0.8750066626816988
18669,0.9170034900307655
18670,0.9170034900307655
18671,0.8749775588512421
18672,0.8329807315021753
18673,0.8750066626816988
18674,0.8750066626816988
18675,0.8749775588512421
18676,0.8750066626816988
18677,0.833999365568161
18678,0.8750066626816988
18679,0.8749775588512421
18680,0.8329807315021753
18681,0.7920025382190943
18682,0.8750066626816988
18683,0.8750066626816988
18684,0.8329807315021753
18685,0.8750066626816988
18686,0.8330098353326321
18687,0.8750066626816988
18688,0.833999365568161
18689,0.8750066626816988
18690,0.8750066626816988
18691,0.8329807315021753
18692,0.8749775588512421
18693,0.8750066626816988
18694,0.8330098353326321
18695,0.8750066626816988
18696,0.8749775588512421
18697,0.8749775588512421
18698,0.8330098353326321
18699,0.8330098353326321
18700,0.833999365568161
18701,0.8750066626816988
18702,0.8750066626816988
18703,0.8330098353326321
18704,0.8749775588512421
18705,0.833999365568161
18706,0.8750066626816988
18707,0.833999365568161
18708,0.8749775588512421
18709,0.833999365568161
18710,0.8750066626816988
18711,0.8750066626816988
18712,0.8750066626816988
18713,0.8330098353326321
18714,0.8750066626816988
18715,0.7920025382190943
18716,0.833999365568161
18717,0.8329807315021753
18718,0.8750066626816988
18719,0.8750066626816988
18720,0.8330098353326321
18721,0.833999365568161
18722,0.8330098353326321
18723,0.8750066626816988
18724,0.8749775588512421
18725,0.8749775588512421
18726,0.8750066626816988
18727,0.8750066626816988
18728,0.9160139597952366
18729,0.8329807315021753
18730,0.8750066626816988
18731,0.8750066626816988
18732,0.8750066626816988
18733,0.8329807315021753
18734,0.8329807315021753
18735,0.833999365568161
18736,0.8750066626816988
18737,0.8329807315021753
18738,0.833999365568161
18739,0.8750066626816988
18740,0.8330098353326321
18741,0.8749775588512421
18742,0.8750066626816988
18743,0.8750066626816988
18744,0.8330098353326321
18745,0.833999365568161
18746,0.9170034900307655
18747,0.833999365568161
18748,0.8750066626816988
18749,0.8749775588512421
18750,0.8329807315021753
18751,0.833999365568161
18752,0.9170034900307655
18753,0.8750066626816988
18754,0.8750066626816988
18755,0.8750066626816988
18756,0.8750066626816988
18757,0.8750066626816988
18758,0.8750066626816988
18759,0.7910130079835653
18760,0.8330098353326321
18761,0.833999365568161
18762,0.7920025382190943
18763,0.8330098353326321
18764,0.8330098353326321
18765,0.8330098353326321
18766,0.7919734343886375
18767,0.833999365568161
18768,0.8750066626816988
18769,0.8750066626816988
18770,0.8329807315021753
18771,0.8329807315021753
18772,0.833999365568161
18773,0.7920025382190943
18774,0.8329807315021753
18775,0.8329807315021753
18776,0.7920025382190943
18777,0.8750066626816988
18778,0.8329807315021753
18779,0.8329807315021753
18780,0.8330098353326321
18781,0.833999365568161
18782,0.8750066626816988
18783,0.8750066626816988
18784,0.8750066626816988
18785,0.8750066626816988
18786,0.8750066626816988
18787,0.8329807315021753
18788,0.833999365568161
18789,0.8330098353326321
18790,0.8750066626816988
18791,0.8749775588512421
18792,0.8330098353326321
18793,0.8750066626816988
18794,0.8750066626816988
18795,0.8749775588512421
18796,0.8329807315021753
18797,0.833999365568161
18798,0.7920025382190943
18799,0.8329807315021753
18800,0.8749775588512421
18801,0.8330098353326321
18802,0.8750066626816988
18803,0.8749775588512421
18804,0.7909839041531086
18805,0.8750066626816988
18806,0.833999365568161
18807,0.8330098353326321
18808,0.8329807315021753
18809,0.833999365568161
18810,0.8750066626816988
18811,0.8750066626816988
18812,0.7920025382190943
18813,0.8750066626816988
18814,0.8750066626816988
18815,0.8750066626816988
18816,0.833999365568161
18817,0.8750066626816988
18818,0.8330098353326321
18819,0.833999365568161
18820,0.8329807315021753
18821,0.8329807315021753
18822,0.8750066626816988
18823,0.8330098353326321
18824,0.7920025382190943
18825,0.8750066626816988
18826,0.8330098353326321
18827,0.8330098353326321
18828,0.833999365568161
18829,0.8329807315021753
18830,0.8330098353326321
18831,0.833999365568161
18832,0.9170034900307655
18833,0.8329807315021753
18834,0.7910130079835653
18835,0.8330098353326321
18836,0.9170034900307655
18837,0.8329807315021753
18838,0.8750066626816988
18839,0.8750066626816988
18840,0.8330098353326321
18841,0.8750066626816988
18842,0.833999365568161
18843,0.8750066626816988
18844,0.8750066626816988
18845,0.8750066626816988
18846,0.8750066626816988
18847,0.8330098353326321
18848,0.833999365568161
18849,0.8329807315021753
18850,0.9169743862003088
18851,0.8750066626816988
18852,0.8750066626816988
18853,0.833999365568161
18854,0.8329807315021753
18855,0.8750066626816988
18856,0.8750066626816988
18857,0.833999365568161
18858,0.8749775588512421
18859,0.833999365568161
18860,0.9170034900307655
18861,0.8749775588512421
18862,0.8329807315021753
18863,0.8750066626816988
18864,0.8750066626816988
18865,0.8750066626816988
18866,0.8329807315021753
18867,0.833999365568161
18868,0.9170034900307655
18869,0.8750066626816988
18870,0.8329807315021753
18871,0.833999365568161
18872,0.8330098353326321
18873,0.8330098353326321
18874,0.833999365568161
18875,0.8330098353326321
18876,0.8750066626816988
18877,0.8330098353326321
18878,0.8750066626816988
18879,0.8330098353326321
18880,0.8750066626816988
18881,0.8330098353326321
18882,0.8750066626816988
18883,0.8750066626816988
18884,0.8330098353326321
18885,0.833999365568161
18886,0.8750066626816988
18887,0.8750066626816988
18888,0.8330098353326321
18889,0.8330098353326321
18890,0.8749775588512421
18891,0.8329807315021753
18892,0.8750066626816988
18893,0.8330098353326321
18894,0.8750066626816988
18895,0.8329807315021753
18896,0.9170034900307655
18897,0.9170034900307655
18898,0.9170034900307655
18899,0.8750066626816988
18900,0.9580107871443033
18901,0.8750066626816988
18902,0.833999365568161
18903,0.8750066626816988
18904,0.8750066626816988
18905,0.8750066626816988
18906,0.8329807315021753
18907,0.8750066626816988
18908,0.9590003173798323
18909,0.8329807315021753
18910,0.9159848559647799
18911,0.8330098353326321
18912,0.8750066626816988
18913,0.8750066626816988
18914,0.9170034900307655
18915,0.8750066626816988
18916,0.8750066626816988
18917,0.833999365568161
18918,0.8749775588512421
18919,0.8750066626816988
18920,0.8330098353326321
18921,0.8750066626816988
18922,0.8750066626816988
18923,0.8330098353326321
18924,0.833999365568161
18925,0.8750066626816988
18926,0.9159848559647799
18927,0.8329807315021753
18928,0.833999365568161
18929,0.8750066626816988
18930,0.8329807315021753
18931,0.8750066626816988
18932,0.8750066626816988
18933,0.9170034900307655
18934,0.8749775588512421
18935,0.8749775588512421
18936,0.8750066626816988
18937,0.8750066626816988
18938,0.8750066626816988
18939,0.9170034900307655
18940,0.8750066626816988
18941,0.9170034900307655
18942,0.8749775588512421
18943,0.8329807315021753
18944,0.8750066626816988
18945,0.9160139597952366
18946,0.9159848559647799
18947,0.9170034900307655
18948,0.9170034900307655
18949,0.833999365568161
18950,0.9170034900307655
18951,0.9170034900307655
18952,0.9170034900307655
18953,0.8750066626816988
18954,0.8750066626816988
18955,0.8750066626816988
18956,0.9170034900307655
18957,0.9160139597952366
18958,0.9159848559647799
18959,0.9170034900307655
18960,0.9170034900307655
18961,0.9170034900307655
18962,0.8749775588512421
18963,0.9160139597952366
18964,0.9160139597952366
18965,0.9170034900307655
18966,0.9169743862003088
18967,0.8750066626816988
18968,0.9160139597952366
18969,0.9170034900307655
18970,0.8329807315021753
18971,0.9160139597952366
18972,0.8750066626816988
18973,0.8750066626816988
18974,0.8750066626816988
18975,0.8750066626816988
18976,0.8750066626816988
18977,0.8749775588512421
18978,0.9159848559647799
18979,0.9170034900307655
18980,0.9170034900307655
18981,0.8749775588512421
18982,0.9579816833138466
18983,0.8750066626816988
18984,0.9580107871443033
18985,0.8750066626816988
18986,0.8330098353326321
18987,0.9160139597952366
18988,0.9160139597952366
18989,0.8750066626816988
18990,0.9170034900307655
18991,0.9170034900307655
18992,0.9160139597952366
18993,0.8750066626816988
18994,0.9170034900307655
18995,0.9170034900307655
18996,0.9580107871443033
18997,0.8749775588512421
18998,0.8749775588512421
18999,0.8750066626816988
19000,0.8750066626816988
19001,0.8749775588512421
19002,0.9170034900307655
19003,0.9160139597952366
19004,0.9170034900307655
19005,0.8749775588512421
19006,0.833999365568161
19007,0.8750066626816988
19008,0.9170034900307655
19009,0.8749775588512421
19010,0.8329807315021753
19011,0.9160139597952366
19012,0.9170034900307655
19013,0.9169743862003088
19014,0.8750066626816988
19015,0.8750066626816988
19016,0.9170034900307655
19017,0.8749775588512421
19018,0.8749775588512421
19019,0.8750066626816988
19020,0.8750066626816988
19021,0.8750066626816988
19022,0.9170034900307655
19023,0.9170034900307655
19024,0.8750066626816988
19025,0.8329807315021753
19026,0.9579816833138466
19027,0.9160139597952366
19028,0.8750066626816988
19029,0.8329807315021753
19030,0.8749775588512421
19031,0.9170034900307655
19032,0.9170034900307655
19033,0.8750066626816988
19034,0.9170034900307655
19035,0.9170034900307655
19036,0.9170034900307655
19037,0.8329807315021753
19038,0.9159848559647799
19039,0.8750066626816988
19040,0.8750066626816988
19041,0.8750066626816988
19042,0.8750066626816988
19043,0.9160139597952366
19044,0.9170034900307655
19045,0.8750066626816988
19046,0.9170034900307655
19047,0.8750066626816988
19048,0.9160139597952366
19049,0.9170034900307655
19050,0.9580107871443033
19051,0.9160139597952366
19052,0.9170034900307655
19053,0.8749775588512421
19054,0.9159848559647799
19055,0.8750066626816988
19056,0.9580107871443033
19057,0.8750066626816988
19058,0.9170034900307655
19059,0.8330098353326321
19060,0.9160139597952366
19061,0.8750066626816988
19062,0.8750066626816988
19063,0.9160139597952366
19064,0.9170034900307655
19065,0.8749775588512421
19066,0.8749775588512421
19067,0.9170034900307655
19068,0.9170034900307655
19069,0.8749775588512421
19070,0.8750066626816988
19071,0.8750066626816988
19072,0.9170034900307655
19073,0.9170034900307655
19074,0.9170034900307655
19075,0.9160139597952366
19076,0.9159848559647799
19077,0.8749775588512421
19078,0.9170034900307655
19079,0.9170034900307655
19080,0.8749775588512421
19081,0.8749775588512421
19082,0.9170034900307655
19083,0.8750066626816988
19084,0.9159848559647799
19085,0.8749775588512421
19086,0.8750066626816988
19087,0.8750066626816988
19088,0.9159848559647799
19089,0.8749775588512421
19090,0.8750066626816988
19091,0.8750066626816988
19092,0.9159848559647799
19093,0.8749775588512421
19094,0.8750066626816988
19095,0.833999365568161
19096,1.00000761449337
19097,0.9590003173798323
19098,1.00000761449337
19099,0.9170034900307655
19100,0.9170034900307655
19101,0.9170034900307655
19102,0.8750066626816988
19103,0.833999365568161
19104,0.9170034900307655
19105,0.9170034900307655
19106,0.9170034900307655
19107,0.8750066626816988
19108,0.9159848559647799
19109,0.8749775588512421
19110,0.9170034900307655
19111,0.9170034900307655
19112,0.8749775588512421
19113,0.8749775588512421
19114,0.8750066626816988
19115,0.8750066626816988
19116,0.9159848559647799
19117,0.8750066626816988
19118,0.9170034900307655
19119,0.8750066626816988
19120,0.8750066626816988
19121,0.9160139597952366
19122,0.9160139597952366
19123,0.8750066626816988
19124,0.9169743862003088
19125,0.8750066626816988
19126,0.833999365568161
19127,0.8750066626816988
19128,0.8750066626816988
19129,0.9160139597952366
19130,0.9580107871443033
19131,0.9170034900307655
19132,0.9170034900307655
19133,0.9580107871443033
19134,0.833999365568161
19135,0.8750066626816988
19136,0.9170034900307655
19137,0.8750066626816988
19138,0.8750066626816988
19139,0.8749775588512421
19140,0.9159848559647799
19141,0.8750066626816988
19142,0.9170034900307655
19143,0.8749775588512421
19144,0.9159848559647799
19145,0.8750066626816988
19146,0.8330098353326321
19147,0.8750066626816988
19148,0.9169743862003088
19149,0.8750066626816988
19150,0.9170034900307655
19151,0.9159848559647799
19152,0.9159848559647799
19153,0.9160139597952366
19154,0.9580107871443033
19155,0.9170034900307655
19156,0.9170034900307655
19157,0.8750066626816988
19158,0.9170034900307655
19159,0.9159848559647799
19160,0.9580107871443033
19161,0.8750066626816988
19162,0.9590003173798323
19163,0.9169743862003088
19164,0.9159848559647799
19165,0.8750066626816988
19166,0.8750066626816988
19167,0.8749775588512421
19168,0.8749775588512421
19169,0.8750066626816988
19170,0.8750066626816988
19171,0.8750066626816988
19172,0.9170034900307655
19173,0.8750066626816988
19174,0.9580107871443033
19175,0.9170034900307655
19176,0.8750066626816988
19177,0.9170034900307655
19178,0.9160139597952366
19179,0.9170034900307655
19180,0.9170034900307655
19181,0.9170034900307655
19182,0.8750066626816988
19183,0.8750066626816988
19184,0.9580107871443033
19185,0.9170034900307655
19186,0.9170034900307655
19187,0.8749775588512421
19188,0.9170034900307655
19189,0.833999365568161
19190,0.9170034900307655
19191,0.8750066626816988
19192,0.9580107871443033
19193,0.8750066626816988
19194,0.9170034900307655
19195,0.9170034900307655
19196,0.9170034900307655
19197,0.9160139597952366
19198,0.8750066626816988
19199,0.9169743862003088
19200,0.9590003173798323
19201,0.8750066626816988
19202,0.9159848559647799
19203,0.8749775588512421
19204,0.8330098353326321
19205,0.8750066626816988
19206,0.8329807315021753
19207,0.8749775588512421
19208,0.9170034900307655
19209,0.8330098353326321
19210,0.9159848559647799
19211,0.9169743862003088
19212,0.9170034900307655
19213,0.9160139597952366
19214,0.8750066626816988
19215,0.9170034900307655
19216,0.8750066626816988
19217,0.9170034900307655
19218,0.9170034900307655
19219,0.8750066626816988
19220,0.9160139597952366
19221,0.9170034900307655
19222,0.8750066626816988
19223,0.8750066626816988
19224,0.9160139597952366
19225,0.9160139597952366
19226,0.9159848559647799
19227,0.8749775588512421
19228,0.9590003173798323
19229,0.9590003173798323
19230,0.8749775588512421
19231,0.8750066626816988
19232,0.8750066626816988
19233,0.8750066626816988
19234,0.8749775588512421
19235,0.9159848559647799
19236,0.8750066626816988
19237,0.8750066626816988
19238,0.9169743862003088
19239,0.8750066626816988
19240,0.9160139597952366
19241,0.9170034900307655
19242,0.8329807315021753
19243,0.8749775588512421
19244,0.9170034900307655
19245,0.9170034900307655
19246,0.8749775588512421
19247,0.8750066626816988
19248,0.8750066626816988
19249,0.9170034900307655
19250,0.9170034900307655
19251,0.8750066626816988
19252,0.9170034900307655
19253,0.8750066626816988
19254,0.8750066626816988
19255,0.8330098353326321
19256,0.9170034900307655
19257,0.8750066626816988
19258,0.9169743862003088
19259,0.9170034900307655
19260,0.9170034900307655
19261,0.9170034900307655
19262,0.8750066626816988
19263,0.8750066626816988
19264,0.8750066626816988
19265,0.8750066626816988
19266,0.9169743862003088
19267,0.8750066626816988
19268,0.8750066626816988
19269,0.9159848559647799
19270,0.8749775588512421
19271,0.8750066626816988
19272,0.9580107871443033
19273,0.9159848559647799
19274,0.8749775588512421
19275,0.8750066626816988
19276,0.8750066626816988
19277,0.8750066626816988
19278,0.9170034900307655
19279,0.8750066626816988
19280,0.8750066626816988
19281,0.9580107871443033
19282,0.9579816833138466
19283,0.8750066626816988
19284,0.8750066626816988
19285,0.8750066626816988
19286,0.8750066626816988
19287,0.8750066626816988
19288,0.8750066626816988
19289,0.9170034900307655
19290,0.9170034900307655
19291,0.8750066626816988
19292,0.9160139597952366
19293,0.9159848559647799
19294,0.8749775588512421
19295,0.9170034900307655
19296,0.8750066626816988
19297,0.8750066626816988
19298,0.9170034900307655
19299,0.8750066626816988
19300,0.8330098353326321
19301,0.9169743862003088
19302,0.8329807315021753
19303,0.8750066626816988
19304,0.9170034900307655
19305,0.8750066626816988
19306,0.8750066626816988
19307,0.9170034900307655
19308,0.8750066626816988
19309,0.8750066626816988
19310,0.8750066626816988
19311,0.8330098353326321
19312,0.9170034900307655
19313,0.9159848559647799
19314,0.9159848559647799
19315,0.8750066626816988
19316,0.8750066626816988
19317,0.8749775588512421
19318,0.9159848559647799
19319,0.8750066626816988
19320,0.8750066626816988
19321,0.8749775588512421
19322,0.8749775588512421
19323,0.8750066626816988
19324,0.8750066626816988
19325,0.8750066626816988
19326,0.8750066626816988
19327,0.8750066626816988
19328,0.9170034900307655
19329,0.8749775588512421
19330,0.8749775588512421
19331,0.8750066626816988
19332,0.8750066626816988
19333,0.8750066626816988
19334,0.9579816833138466
19335,0.9170034900307655
19336,0.9160139597952366
19337,0.8750066626816988
19338,0.8750066626816988
19339,0.8750066626816988
19340,0.8750066626816988
19341,0.8749775588512421
19342,0.9159848559647799
19343,0.8750066626816988
19344,0.8750066626816988
19345,0.9169743862003088
19346,0.9159848559647799
19347,0.8750066626816988
19348,0.8750066626816988
19349,0.8750066626816988
19350,0.8750066626816988
19351,0.8750066626816988
19352,0.9170034900307655
19353,0.8749775588512421
19354,0.8749775588512421
19355,0.8750066626816988
19356,0.8750066626816988
19357,0.9159848559647799
19358,0.8749775588512421
19359,0.9170034900307655
19360,0.8750066626816988
19361,0.9169743862003088
19362,0.9170034900307655
19363,0.8750066626816988
19364,0.8750066626816988
19365,0.8749775588512421
19366,0.9159848559647799
19367,0.8750066626816988
19368,0.8750066626816988
19369,0.8749775588512421
19370,0.9159848559647799
19371,0.8750066626816988
19372,0.8750066626816988
19373,0.8749775588512421
19374,0.9159848559647799
19375,0.9170034900307655
19376,0.9170034900307655
19377,0.9170034900307655
19378,0.9170034900307655
19379,0.8750066626816988
19380,0.9170034900307655
19381,0.9169743862003088
19382,0.9170034900307655
19383,0.8750066626816988
19384,0.8750066626816988
19385,0.8749775588512421
19386,0.8750066626816988
19387,0.8750066626816988
19388,0.9170034900307655
19389,0.8750066626816988
19390,0.8750066626816988
19391,0.8750066626816988
19392,0.9590003173798323
19393,0.9170034900307655
19394,0.9170034900307655
19395,0.8750066626816988
19396,0.9159848559647799
19397,0.9169743862003088
19398,0.8750066626816988
19399,0.8750066626816988
19400,0.9580107871443033
19401,0.9159848559647799
19402,0.9580107871443033
19403,0.9170034900307655
19404,0.8750066626816988
19405,0.8750066626816988
19406,1.0420044418424368
19407,0.8749775588512421
19408,0.9159848559647799
19409,0.9170034900307655
19410,0.8750066626816988
19411,0.8749775588512421
19412,0.8749775588512421
19413,0.8750066626816988
19414,0.9170034900307655
19415,0.8750066626816988
19416,0.9170034900307655
19417,0.8750066626816988
19418,0.9170034900307655
19419,0.8750066626816988
19420,0.9170034900307655
19421,0.8750066626816988
19422,0.8750066626816988
19423,0.8750066626816988
19424,0.8750066626816988
19425,0.9160139597952366
19426,0.8330098353326321
19427,0.9169743862003088
19428,0.8750066626816988
19429,0.9580107871443033
19430,0.9170034900307655
19431,1.04197533801198
19432,0.9170034900307655
19433,0.8750066626816988
19434,0.8750066626816988
19435,0.9169743862003088
19436,0.9170034900307655
19437,0.8750066626816988
19438,0.8750066626816988
19439,0.8749775588512421
19440,0.8750066626816988
19441,0.9160139597952366
19442,0.9159848559647799
19443,0.9169743862003088
19444,0.9590003173798323
19445,0.9170034900307655
19446,0.8749775588512421
19447,0.8749775588512421
19448,0.8750066626816988
19449,0.8750066626816988
19450,0.9580107871443033
19451,0.9170034900307655
19452,0.9170034900307655
19453,0.9580107871443033
19454,0.8749775588512421
19455,0.9170034900307655
19456,0.8750066626816988
19457,0.8750066626816988
19458,0.8750066626816988
19459,0.9170034900307655
19460,0.9590003173798323
19461,0.8750066626816988
19462,0.8749775588512421
19463,0.9159848559647799
19464,0.9580107871443033
19465,0.9170034900307655
19466,0.8749775588512421
19467,0.833999365568161
19468,0.9170034900307655
19469,0.8750066626816988
19470,0.8749775588512421
19471,0.8749775588512421
19472,0.8750066626816988
19473,0.9170034900307655
19474,0.8329807315021753
19475,0.9170034900307655
19476,0.8750066626816988
19477,0.9170034900307655
19478,0.9590003173798323
19479,0.9170034900307655
19480,0.9170034900307655
19481,0.9170034900307655
19482,0.9159848559647799
19483,0.9170034900307655
19484,0.9170034900307655
19485,0.9170034900307655
19486,0.9159848559647799
19487,0.8750066626816988
19488,0.9170034900307655
19489,0.9170034900307655
19490,0.8749775588512421
19491,0.9160139597952366
19492,0.9580107871443033
19493,0.9170034900307655
19494,0.9169743862003088
19495,0.9170034900307655
19496,0.9590003173798323
19497,1.00000761449337
19498,0.9590003173798323
19499,0.8750066626816988
19500,0.9170034900307655
19501,0.9159848559647799
19502,0.9999785106629133
19503,0.9170034900307655
19504,0.8750066626816988
19505,0.9159848559647799
19506,0.8749775588512421
19507,0.9170034900307655
19508,0.8750066626816988
19509,0.8750066626816988
19510,0.9170034900307655
19511,0.8750066626816988
19512,0.9170034900307655
19513,0.9169743862003088
19514,0.9579816833138466
19515,0.9160139597952366
19516,0.9160139597952366
19517,0.8749775588512421
19518,0.9170034900307655
19519,0.9170034900307655
19520,0.8749775588512421
19521,0.9159848559647799
19522,0.8750066626816988
19523,0.9170034900307655
19524,0.9999785106629133
19525,0.9169743862003088
19526,0.9170034900307655
19527,0.9160139597952366
19528,0.8330098353326321
19529,0.9170034900307655
19530,0.833999365568161
19531,0.8750066626816988
19532,0.9170034900307655
19533,0.8750066626816988
19534,0.9580107871443033
19535,0.9160139597952366
19536,0.9170034900307655
19537,0.8749775588512421
19538,0.833999365568161
19539,0.8750066626816988
19540,0.9170034900307655
19541,0.8749775588512421
19542,0.9170034900307655
19543,0.8750066626816988
19544,0.9159848559647799
19545,0.9169743862003088
19546,0.9170034900307655
19547,0.8750066626816988
19548,0.9579816833138466
19549,0.9159848559647799
19550,0.8750066626816988
19551,0.8750066626816988
19552,0.8750066626816988
19553,0.8750066626816988
19554,0.9170034900307655
19555,0.8750066626816988
19556,0.8750066626816988
19557,0.8750066626816988
19558,0.9170034900307655
19559,0.8750066626816988
19560,0.8750066626816988
19561,0.9170034900307655
19562,0.8750066626816988
19563,0.8750066626816988
19564,0.8750066626816988
19565,0.8750066626816988
19566,0.9170034900307655
19567,0.9170034900307655
19568,0.9159848559647799
19569,0.9169743862003088
19570,0.8750066626816988
19571,0.8750066626816988
19572,0.9170034900307655
19573,0.9170034900307655
19574,0.9170034900307655
19575,0.8750066626816988
19576,0.8750066626816988
19577,0.8750066626816988
19578,0.8750066626816988
19579,0.9170034900307655
19580,0.9590003173798323
19581,0.8750066626816988
19582,0.9160139597952366
19583,0.9160139597952366
19584,0.8750066626816988
19585,0.9170034900307655
19586,0.8750066626816988
19587,0.8330098353326321
19588,0.9159848559647799
19589,0.8749775588512421
19590,0.8750066626816988
19591,0.9160139597952366
19592,0.9170034900307655
19593,0.8750066626816988
19594,0.9160139597952366
19595,0.9580107871443033
19596,0.9579816833138466
19597,0.9170034900307655
19598,0.8750066626816988
19599,0.8330098353326321
19600,0.9169743862003088
19601,0.8750066626816988
19602,0.9160139597952366
19603,0.8330098353326321
19604,0.8749775588512421
19605,0.8749775588512421
19606,0.8330098353326321
19607,0.8750066626816988
19608,0.9170034900307655
19609,0.9170034900307655
19610,0.9160139597952366
19611,0.8750066626816988
19612,0.9170034900307655
19613,0.9170034900307655
19614,0.9170034900307655
19615,0.9160139597952366
19616,0.8749775588512421
19617,0.9170034900307655
19618,0.8750066626816988
19619,0.8750066626816988
19620,0.8749775588512421
19621,0.8749775588512421
19622,0.8750066626816988
19623,0.8750066626816988
19624,0.9170034900307655
19625,0.9170034900307655
19626,0.9160139597952366
19627,0.8750066626816988
19628,0.8329807315021753
19629,0.8749775588512421
19630,0.9170034900307655
19631,0.8750066626816988
19632,0.8749775588512421
19633,0.8750066626816988
19634,0.8750066626816988
19635,0.8750066626816988
19636,0.8750066626816988
19637,0.8750066626816988
19638,0.8750066626816988
19639,0.9170034900307655
19640,0.9169743862003088
19641,0.8750066626816988
19642,0.8750066626816988
19643,0.8750066626816988
19644,0.8750066626816988
19645,0.8330098353326321
19646,0.9160139597952366
19647,0.8750066626816988
19648,0.8749775588512421
19649,0.8749775588512421
19650,0.8750066626816988
19651,0.9160139597952366
19652,0.8749775588512421
19653,0.9159848559647799
19654,0.8750066626816988
19655,0.8750066626816988
19656,0.8750066626816988
19657,0.8750066626816988
19658,0.8750066626816988
19659,0.8750066626816988
19660,0.8749775588512421
19661,0.8749775588512421
19662,0.8750066626816988
19663,0.8750066626816988
19664,0.8750066626816988
19665,0.8750066626816988
19666,0.8750066626816988
19667,0.8750066626816988
19668,0.9169743862003088
19669,0.8750066626816988
19670,0.8750066626816988
19671,0.8750066626816988
19672,0.9159848559647799
19673,0.8329807315021753
19674,0.8750066626816988
19675,0.8750066626816988
19676,0.8749775588512421
19677,0.8749775588512421
19678,0.8750066626816988
19679,0.8750066626816988
19680,0.8750066626816988
19681,0.833999365568161
19682,0.9170034900307655
19683,0.8750066626816988
19684,0.833999365568161
19685,0.8750066626816988
19686,0.9170034900307655
19687,0.8750066626816988
19688,0.9159848559647799
19689,0.8329807315021753
19690,0.9160139597952366
19691,0.8750066626816988
19692,0.8749775588512421
19693,0.8329807315021753
19694,0.9170034900307655
19695,0.8750066626816988
19696,0.8750066626816988
19697,0.9170034900307655
19698,0.9160139597952366
19699,0.8750066626816988
19700,0.9170034900307655
19701,0.8750066626816988
19702,0.8750066626816988
19703,0.8750066626816988
19704,0.8750066626816988
19705,0.8750066626816988
19706,0.9170034900307655
19707,0.9580107871443033
19708,0.9159848559647799
19709,0.9579816833138466
19710,0.9580107871443033
19711,0.8750066626816988
19712,0.9170034900307655
19713,0.8750066626816988
19714,0.9170034900307655
19715,0.8750066626816988
19716,0.8749775588512421
19717,0.8750066626816988
19718,0.8750066626816988
19719,0.8750066626816988
19720,0.9590003173798323
19721,0.8750066626816988
19722,0.8750066626816988
19723,0.8750066626816988
19724,0.8749775588512421
19725,0.8329807315021753
19726,0.8750066626816988
19727,0.8750066626816988
19728,0.8749775588512421
19729,0.8750066626816988
19730,0.9160139597952366
19731,0.8750066626816988
19732,0.8749775588512421
19733,0.8750066626816988
19734,0.9580107871443033
19735,0.8750066626816988
19736,0.9169743862003088
19737,0.8750066626816988
19738,0.9160139597952366
19739,0.9160139597952366
19740,0.8750066626816988
19741,0.8750066626816988
19742,0.9170034900307655
19743,0.8750066626816988
19744,0.9169743862003088
19745,0.8750066626816988
19746,0.8750066626816988
19747,0.9170034900307655
19748,0.8750066626816988
19749,0.9170034900307655
19750,0.8750066626816988
19751,0.9160139597952366
19752,0.8749775588512421
19753,0.9170034900307655
19754,0.9160139597952366
19755,0.9159848559647799
19756,0.9159848559647799
19757,0.9160139597952366
19758,0.9170034900307655
19759,0.8750066626816988
19760,0.8750066626816988
19761,0.9160139597952366
19762,0.9160139597952366
19763,0.9170034900307655
19764,0.9169743862003088
19765,0.9170034900307655
19766,0.9160139597952366
19767,0.9579816833138466
19768,0.8749775588512421
19769,0.9170034900307655
19770,0.9170034900307655
19771,0.8749775588512421
19772,0.8749775588512421
19773,0.9170034900307655
19774,0.8750066626816988
19775,0.9170034900307655
19776,0.8750066626816988
19777,0.8750066626816988
19778,0.9170034900307655
19779,0.9579816833138466
19780,0.9159848559647799
19781,0.8750066626816988
19782,0.8750066626816988
19783,0.9169743862003088
19784,0.833999365568161
19785,0.9170034900307655
19786,0.9170034900307655
19787,0.8749775588512421
19788,0.8749775588512421
19789,0.8750066626816988
19790,0.8750066626816988
19791,0.9170034900307655
19792,0.8750066626816988
19793,0.9170034900307655
19794,0.9590003173798323
19795,0.8749775588512421
19796,0.9170034900307655
19797,0.8750066626816988
19798,0.8750066626816988
19799,0.9170034900307655
19800,0.9590003173798323
19801,0.8750066626816988
19802,0.8750066626816988
19803,0.8750066626816988
19804,0.8750066626816988
19805,0.8750066626816988
19806,0.8750066626816988
19807,0.8749775588512421
19808,0.8749775588512421
19809,0.8750066626816988
19810,0.833999365568161
19811,0.9170034900307655
19812,0.8750066626816988
19813,0.8750066626816988
19814,0.9170034900307655
19815,0.8749775588512421
19816,0.9170034900307655
19817,0.9160139597952366
19818,0.8750066626816988
19819,0.8749775588512421
19820,0.9160139597952366
19821,0.9170034900307655
19822,0.9170034900307655
19823,0.9170034900307655
19824,0.8750066626816988
19825,0.9170034900307655
19826,0.9170034900307655
19827,0.8749775588512421
19828,0.8330098353326321
19829,0.8750066626816988
19830,0.9170034900307655
19831,0.8750066626816988
19832,0.8330098353326321
19833,0.8750066626816988
19834,0.8750066626816988
19835,0.8749775588512421
19836,0.8749775588512421
19837,0.9170034900307655
19838,0.8750066626816988
19839,0.8749775588512421
19840,0.8750066626816988
19841,0.9160139597952366
19842,0.8750066626816988
19843,0.8329807315021753
19844,0.8329807315021753
19845,0.8750066626816988
19846,0.9160139597952366
19847,0.9170034900307655
19848,0.9170034900307655
19849,0.9170034900307655
19850,0.833999365568161
19851,0.8749775588512421
19852,0.8329807315021753
19853,0.8750066626816988
19854,0.8330098353326321
19855,0.833999365568161
19856,0.8330098353326321
19857,0.8750066626816988
19858,0.9590003173798323
19859,0.8749775588512421
19860,0.8329807315021753
19861,0.8750066626816988
19862,0.9170034900307655
19863,0.8749775588512421
19864,0.9159848559647799
19865,0.9160139597952366
19866,0.8750066626816988
19867,0.8749775588512421
19868,0.8749775588512421
19869,0.8750066626816988
19870,0.8750066626816988
19871,0.8749775588512421
19872,0.9159848559647799
19873,0.9160139597952366
19874,0.9170034900307655
19875,0.8749775588512421
19876,0.833999365568161
19877,0.9170034900307655
19878,0.8750066626816988
19879,0.9159848559647799
19880,0.8749775588512421
19881,0.9170034900307655
19882,0.8750066626816988
19883,0.8750066626816988
19884,0.9170034900307655
19885,0.8750066626816988
19886,0.8750066626816988
19887,0.9169743862003088
19888,0.9159848559647799
19889,0.9170034900307655
19890,0.9590003173798323
19891,0.8749775588512421
19892,0.833999365568161
19893,0.8330098353326321
19894,0.8750066626816988
19895,0.9170034900307655
19896,0.9170034900307655
19897,0.8750066626816988
19898,0.9170034900307655
19899,0.8749775588512421
19900,0.9170034900307655
19901,0.8750066626816988
19902,0.9160139597952366
19903,0.8749775588512421
19904,0.9170034900307655
19905,0.8750066626816988
19906,0.9170034900307655
19907,0.9159848559647799
19908,0.8749775588512421
19909,0.9170034900307655
19910,0.8750066626816988
19911,0.9170034900307655
19912,0.9170034900307655
19913,0.8750066626816988
19914,0.8750066626816988
19915,0.8749775588512421
19916,1.0410149116069078
19917,0.8750066626816988
19918,0.8750066626816988
19919,0.9159848559647799
19920,0.8750066626816988
19921,0.8750066626816988
19922,0.9170034900307655
19923,0.8749775588512421
19924,0.8750066626816988
19925,0.8750066626816988
19926,0.9159848559647799
19927,0.8749775588512421
19928,0.8330098353326321
19929,0.9160139597952366
19930,0.8330098353326321
19931,0.9170034900307655
19932,0.8750066626816988
19933,0.8750066626816988
19934,0.9170034900307655
19935,0.9170034900307655
19936,0.8750066626816988
19937,0.8750066626816988
19938,0.9170034900307655
19939,0.8750066626816988
19940,0.8750066626816988
19941,0.8750066626816988
19942,0.9159848559647799
19943,0.8749775588512421
19944,0.8750066626816988
19945,0.833999365568161
19946,0.8749775588512421
19947,0.8750066626816988
19948,0.8750066626816988
19949,0.8750066626816988
19950,0.8750066626816988
19951,0.8750066626816988
19952,0.8750066626816988
19953,0.8750066626816988
19954,0.9170034900307655
19955,0.8750066626816988
19956,0.8750066626816988
19957,0.9170034900307655
19958,0.9169743862003088
19959,0.9159848559647799
19960,0.9160139597952366
19961,0.9160139597952366
19962,0.8750066626816988
19963,0.8750066626816988
19964,0.9170034900307655
19965,0.9160139597952366
19966,0.8750066626816988
19967,0.8750066626816988
19968,0.833999365568161
19969,0.9170034900307655
19970,0.9170034900307655
19971,0.9170034900307655
19972,0.9170034900307655
19973,0.8750066626816988
19974,0.9159848559647799
19975,0.8750066626816988
19976,0.8750066626816988
19977,0.8750066626816988
19978,0.9579816833138466
19979,0.8750066626816988
19980,0.9170034900307655
19981,0.8750066626816988
19982,0.8329807315021753
19983,0.8750066626816988
19984,0.8750066626816988
19985,0.8750066626816988
19986,0.8749775588512421
19987,0.833999365568161
19988,0.8330098353326321
19989,0.8750066626816988
19990,0.8749775588512421
19991,0.833999365568161
19992,0.8750066626816988
19993,0.8750066626816988
19994,0.8749775588512421
19995,0.8749775588512421
19996,0.8750066626816988
19997,0.833999365568161
19998,0.9170034900307655
19999,0.8750066626816988
20000,0.833999365568161
20001,0.8750066626816988
20002,0.9169743862003088
20003,0.8750066626816988
20004,0.8750066626816988
20005,0.8750066626816988
20006,0.9170034900307655
20007,0.8750066626816988
20008,0.8750066626816988
20009,0.8750066626816988
20010,0.8749775588512421
20011,0.8750066626816988
20012,0.8750066626816988
20013,0.8750066626816988
20014,0.8749775588512421
20015,0.8750066626816988
20016,0.9170034900307655
20017,0.8750066626816988
20018,0.9169743862003088
20019,0.9159848559647799
20020,0.8750066626816988
20021,0.8750066626816988
20022,0.8749775588512421
20023,0.9170034900307655
20024,0.8750066626816988
20025,0.9170034900307655
20026,0.9159848559647799
20027,0.8750066626816988
20028,0.9160139597952366
20029,0.9580107871443033
20030,0.833999365568161
20031,0.8750066626816988
20032,0.8750066626816988
20033,0.8750066626816988
20034,0.9590003173798323
20035,0.8750066626816988
20036,0.8750066626816988
20037,0.8750066626816988
20038,0.8749775588512421
20039,0.9170034900307655
20040,1.00000761449337
20041,0.9160139597952366
20042,0.8750066626816988
20043,0.8750066626816988
20044,0.8750066626816988
20045,0.9160139597952366
20046,0.8329807315021753
20047,0.9159848559647799
20048,0.8330098353326321
20049,0.8750066626816988
20050,0.9170034900307655
20051,0.8750066626816988
20052,0.8750066626816988
20053,0.8750066626816988
20054,0.9169743862003088
20055,0.8750066626816988
20056,0.9170034900307655
20057,0.9159848559647799
20058,0.8329807315021753
20059,0.9170034900307655
20060,1.0840012691915035
20061,0.9170034900307655
20062,0.833999365568161
20063,0.8750066626816988
20064,0.9170034900307655
20065,0.7920025382190943
20066,0.8750066626816988
20067,0.8750066626816988
20068,0.9170034900307655
20069,0.8749775588512421
20070,0.8749775588512421
20071,0.8750066626816988
20072,0.8750066626816988
20073,0.8330098353326321
20074,0.8750066626816988
20075,0.8750066626816988
20076,0.9580107871443033
20077,0.8750066626816988
20078,0.8750066626816988
20079,0.8750066626816988
20080,0.8750066626816988
20081,0.8750066626816988
20082,0.8749775588512421
20083,0.8750066626816988
20084,0.8750066626816988
20085,0.8750066626816988
20086,0.9170034900307655
20087,0.8750066626816988
20088,0.8750066626816988
20089,0.9170034900307655
20090,0.8749775588512421
20091,0.9160139597952366
20092,0.9170034900307655
20093,0.8750066626816988
20094,0.8750066626816988
20095,0.8750066626816988
20096,0.8750066626816988
20097,0.9170034900307655
20098,0.9170034900307655
20099,0.8750066626816988
20100,0.9170034900307655
20101,0.8749775588512421
20102,0.8750066626816988
20103,0.8750066626816988
20104,0.8750066626816988
20105,0.8749775588512421
20106,0.8750066626816988
20107,0.8750066626816988
20108,0.9170034900307655
20109,0.8749775588512421
20110,0.9159848559647799
20111,0.9160139597952366
20112,0.9170034900307655
20113,0.8749775588512421
20114,0.9170034900307655
20115,0.8750066626816988
20116,0.9160139597952366
20117,0.8750066626816988
20118,0.8750066626816988
20119,0.8750066626816988
20120,0.9170034900307655
20121,0.8749775588512421
20122,0.8749775588512421
20123,0.9170034900307655
20124,0.8750066626816988
20125,0.8749775588512421
20126,0.9159848559647799
20127,0.9170034900307655
20128,0.8750066626816988
20129,0.8750066626816988
20130,0.9170034900307655
20131,0.9170034900307655
20132,0.8750066626816988
20133,0.8749775588512421
20134,0.8749775588512421
20135,0.8750066626816988
20136,0.8750066626816988
20137,0.8750066626816988
20138,0.9590003173798323
20139,0.8750066626816988
20140,0.9580107871443033
20141,0.9159848559647799
20142,0.8749775588512421
20143,0.9170034900307655
20144,0.8750066626816988
20145,0.8750066626816988
20146,0.8750066626816988
20147,0.8750066626816988
20148,0.8750066626816988
20149,0.9159848559647799
20150,0.9170034900307655
20151,0.8750066626816988
20152,0.9160139597952366
20153,0.8749775588512421
20154,0.9170034900307655
20155,0.8750066626816988
20156,0.8749775588512421
20157,0.9159848559647799
20158,0.8750066626816988
20159,0.9170034900307655
20160,0.8750066626816988
20161,0.8750066626816988
20162,0.9160139597952366
20163,0.8750066626816988
20164,0.8750066626816988
20165,0.9159848559647799
20166,0.9170034900307655
20167,0.9170034900307655
20168,0.833999365568161
20169,0.8749775588512421
20170,0.8750066626816988
20171,0.8750066626816988
20172,0.8749775588512421
20173,0.8749775588512421
20174,0.8330098353326321
20175,0.9160139597952366
20176,0.9159848559647799
20177,0.8749775588512421
20178,0.8330098353326321
20179,0.8750066626816988
20180,0.8750066626816988
20181,0.8750066626816988
20182,0.8750066626816988
20183,0.8750066626816988
20184,0.9170034900307655
20185,0.8750066626816988
20186,0.9160139597952366
20187,0.8750066626816988
20188,0.8750066626816988
20189,0.8750066626816988
20190,0.8750066626816988
20191,0.8330098353326321
20192,0.8750066626816988
20193,0.8749775588512421
20194,0.8750066626816988
20195,0.9580107871443033
20196,0.8330098353326321
20197,0.8750066626816988
20198,0.8750066626816988
20199,0.8750066626816988
20200,0.9159848559647799
20201,0.8749775588512421
20202,0.9170034900307655
20203,0.8750066626816988
20204,0.8750066626816988
20205,0.8749775588512421
20206,0.8750066626816988
20207,0.8330098353326321
20208,0.9170034900307655
20209,0.8750066626816988
20210,0.9170034900307655
20211,0.9170034900307655
20212,0.8749775588512421
20213,0.9169743862003088
20214,0.8750066626816988
20215,0.8750066626816988
20216,0.9159848559647799
20217,0.8329807315021753
20218,0.8750066626816988
20219,0.8750066626816988
20220,0.9170034900307655
20221,0.9169743862003088
20222,0.8750066626816988
20223,0.8750066626816988
20224,0.9170034900307655
20225,0.9159848559647799
20226,0.9170034900307655
20227,0.8750066626816988
20228,0.9159848559647799
20229,0.8749775588512421
20230,1.00000761449337
20231,0.9170034900307655
20232,0.8749775588512421
20233,0.8749775588512421
20234,0.9170034900307655
20235,0.8750066626816988
20236,0.8750066626816988
20237,0.8750066626816988
20238,0.8750066626816988
20239,0.9170034900307655
20240,0.833999365568161
20241,0.8749775588512421
20242,0.8750066626816988
20243,0.8330098353326321
20244,0.8750066626816988
20245,0.8749775588512421
20246,0.8750066626816988
20247,0.8750066626816988
20248,0.8750066626816988
20249,0.8749775588512421
20250,0.9160139597952366
20251,0.8750066626816988
20252,0.8329807315021753
20253,0.8749775588512421
20254,0.8750066626816988
20255,0.8750066626816988
20256,0.8750066626816988
20257,0.833999365568161
20258,0.9170034900307655
20259,0.8750066626816988
20260,0.8750066626816988
20261,0.8750066626816988
20262,0.8750066626816988
20263,0.8750066626816988
20264,0.8750066626816988
20265,0.8749775588512421
20266,0.8750066626816988
20267,0.8330098353326321
20268,0.9590003173798323
20269,0.8750066626816988
20270,0.8330098353326321
20271,0.833999365568161
20272,0.8750066626816988
20273,0.8750066626816988
20274,0.8750066626816988
20275,0.8750066626816988
20276,0.8330098353326321
20277,0.8749775588512421
20278,0.8750066626816988
20279,0.9170034900307655
20280,0.8750066626816988
20281,0.8750066626816988
20282,0.8750066626816988
20283,0.9160139597952366
20284,0.8750066626816988
20285,0.8749775588512421
20286,0.9170034900307655
20287,0.8750066626816988
20288,0.8330098353326321
20289,0.8750066626816988
20290,0.8750066626816988
20291,0.9170034900307655
20292,0.8750066626816988
20293,0.9170034900307655
20294,0.9170034900307655
20295,0.8750066626816988
20296,0.9170034900307655
20297,0.8749775588512421
20298,0.8750066626816988
20299,0.9160139597952366
20300,0.8330098353326321
20301,0.9170034900307655
20302,0.9170034900307655
20303,0.833999365568161
20304,0.8750066626816988
20305,0.8749775588512421
20306,0.8750066626816988
20307,0.9170034900307655
20308,0.9170034900307655
20309,0.9170034900307655
20310,0.9590003173798323
20311,0.8750066626816988
20312,0.833999365568161
20313,0.8749775588512421
20314,0.8750066626816988
20315,0.8750066626816988
20316,0.9590003173798323
20317,0.9169743862003088
20318,0.8750066626816988
20319,0.8750066626816988
20320,0.9580107871443033
20321,0.8749775588512421
20322,0.9170034900307655
20323,0.8750066626816988
20324,0.9170034900307655
20325,0.9170034900307655
20326,0.9160139597952366
20327,0.9160139597952366
20328,0.9170034900307655
20329,0.9170034900307655
20330,0.9170034900307655
20331,0.9170034900307655
20332,0.8750066626816988
20333,0.9170034900307655
20334,0.9170034900307655
20335,0.8750066626816988
20336,0.8749775588512421
20337,0.8749775588512421
20338,0.8330098353326321
20339,0.9160139597952366
20340,0.9159848559647799
20341,0.8749775588512421
20342,0.8750066626816988
20343,0.8750066626816988
20344,0.8750066626816988
20345,0.8750066626816988
20346,0.9170034900307655
20347,0.9160139597952366
20348,0.8749775588512421
20349,0.8750066626816988
20350,0.8330098353326321
20351,0.8750066626816988
20352,0.9159848559647799
20353,0.8749775588512421
20354,0.8750066626816988
20355,0.8750066626816988
20356,0.9170034900307655
20357,0.8750066626816988
20358,0.8750066626816988
20359,0.8750066626816988
20360,0.9169743862003088
20361,0.8750066626816988
20362,0.8750066626816988
20363,0.8750066626816988
20364,0.9169743862003088
20365,0.8750066626816988
20366,0.9160139597952366
20367,0.8750066626816988
20368,0.8749775588512421
20369,0.8750066626816988
20370,0.9160139597952366
20371,0.8750066626816988
20372,0.9170034900307655
20373,0.8750066626816988
20374,0.9160139597952366
20375,0.9170034900307655
20376,0.8750066626816988
20377,0.9160139597952366
20378,0.8330098353326321
20379,0.8750066626816988
20380,0.9159848559647799
20381,0.9170034900307655
20382,0.9170034900307655
20383,1.00000761449337
20384,0.9170034900307655
20385,0.8750066626816988
20386,0.8750066626816988
20387,0.9170034900307655
20388,0.9170034900307655
20389,0.9160139597952366
20390,0.8750066626816988
20391,0.9170034900307655
20392,0.8749775588512421
20393,0.9170034900307655
20394,0.8330098353326321
20395,0.9159848559647799
20396,0.9169743862003088
20397,0.8750066626816988
20398,0.8750066626816988
20399,0.9170034900307655
20400,0.9169743862003088
20401,0.9170034900307655
20402,0.9170034900307655
20403,0.9170034900307655
20404,0.9159848559647799
20405,0.8750066626816988
20406,0.8750066626816988
20407,0.8749775588512421
20408,0.9159848559647799
20409,0.9160139597952366
20410,0.9160139597952366
20411,0.8750066626816988
20412,0.9170034900307655
20413,0.8750066626816988
20414,0.9590003173798323
20415,0.8749775588512421
20416,0.8749775588512421
20417,0.8750066626816988
20418,0.8750066626816988
20419,0.8749775588512421
20420,0.8750066626816988
20421,0.8750066626816988
20422,0.9170034900307655
20423,0.9159848559647799
20424,0.9170034900307655
20425,0.8330098353326321
20426,0.9590003173798323
20427,0.8750066626816988
20428,0.8750066626816988
20429,0.8750066626816988
20430,0.9159848559647799
20431,0.8329807315021753
20432,0.8750066626816988
20433,0.8750066626816988
20434,0.9590003173798323
20435,0.8750066626816988
20436,0.8750066626816988
20437,0.9580107871443033
20438,0.8750066626816988
20439,0.8750066626816988
20440,0.8750066626816988
20441,0.833999365568161
20442,0.8329807315021753
20443,0.8749775588512421
20444,0.8750066626816988
20445,0.9170034900307655
20446,0.8750066626816988
20447,0.8329807315021753
20448,0.8750066626816988
20449,0.9170034900307655
20450,0.9170034900307655
20451,0.8749775588512421
20452,0.9170034900307655
20453,0.8750066626816988
20454,0.833999365568161
20455,0.8750066626816988
20456,6.166024832054973
20457,0.9159848559647799
20458,0.9170034900307655
20459,0.8750066626816988
20460,0.8750066626816988
20461,0.9579816833138466
20462,0.9159848559647799
20463,0.9170034900307655
20464,0.9170034900307655
20465,0.8749775588512421
20466,0.9160139597952366
20467,0.8750066626816988
20468,0.8750066626816988
20469,0.8750066626816988
20470,0.9170034900307655
20471,0.8330098353326321
20472,0.9160139597952366
20473,0.9169743862003088
20474,0.9170034900307655
20475,0.9170034900307655
20476,0.8749775588512421
20477,0.9169743862003088
20478,0.9170034900307655
20479,0.8750066626816988
20480,0.8749775588512421
20481,0.9590003173798323
20482,0.9170034900307655
20483,0.9170034900307655
20484,0.9170034900307655
20485,0.9170034900307655
20486,0.8750066626816988
20487,0.8750066626816988
20488,0.8750066626816988
20489,0.8750066626816988
20490,0.9170034900307655
20491,0.8749775588512421
20492,0.8750066626816988
20493,0.8750066626816988
20494,0.8750066626816988
20495,0.8749775588512421
20496,0.8750066626816988
20497,0.8330098353326321
20498,0.833999365568161
20499,0.8329807315021753
20500,0.9159848559647799
20501,0.8330098353326321
20502,0.833999365568161
20503,0.8750066626816988
20504,0.9170034900307655
20505,0.8750066626816988
20506,0.8750066626816988
20507,0.9170034900307655
20508,0.8749775588512421
20509,0.9170034900307655
20510,0.9170034900307655
20511,0.9170034900307655
20512,0.9170034900307655
20513,0.8750066626816988
20514,0.9170034900307655
20515,0.8749775588512421
20516,0.9159848559647799
20517,0.8750066626816988
20518,0.8750066626816988
20519,0.8749775588512421
20520,0.8749775588512421
20521,0.8750066626816988
20522,0.8750066626816988
20523,0.9170034900307655
20524,0.9170034900307655
20525,0.9160139597952366
20526,0.9170034900307655
20527,0.8749775588512421
20528,0.9159848559647799
20529,0.8750066626816988
20530,0.9170034900307655
20531,0.9169743862003088
20532,0.8750066626816988
20533,0.8750066626816988
20534,0.8750066626816988
20535,0.9169743862003088
20536,0.9159848559647799
20537,0.8750066626816988
20538,0.9170034900307655
20539,0.9159848559647799
20540,0.8750066626816988
20541,0.8750066626816988
20542,0.8330098353326321
20543,0.833999365568161
20544,0.8750066626816988
20545,0.9170034900307655
20546,0.8750066626816988
20547,0.8749775588512421
20548,0.8750066626816988
20549,0.8750066626816988
20550,0.8330098353326321
20551,0.8750066626816988
20552,0.8750066626816988
20553,0.8330098353326321
20554,0.9170034900307655
20555,0.8749775588512421
20556,0.8750066626816988
20557,0.8750066626816988
20558,0.8750066626816988
20559,0.8750066626816988
20560,0.8750066626816988
20561,0.8750066626816988
20562,0.9170034900307655
20563,0.8749775588512421
20564,0.8749775588512421
20565,0.8750066626816988
20566,0.9160139597952366
20567,0.8750066626816988
20568,0.833999365568161
20569,0.8330098353326321
20570,0.8750066626816988
20571,0.9170034900307655
20572,0.833999365568161
20573,0.8750066626816988
20574,0.9170034900307655
20575,0.9159848559647799
20576,0.8749775588512421
20577,0.9170034900307655
20578,0.8750066626816988
20579,0.8749775588512421
20580,0.9579816833138466
20581,0.8750066626816988
20582,0.8750066626816988
20583,0.9159848559647799
20584,0.9159848559647799
20585,0.8750066626816988
20586,0.833999365568161
20587,0.9170034900307655
20588,0.9170034900307655
20589,0.8750066626816988
20590,0.9170034900307655
20591,0.8749775588512421
20592,0.8749775588512421
20593,0.8750066626816988
20594,0.8750066626816988
20595,0.8750066626816988
20596,0.8329807315021753
20597,0.8750066626816988
20598,0.9170034900307655
20599,0.8749775588512421
20600,0.8749775588512421
20601,0.9170034900307655
20602,0.8750066626816988
20603,0.8749775588512421
20604,0.8749775588512421
20605,0.8750066626816988
20606,0.8750066626816988
20607,0.9170034900307655
20608,0.8749775588512421
20609,0.8750066626816988
20610,0.8750066626816988
20611,0.9170034900307655
20612,0.8750066626816988
20613,0.8750066626816988
20614,0.8750066626816988
20615,0.9170034900307655
20616,0.9170034900307655
20617,0.8750066626816988
20618,0.8750066626816988
20619,0.9169743862003088
20620,0.9159848559647799
20621,0.8330098353326321
20622,0.8750066626816988
20623,0.8750066626816988
20624,0.9170034900307655
20625,0.8750066626816988
20626,0.8750066626816988
20627,0.8750066626816988
20628,0.8330098353326321
20629,0.8750066626816988
20630,0.9170034900307655
20631,0.9170034900307655
20632,0.8750066626816988
20633,0.9160139597952366
20634,0.9170034900307655
20635,0.9170034900307655
20636,0.9159848559647799
20637,0.8750066626816988
20638,0.8750066626816988
20639,0.8750066626816988
20640,0.8750066626816988
20641,0.8750066626816988
20642,0.8750066626816988
20643,0.9159848559647799
20644,0.8749775588512421
20645,0.8750066626816988
20646,0.8750066626816988
20647,0.8749775588512421
20648,0.9159848559647799
20649,0.9170034900307655
20650,0.8750066626816988
20651,0.9170034900307655
20652,0.8749775588512421
20653,0.8750066626816988
20654,0.9590003173798323
20655,0.8749775588512421
20656,0.9170034900307655
20657,0.9160139597952366
20658,0.8750066626816988
20659,0.9170034900307655
20660,0.8750066626816988
20661,0.8750066626816988
20662,0.9170034900307655
20663,0.8749775588512421
20664,0.9170034900307655
20665,0.9160139597952366
20666,0.8330098353326321
20667,0.9169743862003088
20668,0.8750066626816988
20669,0.9160139597952366
20670,0.8750066626816988
20671,0.8749775588512421
20672,0.9579816833138466
20673,0.9160139597952366
20674,0.9160139597952366
20675,0.9170034900307655
20676,0.9170034900307655
20677,0.9160139597952366
20678,0.9170034900307655
20679,0.8749775588512421
20680,0.9170034900307655
20681,0.8750066626816988
20682,0.8750066626816988
20683,0.9169743862003088
20684,0.8750066626816988
20685,0.9160139597952366
20686,0.9160139597952366
20687,0.8749775588512421
20688,0.9170034900307655
20689,0.8750066626816988
20690,0.9580107871443033
20691,0.9159848559647799
20692,0.8750066626816988
20693,0.9170034900307655
20694,0.9170034900307655
20695,0.9159848559647799
20696,0.9580107871443033
20697,0.9580107871443033
20698,0.8750066626816988
20699,0.8749775588512421
20700,0.9160139597952366
20701,0.8750066626816988
20702,0.8750066626816988
20703,0.9170034900307655
20704,0.8750066626816988
20705,0.8750066626816988
20706,0.9170034900307655
20707,0.8749775588512421
20708,0.8750066626816988
20709,0.9160139597952366
20710,0.8750066626816988
20711,0.9169743862003088
20712,0.9160139597952366
20713,0.9170034900307655
20714,0.9169743862003088
20715,0.8750066626816988
20716,0.8750066626816988
20717,0.9170034900307655
20718,0.8749775588512421
20719,0.9159848559647799
20720,0.8750066626816988
20721,0.8750066626816988
20722,0.8749775588512421
20723,0.8749775588512421
20724,0.8750066626816988
20725,0.9160139597952366
20726,0.9159848559647799
20727,0.9159848559647799
20728,0.9170034900307655
20729,0.8750066626816988
20730,0.8749775588512421
20731,0.9170034900307655
20732,0.9170034900307655
20733,0.9590003173798323
20734,0.9169743862003088
20735,0.9170034900307655
20736,0.9170034900307655
20737,0.8750066626816988
20738,0.9170034900307655
20739,0.9170034900307655
20740,0.8750066626816988
20741,0.9170034900307655
20742,0.8750066626816988
20743,0.9160139597952366
20744,0.9170034900307655
20745,0.9170034900307655
20746,0.8750066626816988
20747,0.9160139597952366
20748,0.9170034900307655
20749,0.8750066626816988
20750,0.9170034900307655
20751,0.9170034900307655
20752,0.9160139597952366
20753,0.8750066626816988
20754,0.8749775588512421
20755,0.9170034900307655
20756,0.8750066626816988
20757,0.9159848559647799
20758,0.8749775588512421
20759,0.8750066626816988
20760,0.8750066626816988
20761,0.9159848559647799
20762,0.8749775588512421
20763,0.9170034900307655
20764,0.833999365568161
20765,0.9170034900307655
20766,0.9169743862003088
20767,0.8750066626816988
20768,0.8750066626816988
20769,0.9579816833138466
20770,0.8750066626816988
20771,0.9160139597952366
20772,0.9160139597952366
20773,0.8750066626816988
20774,0.8750066626816988
20775,0.9170034900307655
20776,0.8750066626816988
20777,0.9169743862003088
20778,0.8749775588512421
20779,0.8750066626816988
20780,0.8750066626816988
20781,0.9170034900307655
20782,0.8750066626816988
20783,0.9170034900307655
20784,0.9170034900307655
20785,0.8749775588512421
20786,0.9170034900307655
20787,0.8750066626816988
20788,0.8750066626816988
20789,0.9169743862003088
20790,0.8750066626816988
20791,0.9160139597952366
20792,0.8750066626816988
20793,0.8749775588512421
20794,0.9170034900307655
20795,0.9170034900307655
20796,0.9160139597952366
20797,0.8750066626816988
20798,0.8330098353326321
20799,0.8750066626816988
20800,0.8750066626816988
20801,0.8749775588512421
20802,0.8329807315021753
20803,0.9170034900307655
20804,0.9170034900307655
20805,0.9579816833138466
20806,0.9159848559647799
20807,0.9170034900307655
20808,0.9170034900307655
20809,0.8749775588512421
20810,0.9160139597952366
20811,0.8750066626816988
20812,0.9170034900307655
20813,0.8329807315021753
20814,0.9160139597952366
20815,0.9170034900307655
20816,0.8750066626816988
20817,0.9170034900307655
20818,0.9580107871443033
20819,0.8750066626816988
20820,0.8750066626816988
20821,0.8750066626816988
20822,0.9160139597952366
20823,0.8750066626816988
20824,0.9170034900307655
20825,0.8750066626816988
20826,0.9160139597952366
20827,0.9170034900307655
20828,0.8329807315021753
20829,0.9159848559647799
20830,0.9170034900307655
20831,0.9170034900307655
20832,0.8749775588512421
20833,0.8749775588512421
20834,0.8750066626816988
20835,0.8750066626816988
20836,0.9159848559647799
20837,0.8749775588512421
20838,0.9170034900307655
20839,0.8750066626816988
20840,0.8329807315021753
20841,0.9579816833138466
20842,0.9580107871443033
20843,0.9160139597952366
20844,0.9579816833138466
20845,0.9169743862003088
20846,0.8750066626816988
20847,0.9170034900307655
20848,0.9159848559647799
20849,0.8749775588512421
20850,0.9170034900307655
20851,0.8750066626816988
20852,0.8749775588512421
20853,0.9170034900307655
20854,0.8750066626816988
20855,0.8750066626816988
20856,0.9170034900307655
20857,0.9170034900307655
20858,0.9160139597952366
20859,0.9170034900307655
20860,0.8749775588512421
20861,0.9170034900307655
20862,0.9160139597952366
20863,0.9580107871443033
20864,0.9579816833138466
20865,1.1659867595881224
20866,1.1250085663050413
20867,1.167005393654108
20868,1.207983586937189
20869,1.1250085663050413
20870,1.1250085663050413
20871,1.1250085663050413
20872,1.167005393654108
20873,1.1249794624745846
20874,1.1249794624745846
20875,1.1250085663050413
20876,1.1249794624745846
20877,1.0829826351255178
20878,1.1250085663050413
20879,1.167005393654108
20880,1.1669762898236513
20881,1.00000761449337
20882,0.8750066626816988
20883,0.9579816833138466
20884,0.9579816833138466
20885,0.9590003173798323
20886,0.9170034900307655
20887,0.9590003173798323
20888,0.9170034900307655
20889,0.8750066626816988
20890,0.9160139597952366
20891,0.9579816833138466
20892,0.9159848559647799
20893,0.8750066626816988
20894,0.8750066626816988
20895,0.9169743862003088
20896,0.9579816833138466
20897,0.9160139597952366
20898,0.8750066626816988
20899,0.9169743862003088
20900,0.8330098353326321
20901,0.9160139597952366
20902,0.8750066626816988
20903,0.8749775588512421
20904,0.9170034900307655
20905,0.9590003173798323
20906,0.8750066626816988
20907,0.833999365568161
20908,0.9580107871443033
20909,0.8750066626816988
20910,0.833999365568161
20911,0.9169743862003088
20912,0.9170034900307655
20913,0.9170034900307655
20914,0.9170034900307655
20915,0.9170034900307655
20916,0.8750066626816988
20917,0.8750066626816988
20918,0.9170034900307655
20919,0.9170034900307655
20920,0.9170034900307655
20921,0.8750066626816988
20922,0.9159848559647799
20923,0.9170034900307655
20924,0.9170034900307655
20925,0.9590003173798323
20926,0.9170034900307655
20927,0.8750066626816988
20928,0.833999365568161
20929,0.9170034900307655
20930,0.9170034900307655
20931,0.9170034900307655
20932,0.8750066626816988
20933,0.9160139597952366
20934,0.8750066626816988
20935,0.9170034900307655
20936,1.00000761449337
20937,0.9169743862003088
20938,0.9170034900307655
20939,0.9170034900307655
20940,0.8749775588512421
20941,0.9159848559647799
20942,0.9160139597952366
20943,0.9160139597952366
20944,0.9159848559647799
20945,0.9170034900307655
20946,0.8750066626816988
20947,0.9170034900307655
20948,0.9159848559647799
20949,0.9159848559647799
20950,0.8750066626816988
20951,0.9170034900307655
20952,0.8749775588512421
20953,0.8749775588512421
20954,0.9170034900307655
20955,0.9170034900307655
20956,0.9169743862003088
20957,0.9579816833138466
20958,0.9160139597952366
20959,0.9160139597952366
20960,0.9159848559647799
20961,0.8750066626816988
20962,0.9170034900307655
20963,0.8750066626816988
20964,0.8750066626816988
20965,0.8750066626816988
20966,0.9170034900307655
20967,0.9579816833138466
20968,0.9159848559647799
20969,0.8750066626816988
20970,0.9170034900307655
20971,0.9170034900307655
20972,0.8749775588512421
20973,0.9170034900307655
20974,0.8750066626816988
20975,0.9159848559647799
20976,0.9169743862003088
20977,0.8750066626816988
20978,0.9170034900307655
20979,0.8749775588512421
20980,0.9159848559647799
20981,0.9160139597952366
20982,0.9160139597952366
20983,0.9170034900307655
20984,0.9170034900307655
20985,0.9580107871443033
20986,0.9170034900307655
20987,0.9170034900307655
20988,0.9170034900307655
20989,0.9170034900307655
20990,1.00000761449337
20991,0.9579816833138466
20992,0.9580107871443033
20993,0.9590003173798323
20994,0.8750066626816988
20995,0.9170034900307655
20996,0.9170034900307655
20997,0.8750066626816988
20998,0.9159848559647799
20999,0.9159848559647799
21000,0.9170034900307655
21001,0.9170034900307655
21002,0.8749775588512421
21003,0.9159848559647799
21004,0.9160139597952366
21005,0.9160139597952366
21006,0.9579816833138466
21007,0.9579816833138466
21008,0.8750066626816988
21009,0.9160139597952366
21010,0.9579816833138466
21011,0.9170034900307655
21012,0.9170034900307655
21013,0.8750066626816988
21014,0.9590003173798323
21015,0.9170034900307655
21016,0.8750066626816988
21017,0.9160139597952366
21018,0.8750066626816988
21019,0.8750066626816988
21020,0.9170034900307655
21021,0.9160139597952366
21022,0.9159848559647799
21023,0.8750066626816988
21024,0.8750066626816988
21025,0.9170034900307655
21026,0.9159848559647799
21027,0.8750066626816988
21028,0.8750066626816988
21029,0.8749775588512421
21030,0.9159848559647799
21031,0.9170034900307655
21032,0.9170034900307655
21033,0.8750066626816988
21034,0.8750066626816988
21035,0.9160139597952366
21036,0.9160139597952366
21037,0.9159848559647799
21038,0.9169743862003088
21039,0.9170034900307655
21040,0.9170034900307655
21041,0.9159848559647799
21042,0.9159848559647799
21043,0.9160139597952366
21044,0.9160139597952366
21045,0.9159848559647799
21046,0.9579816833138466
21047,0.833999365568161
21048,0.9170034900307655
21049,0.8749775588512421
21050,0.9170034900307655
21051,0.9160139597952366
21052,0.8750066626816988
21053,0.9170034900307655
21054,1.00000761449337
21055,0.9170034900307655
21056,0.9170034900307655
21057,0.9170034900307655
21058,0.8750066626816988
21059,0.9160139597952366
21060,0.8750066626816988
21061,0.8749775588512421
21062,0.9170034900307655
21063,0.9170034900307655
21064,0.9170034900307655
21065,0.9170034900307655
21066,0.8750066626816988
21067,0.9160139597952366
21068,0.8750066626816988
21069,0.9169743862003088
21070,1.0420044418424368
21071,0.9170034900307655
21072,0.8749775588512421
21073,0.8749775588512421
21074,0.9170034900307655
21075,0.9170034900307655
21076,0.9170034900307655
21077,0.8750066626816988
21078,0.9170034900307655
21079,0.9160139597952366
21080,0.9159848559647799
21081,0.9159848559647799
21082,0.9580107871443033
21083,0.9160139597952366
21084,0.9159848559647799
21085,0.8750066626816988
21086,0.9580107871443033
21087,0.9170034900307655
21088,0.9579816833138466
21089,0.9160139597952366
21090,0.9160139597952366
21091,1.040985807776451
21092,0.9159848559647799
21093,0.9580107871443033
21094,0.9160139597952366
21095,0.8750066626816988
21096,0.9580107871443033
21097,0.9170034900307655
21098,0.9580107871443033
21099,0.9170034900307655
21100,1.00000761449337
21101,0.9170034900307655
21102,0.9170034900307655
21103,0.9170034900307655
21104,0.9580107871443033
21105,0.9170034900307655
21106,0.9170034900307655
21107,0.8750066626816988
21108,0.9160139597952366
21109,0.9580107871443033
21110,0.9170034900307655
21111,0.9169743862003088
21112,0.8750066626816988
21113,0.8750066626816988
21114,0.9159848559647799
21115,0.9169743862003088
21116,0.9580107871443033
21117,0.9160139597952366
21118,0.9159848559647799
21119,0.9159848559647799
21120,1.00000761449337
21121,0.9590003173798323
21122,0.9590003173798323
21123,0.8750066626816988
21124,1.00000761449337
21125,0.9160139597952366
21126,0.9579816833138466
21127,0.9160139597952366
21128,0.9580107871443033
21129,0.9590003173798323
21130,0.9169743862003088
21131,0.9170034900307655
21132,0.9170034900307655
21133,0.9170034900307655
21134,0.9590003173798323
21135,0.9590003173798323
21136,0.9170034900307655
21137,0.9170034900307655
21138,0.9170034900307655
21139,0.9170034900307655
21140,0.9170034900307655
21141,0.9169743862003088
21142,0.9170034900307655
21143,0.9170034900307655
21144,0.9160139597952366
21145,0.9159848559647799
21146,0.9580107871443033
21147,0.9160139597952366
21148,0.9579816833138466
21149,0.9169743862003088
21150,0.9170034900307655
21151,0.9170034900307655
21152,0.9170034900307655
21153,0.8749775588512421
21154,0.9170034900307655
21155,0.9170034900307655
21156,0.9159848559647799
21157,0.9169743862003088
21158,0.8750066626816988
21159,0.9170034900307655
21160,0.9580107871443033
21161,0.9170034900307655
21162,0.9170034900307655
21163,0.9160139597952366
21164,0.8750066626816988
21165,0.9580107871443033
21166,0.9170034900307655
21167,0.9170034900307655
21168,0.9169743862003088
21169,0.8750066626816988
21170,0.9160139597952366
21171,0.8750066626816988
21172,0.8749775588512421
21173,0.9170034900307655
21174,0.9170034900307655
21175,0.8750066626816988
21176,0.9159848559647799
21177,0.9579816833138466
21178,0.9590003173798323
21179,0.8750066626816988
21180,0.8750066626816988
21181,0.9160139597952366
21182,0.9160139597952366
21183,0.9159848559647799
21184,0.9579816833138466
21185,0.9160139597952366
21186,0.9160139597952366
21187,0.9170034900307655
21188,0.9999785106629133
21189,0.9580107871443033
21190,0.9170034900307655
21191,0.9579816833138466
21192,0.9170034900307655
21193,0.9170034900307655
21194,0.9170034900307655
21195,0.9169743862003088
21196,0.9170034900307655
21197,0.9160139597952366
21198,0.9160139597952366
21199,0.9170034900307655
21200,0.9170034900307655
21201,0.8750066626816988
21202,0.9170034900307655
21203,0.9159848559647799
21204,0.9170034900307655
21205,0.9170034900307655
21206,0.9170034900307655
21207,0.9579816833138466
21208,0.9580107871443033
21209,0.9160139597952366
21210,0.9159848559647799
21211,0.9159848559647799
21212,0.8750066626816988
21213,0.9580107871443033
21214,0.9579816833138466
21215,0.9170034900307655
21216,1.00000761449337
21217,0.9170034900307655
21218,0.9170034900307655
21219,0.9170034900307655
21220,0.9170034900307655
21221,0.8750066626816988
21222,0.9579816833138466
21223,0.9580107871443033
21224,0.9170034900307655
21225,0.9170034900307655
21226,0.9169743862003088
21227,0.8750066626816988
21228,0.9160139597952366
21229,0.8750066626816988
21230,0.8749775588512421
21231,0.8750066626816988
21232,0.9170034900307655
21233,0.8750066626816988
21234,0.9159848559647799
21235,0.9170034900307655
21236,0.9170034900307655
21237,0.9170034900307655
21238,0.8749775588512421
21239,0.8750066626816988
21240,0.9170034900307655
21241,0.9170034900307655
21242,0.9159848559647799
21243,0.8750066626816988
21244,0.9170034900307655
21245,0.8750066626816988
21246,0.9170034900307655
21247,0.9160139597952366
21248,0.9580107871443033
21249,0.8749775588512421
21250,0.9159848559647799
21251,0.9160139597952366
21252,0.9160139597952366
21253,0.9170034900307655
21254,0.8750066626816988
21255,0.8750066626816988
21256,0.9160139597952366
21257,0.9159848559647799
21258,0.9580107871443033
21259,0.9160139597952366
21260,0.8750066626816988
21261,0.9170034900307655
21262,0.8750066626816988
21263,0.9160139597952366
21264,0.9160139597952366
21265,0.8750066626816988
21266,0.8330098353326321
21267,0.9160139597952366
21268,0.9160139597952366
21269,0.9159848559647799
21270,0.9159848559647799
21271,0.9580107871443033
21272,0.9170034900307655
21273,0.9170034900307655
21274,0.9160139597952366
21275,0.9580107871443033
21276,0.9159848559647799
21277,0.9159848559647799
21278,0.9170034900307655
21279,0.8750066626816988
21280,0.8749775588512421
21281,0.9159848559647799
21282,0.9580107871443033
21283,0.8750066626816988
21284,0.9170034900307655
21285,0.9170034900307655
21286,0.9160139597952366
21287,0.9170034900307655
21288,0.9170034900307655
21289,0.8750066626816988
21290,0.9160139597952366
21291,0.8750066626816988
21292,0.9170034900307655
21293,0.9170034900307655
21294,0.8750066626816988
21295,0.9160139597952366
21296,0.8750066626816988
21297,0.9170034900307655
21298,0.9170034900307655
21299,0.9160139597952366
21300,0.9579816833138466
21301,0.8750066626816988
21302,0.8750066626816988
21303,0.9170034900307655
21304,0.9169743862003088
21305,0.8750066626816988
21306,0.8330098353326321
21307,0.9170034900307655
21308,0.9579816833138466
21309,0.9170034900307655
21310,0.9170034900307655
21311,0.8750066626816988
21312,0.8750066626816988
21313,0.9170034900307655
21314,0.9170034900307655
21315,0.9160139597952366
21316,0.9170034900307655
21317,0.9170034900307655
21318,0.8330098353326321
21319,0.9159848559647799
21320,0.9579816833138466
21321,0.8750066626816988
21322,0.8750066626816988
21323,0.8749775588512421
21324,0.8749775588512421
21325,0.9170034900307655
21326,0.8750066626816988
21327,0.8750066626816988
21328,0.8749775588512421
21329,0.8750066626816988
21330,0.8750066626816988
21331,0.9170034900307655
21332,0.9579816833138466
21333,0.8750066626816988
21334,0.9170034900307655
21335,0.8749775588512421
21336,0.9159848559647799
21337,0.8750066626816988
21338,0.8750066626816988
21339,0.8750066626816988
21340,0.8749775588512421
21341,0.9160139597952366
21342,0.9160139597952366
21343,0.8750066626816988
21344,0.8749775588512421
21345,0.8750066626816988
21346,0.8750066626816988
21347,0.8750066626816988
21348,0.9159848559647799
21349,0.9160139597952366
21350,0.9580107871443033
21351,0.8749775588512421
21352,0.9159848559647799
21353,0.8750066626816988
21354,0.9170034900307655
21355,0.9170034900307655
21356,0.9590003173798323
21357,0.9170034900307655
21358,0.8750066626816988
21359,0.8750066626816988
21360,0.8750066626816988
21361,0.8750066626816988
21362,0.9170034900307655
21363,0.8749775588512421
21364,0.8750066626816988
21365,0.8750066626816988
21366,0.8750066626816988
21367,0.9159848559647799
21368,0.9159848559647799
21369,0.9160139597952366
21370,0.9580107871443033
21371,0.8750066626816988
21372,0.8750066626816988
21373,0.8750066626816988
21374,0.9580107871443033
21375,0.8749775588512421
21376,0.8750066626816988
21377,0.8750066626816988
21378,0.8330098353326321
21379,0.9169743862003088
21380,0.9159848559647799
21381,0.9170034900307655
21382,0.9170034900307655
21383,0.8749775588512421
21384,0.9159848559647799
21385,0.9170034900307655
21386,0.8750066626816988
21387,0.9169743862003088
21388,0.9170034900307655
21389,0.9160139597952366
21390,0.8750066626816988
21391,0.9169743862003088
21392,0.8750066626816988
21393,0.8750066626816988
21394,0.8750066626816988
21395,0.8750066626816988
21396,0.9580107871443033
21397,0.8750066626816988
21398,0.9159848559647799
21399,0.8749775588512421
21400,0.8750066626816988
21401,0.8750066626816988
21402,0.9159848559647799
21403,0.9159848559647799
21404,0.8750066626816988
21405,0.8750066626816988
21406,0.9170034900307655
21407,0.9159848559647799
21408,0.9160139597952366
21409,0.8750066626816988
21410,0.8750066626816988
21411,0.8750066626816988
21412,0.8750066626816988
21413,0.8750066626816988
21414,0.8749775588512421
21415,0.9169743862003088
21416,0.9170034900307655
21417,0.9170034900307655
21418,0.9159848559647799
21419,0.8749775588512421
21420,0.9170034900307655
21421,0.8750066626816988
21422,0.8750066626816988
21423,0.9169743862003088
21424,0.9170034900307655
21425,0.9580107871443033
21426,0.9159848559647799
21427,0.9159848559647799
21428,0.8750066626816988
21429,0.9170034900307655
21430,0.9170034900307655
21431,0.9170034900307655
21432,0.8750066626816988
21433,0.9160139597952366
21434,0.8750066626816988
21435,0.8750066626816988
21436,0.9170034900307655
21437,0.9160139597952366
21438,0.8750066626816988
21439,0.9170034900307655
21440,0.9170034900307655
21441,0.9170034900307655
21442,0.9169743862003088
21443,0.9170034900307655
21444,0.9580107871443033
21445,0.8750066626816988
21446,1.00000761449337
21447,0.8750066626816988
21448,0.9580107871443033
21449,0.8750066626816988
21450,0.9160139597952366
21451,0.9170034900307655
21452,0.9170034900307655
21453,0.8749775588512421
21454,0.9170034900307655
21455,0.8750066626816988
21456,0.9159848559647799
21457,0.9169743862003088
21458,0.9170034900307655
21459,0.8750066626816988
21460,0.9580107871443033
21461,0.8750066626816988
21462,0.8750066626816988
21463,0.8750066626816988
21464,0.9590003173798323
21465,0.9170034900307655
21466,0.9170034900307655
21467,0.9160139597952366
21468,0.8750066626816988
21469,0.9170034900307655
21470,0.8750066626816988
21471,0.8750066626816988
21472,0.8749775588512421
21473,0.8750066626816988
21474,0.8750066626816988
21475,0.8750066626816988
21476,0.8749775588512421
21477,0.9159848559647799
21478,0.8330098353326321
21479,0.8750066626816988
21480,1.040985807776451
21481,0.8749775588512421
21482,0.9170034900307655
21483,0.8750066626816988
21484,0.8750066626816988
21485,1.0420044418424368
21486,0.8750066626816988
21487,0.8750066626816988
21488,0.9159848559647799
21489,1.00000761449337
21490,0.9170034900307655
21491,1.0420044418424368
21492,0.9590003173798323
21493,0.9170034900307655
21494,0.9170034900307655
21495,0.8750066626816988
21496,0.8749775588512421
21497,0.9170034900307655
21498,0.8750066626816988
21499,0.8750066626816988
21500,0.9170034900307655
21501,0.9170034900307655
21502,0.8750066626816988
21503,0.8750066626816988
21504,0.9590003173798323
21505,0.8750066626816988
21506,0.8750066626816988
21507,0.9159848559647799
21508,0.8329807315021753
21509,0.9170034900307655
21510,0.9160139597952366
21511,0.9170034900307655
21512,0.8330098353326321
21513,0.8750066626816988
21514,0.9580107871443033
21515,0.8750066626816988
21516,0.9170034900307655
21517,0.8750066626816988
21518,0.8750066626816988
21519,0.8749775588512421
21520,0.9159848559647799
21521,0.9580107871443033
21522,0.9170034900307655
21523,0.8749775588512421
21524,0.8749775588512421
21525,0.8750066626816988
21526,0.8750066626816988
21527,0.8749775588512421
21528,0.8750066626816988
21529,0.9170034900307655
21530,0.9170034900307655
21531,0.9169743862003088
21532,0.9159848559647799
21533,0.8750066626816988
21534,0.8750066626816988
21535,0.9169743862003088
21536,0.9170034900307655
21537,0.833999365568161
21538,0.9170034900307655
21539,0.9589712135493755
21540,0.833999365568161
21541,0.8750066626816988
21542,0.9590003173798323
21543,0.9170034900307655
21544,0.9160139597952366
21545,0.9160139597952366
21546,0.8330098353326321
21547,0.8750066626816988
21548,0.8750066626816988
21549,0.8750066626816988
21550,0.8749775588512421
21551,0.8749775588512421
21552,0.8750066626816988
21553,0.9160139597952366
21554,0.8750066626816988
21555,0.9170034900307655
21556,0.833999365568161
21557,0.8750066626816988
21558,0.9590003173798323
21559,0.8749775588512421
21560,0.8750066626816988
21561,0.8750066626816988
21562,0.8750066626816988
21563,0.8750066626816988
21564,0.8750066626816988
21565,0.833999365568161
21566,0.9579816833138466
21567,0.8749775588512421
21568,0.8330098353326321
21569,0.9160139597952366
21570,0.8750066626816988
21571,0.8749775588512421
21572,0.9170034900307655
21573,0.9580107871443033
21574,0.8749775588512421
21575,0.9159848559647799
21576,0.8750066626816988
21577,0.9170034900307655
21578,0.8749775588512421
21579,0.9159848559647799
21580,0.8750066626816988
21581,0.8750066626816988
21582,0.8749775588512421
21583,0.8749775588512421
21584,0.8750066626816988
21585,0.8750066626816988
21586,0.8330098353326321
21587,1.00000761449337
21588,0.9170034900307655
21589,0.8750066626816988
21590,0.8749775588512421
21591,0.9170034900307655
21592,0.9160139597952366
21593,0.8750066626816988
21594,0.8749775588512421
21595,0.9159848559647799
21596,0.8750066626816988
21597,0.8750066626816988
21598,0.9169743862003088
21599,0.9170034900307655
21600,0.8750066626816988
21601,0.8750066626816988
21602,0.8749775588512421
21603,0.9159848559647799
21604,0.9170034900307655
21605,0.8750066626816988
21606,0.9169743862003088
21607,0.9159848559647799
21608,0.9160139597952366
21609,0.9170034900307655
21610,0.9170034900307655
21611,0.9170034900307655
21612,0.8750066626816988
21613,0.8750066626816988
21614,0.8749775588512421
21615,0.8750066626816988
21616,0.8750066626816988
21617,0.8330098353326321
21618,0.8750066626816988
21619,0.9170034900307655
21620,0.9170034900307655
21621,0.8750066626816988
21622,0.8749775588512421
21623,0.9159848559647799
21624,0.8750066626816988
21625,0.8750066626816988
21626,0.8750066626816988
21627,0.8750066626816988
21628,0.9170034900307655
21629,0.8750066626816988
21630,0.8750066626816988
21631,0.8750066626816988
21632,0.9170034900307655
21633,0.8750066626816988
21634,0.8749775588512421
21635,0.8750066626816988
21636,0.9580107871443033
21637,0.8750066626816988
21638,0.8749775588512421
21639,0.8750066626816988
21640,0.8750066626816988
21641,0.8750066626816988
21642,0.9170034900307655
21643,0.9590003173798323
21644,0.8750066626816988
21645,0.8749775588512421
21646,0.8749775588512421
21647,0.9580107871443033
21648,0.9170034900307655
21649,0.8750066626816988
21650,0.9170034900307655
21651,0.9580107871443033
21652,0.9590003173798323
21653,0.9170034900307655
21654,0.8750066626816988
21655,0.9160139597952366
21656,0.9160139597952366
21657,0.9170034900307655
21658,0.8750066626816988
21659,0.9170034900307655
21660,0.9170034900307655
21661,0.8749775588512421
21662,0.8749775588512421
21663,0.9170034900307655
21664,0.9170034900307655
21665,0.9590003173798323
21666,0.9170034900307655
21667,0.9170034900307655
21668,0.9170034900307655
21669,0.9999785106629133
21670,0.9170034900307655
21671,0.9170034900307655
21672,0.9159848559647799
21673,0.8749775588512421
21674,0.8750066626816988
21675,0.9160139597952366
21676,0.8330098353326321
21677,0.9170034900307655
21678,0.9160139597952366
21679,0.9170034900307655
21680,0.9170034900307655
21681,0.9169743862003088
21682,0.9590003173798323
21683,0.8750066626816988
21684,0.9170034900307655
21685,0.9170034900307655
21686,0.8750066626816988
21687,0.9580107871443033
21688,0.9579816833138466
21689,0.8750066626816988
21690,0.833999365568161
21691,0.8750066626816988
21692,0.8749775588512421
21693,0.8749775588512421
21694,0.8750066626816988
21695,0.8750066626816988
21696,0.8749775588512421
21697,0.8750066626816988
21698,0.9170034900307655
21699,0.8750066626816988
21700,0.8750066626816988
21701,0.8750066626816988
21702,0.9160139597952366
21703,0.9170034900307655
21704,0.8749775588512421
21705,0.8749775588512421
21706,0.9170034900307655
21707,0.9170034900307655
21708,0.8749775588512421
21709,0.8749775588512421
21710,0.8750066626816988
21711,0.9170034900307655
21712,0.9169743862003088
21713,0.9159848559647799
21714,0.8750066626816988
21715,0.9170034900307655
21716,0.9159848559647799
21717,1.00000761449337
21718,0.9170034900307655
21719,0.8750066626816988
21720,0.9579816833138466
21721,0.8750066626816988
21722,0.8750066626816988
21723,0.8750066626816988
21724,0.833999365568161
21725,0.8750066626816988
21726,0.833999365568161
21727,0.8750066626816988
21728,0.8749775588512421
21729,0.9159848559647799
21730,0.9170034900307655
21731,0.9170034900307655
21732,0.8749775588512421
21733,0.8749775588512421
21734,0.8750066626816988
21735,0.9590003173798323
21736,0.8749775588512421
21737,0.9160139597952366
21738,0.8750066626816988
21739,0.8750066626816988
21740,0.9169743862003088
21741,0.9170034900307655
21742,0.8750066626816988
21743,0.8750066626816988
21744,0.8749775588512421
21745,0.9170034900307655
21746,0.9160139597952366
21747,0.8750066626816988
21748,0.833999365568161
21749,0.9170034900307655
21750,0.8750066626816988
21751,0.9590003173798323
21752,0.8749775588512421
21753,0.8750066626816988
21754,0.9160139597952366
21755,0.8750066626816988
21756,0.8750066626816988
21757,0.9160139597952366
21758,0.9160139597952366
21759,0.9170034900307655
21760,0.9170034900307655
21761,1.00000761449337
21762,0.9160139597952366
21763,0.9579816833138466
21764,0.9579816833138466
21765,0.9160139597952366
21766,0.9170034900307655
21767,0.9170034900307655
21768,0.9170034900307655
21769,0.9160139597952366
21770,0.8750066626816988
21771,0.8749775588512421
21772,0.8749775588512421
21773,0.9170034900307655
21774,0.9590003173798323
21775,0.9169743862003088
21776,0.9579816833138466
21777,0.9170034900307655
21778,0.9580107871443033
21779,0.9579816833138466
21780,0.9160139597952366
21781,0.9160139597952366
21782,0.8750066626816988
21783,0.9590003173798323
21784,0.9580107871443033
21785,0.9170034900307655
21786,0.9579816833138466
21787,0.8749775588512421
21788,0.8750066626816988
21789,0.8750066626816988
21790,0.8329807315021753
21791,0.9159848559647799
21792,0.8330098353326321
21793,0.9170034900307655
21794,0.8749775588512421
21795,0.8749775588512421
21796,0.9170034900307655
21797,0.9170034900307655
21798,0.9580107871443033
21799,0.8750066626816988
21800,0.8750066626816988
21801,0.9580107871443033
21802,0.8750066626816988
21803,0.9580107871443033
21804,0.9170034900307655
21805,0.9170034900307655
21806,0.9159848559647799
21807,0.8750066626816988
21808,0.8750066626816988
21809,0.8750066626816988
21810,0.8749775588512421
21811,0.8750066626816988
21812,1.00000761449337
21813,0.9580107871443033
21814,0.9170034900307655
21815,0.9170034900307655
21816,0.9170034900307655
21817,0.9170034900307655
21818,0.8749775588512421
21819,0.9160139597952366
21820,0.8750066626816988
21821,0.8750066626816988
21822,0.9590003173798323
21823,0.9170034900307655
21824,0.8750066626816988
21825,0.9159848559647799
21826,0.9159848559647799
21827,0.9170034900307655
21828,0.9170034900307655
21829,0.9170034900307655
21830,0.8749775588512421
21831,0.8750066626816988
21832,0.8750066626816988
21833,0.8750066626816988
21834,0.9579816833138466
21835,0.9170034900307655
21836,0.8750066626816988
21837,0.9159848559647799
21838,0.8749775588512421
21839,0.8750066626816988
21840,0.833999365568161
21841,0.9170034900307655
21842,0.9579816833138466
21843,0.8750066626816988
21844,0.9580107871443033
21845,0.8750066626816988
21846,0.9170034900307655
21847,0.8750066626816988
21848,0.8750066626816988
21849,0.9159848559647799
21850,0.8749775588512421
21851,0.9170034900307655
21852,0.833999365568161
21853,0.8750066626816988
21854,0.8750066626816988
21855,0.8750066626816988
21856,0.9170034900307655
21857,0.8750066626816988
21858,0.9170034900307655
21859,0.8750066626816988
21860,0.9170034900307655
21861,0.9159848559647799
21862,0.9170034900307655
21863,0.9170034900307655
21864,0.9170034900307655
21865,0.8749775588512421
21866,0.9159848559647799
21867,0.9170034900307655
21868,0.8750066626816988
21869,0.8749775588512421
21870,0.9159848559647799
21871,0.8750066626816988
21872,0.9580107871443033
21873,0.9579816833138466
21874,0.8749775588512421
21875,0.9170034900307655
21876,0.8750066626816988
21877,0.9159848559647799
21878,0.9159848559647799
21879,0.9160139597952366
21880,0.9170034900307655
21881,0.9170034900307655
21882,0.8750066626816988
21883,0.8750066626816988
21884,0.8330098353326321
21885,0.8749775588512421
21886,0.9160139597952366
21887,0.8330098353326321
21888,0.9170034900307655
21889,0.8750066626816988
21890,0.9170034900307655
21891,0.9170034900307655
21892,0.8750066626816988
21893,0.8749775588512421
21894,0.8750066626816988
21895,0.8750066626816988
21896,0.8750066626816988
21897,0.9169743862003088
21898,0.8750066626816988
21899,0.8750066626816988
21900,0.8330098353326321
21901,0.8750066626816988
21902,0.8750066626816988
21903,0.8750066626816988
21904,0.9170034900307655
21905,0.9159848559647799
21906,0.9580107871443033
21907,0.9170034900307655
21908,0.8329807315021753
21909,0.8329807315021753
21910,0.9170034900307655
21911,0.9170034900307655
21912,0.8749775588512421
21913,0.9159848559647799
21914,0.8750066626816988
21915,0.9170034900307655
21916,0.833999365568161
21917,0.8749775588512421
21918,0.833999365568161
21919,0.8750066626816988
21920,0.8749775588512421
21921,0.9169743862003088
21922,0.8750066626816988
21923,0.9160139597952366
21924,0.8750066626816988
21925,0.8749775588512421
21926,0.8750066626816988
21927,0.8750066626816988
21928,0.8749775588512421
21929,0.8749775588512421
21930,0.9170034900307655
21931,0.8750066626816988
21932,0.8750066626816988
21933,0.8749775588512421
21934,0.9170034900307655
21935,0.8750066626816988
21936,0.8750066626816988
21937,0.8750066626816988
21938,0.9160139597952366
21939,0.8750066626816988
21940,0.8750066626816988
21941,0.8749775588512421
21942,0.8750066626816988
21943,0.8750066626816988
21944,0.8749775588512421
21945,0.9169743862003088
21946,0.9170034900307655
21947,0.8750066626816988
21948,0.8750066626816988
21949,0.8749775588512421
21950,0.833999365568161
21951,0.8750066626816988
21952,0.8749775588512421
21953,0.8749775588512421
21954,0.8750066626816988
21955,0.9160139597952366
21956,0.9999785106629133
21957,0.9170034900307655
21958,0.8750066626816988
21959,0.9159848559647799
21960,0.9169743862003088
21961,0.8750066626816988
21962,0.9160139597952366
21963,0.9159848559647799
21964,0.9169743862003088
21965,0.8750066626816988
21966,0.833999365568161
21967,0.9170034900307655
21968,0.8749775588512421
21969,0.9170034900307655
21970,0.8750066626816988
21971,0.8330098353326321
21972,0.9170034900307655
21973,0.8750066626816988
21974,0.8750066626816988
21975,0.9170034900307655
21976,0.9170034900307655
21977,0.8750066626816988
21978,0.8750066626816988
21979,0.8750066626816988
21980,0.833999365568161
21981,0.9170034900307655
21982,0.8750066626816988
21983,0.9159848559647799
21984,0.8749775588512421
21985,0.9590003173798323
21986,0.9170034900307655
21987,0.8749775588512421
21988,0.9159848559647799
21989,0.8750066626816988
21990,0.9170034900307655
21991,0.9159848559647799
21992,0.9170034900307655
21993,0.8330098353326321
21994,0.9160139597952366
21995,0.8750066626816988
21996,0.8750066626816988
21997,0.9170034900307655
21998,0.9170034900307655
21999,0.9169743862003088
22000,0.8750066626816988
22001,0.9160139597952366
22002,0.8750066626816988
22003,0.8749775588512421
22004,0.8749775588512421
22005,0.8750066626816988
22006,0.9590003173798323
22007,0.8749775588512421
22008,0.8750066626816988
22009,0.8750066626816988
22010,0.9170034900307655
22011,0.8749775588512421
22012,0.9170034900307655
22013,0.9580107871443033
22014,0.9580107871443033
22015,0.8749775588512421
22016,0.9160139597952366
22017,0.9160139597952366
22018,0.9159848559647799
22019,0.9159848559647799
22020,0.9160139597952366
22021,0.9580107871443033
22022,0.8750066626816988
22023,0.9169743862003088
22024,0.9170034900307655
22025,0.8750066626816988
22026,0.9590003173798323
22027,0.8749775588512421
22028,0.833999365568161
22029,0.8750066626816988
22030,0.8749775588512421
22031,0.9169743862003088
22032,0.9170034900307655
22033,0.8750066626816988
22034,0.9159848559647799
22035,0.9159848559647799
22036,0.8750066626816988
22037,0.8750066626816988
22038,0.9169743862003088
22039,0.9579816833138466
22040,0.9160139597952366
22041,0.8750066626816988
22042,0.8749775588512421
22043,0.8750066626816988
22044,0.9160139597952366
22045,0.9170034900307655
22046,0.8749775588512421
22047,0.9170034900307655
22048,0.9170034900307655
22049,0.9170034900307655
22050,0.8749775588512421
22051,0.8749775588512421
22052,0.8750066626816988
22053,0.9170034900307655
22054,0.9579816833138466
22055,0.9159848559647799
22056,0.9160139597952366
22057,0.8750066626816988
22058,0.8749775588512421
22059,0.8750066626816988
22060,0.9160139597952366
22061,0.9160139597952366
22062,0.9579816833138466
22063,0.8750066626816988
22064,0.9170034900307655
22065,0.9590003173798323
22066,0.9170034900307655
22067,0.833999365568161
22068,0.8750066626816988
22069,0.9170034900307655
22070,0.8750066626816988
22071,0.9160139597952366
22072,0.9160139597952366
22073,0.9579816833138466
22074,0.9169743862003088
22075,0.9170034900307655
22076,0.9170034900307655
22077,0.8750066626816988
22078,0.9169743862003088
22079,0.8750066626816988
22080,0.9590003173798323
22081,0.8329807315021753
22082,0.8749775588512421
22083,0.9170034900307655
22084,0.9160139597952366
22085,0.9170034900307655
22086,0.9170034900307655
22087,0.8750066626816988
22088,0.9170034900307655
22089,0.9169743862003088
22090,0.8750066626816988
22091,0.9160139597952366
22092,0.9580107871443033
22093,0.8750066626816988
22094,0.8750066626816988
22095,0.9160139597952366
22096,0.8750066626816988
22097,0.9169743862003088
22098,0.9170034900307655
22099,0.9160139597952366
22100,0.8750066626816988
22101,0.9579816833138466
22102,0.8750066626816988
22103,0.9590003173798323
22104,0.8750066626816988
22105,0.8749775588512421
22106,0.9159848559647799
22107,0.9170034900307655
22108,0.9170034900307655
22109,0.9159848559647799
22110,0.8750066626816988
22111,0.9170034900307655
22112,0.9160139597952366
22113,0.8750066626816988
22114,0.9170034900307655
22115,0.9170034900307655
22116,0.9170034900307655
22117,0.9170034900307655
22118,0.9170034900307655
22119,0.9160139597952366
22120,0.9159848559647799
22121,0.9169743862003088
22122,0.8750066626816988
22123,0.8750066626816988
22124,0.9579816833138466
22125,0.9579816833138466
22126,0.9170034900307655
22127,0.9160139597952366
22128,0.9580107871443033
22129,0.9170034900307655
22130,0.9170034900307655
22131,0.9160139597952366
22132,0.8750066626816988
22133,0.8750066626816988
22134,0.9160139597952366
22135,0.9160139597952366
22136,0.9579816833138466
22137,0.9170034900307655
22138,0.8750066626816988
22139,0.9160139597952366
22140,0.9579816833138466
22141,0.8750066626816988
22142,0.9160139597952366
22143,0.9160139597952366
22144,0.9170034900307655
22145,0.9590003173798323
22146,0.9170034900307655
22147,1.0420044418424368
22148,0.9170034900307655
22149,0.8750066626816988
22150,0.9160139597952366
22151,0.9159848559647799
22152,0.9159848559647799
22153,0.9580107871443033
22154,0.8750066626816988
22155,0.9579816833138466
22156,0.8749775588512421
22157,0.8750066626816988
22158,0.9590003173798323
22159,0.9170034900307655
22160,0.8750066626816988
22161,0.9160139597952366
22162,0.8750066626816988
22163,0.8749775588512421
22164,0.9170034900307655
22165,0.8750066626816988
22166,0.9160139597952366
22167,0.9170034900307655
22168,0.8330098353326321
22169,0.9160139597952366
22170,0.9160139597952366
22171,0.9159848559647799
22172,0.8749775588512421
22173,0.9170034900307655
22174,0.9170034900307655
22175,0.8749775588512421
22176,0.8750066626816988
22177,0.8750066626816988
22178,0.9170034900307655
22179,0.9170034900307655
22180,0.8750066626816988
22181,0.9170034900307655
22182,0.8749775588512421
22183,0.8749775588512421
22184,0.8750066626816988
22185,0.8750066626816988
22186,0.9159848559647799
22187,0.8749775588512421
22188,0.9170034900307655
22189,0.9170034900307655
22190,0.8750066626816988
22191,0.9170034900307655
22192,0.9170034900307655
22193,0.8750066626816988
22194,0.8750066626816988
22195,0.9590003173798323
22196,0.9580107871443033
22197,0.9170034900307655
22198,0.9170034900307655
22199,0.9170034900307655
22200,0.9590003173798323
22201,0.8750066626816988
22202,0.9169743862003088
22203,0.9579816833138466
22204,0.8750066626816988
22205,0.8750066626816988
22206,0.8749775588512421
22207,0.9170034900307655
22208,0.9160139597952366
22209,0.9580107871443033
22210,0.8329807315021753
22211,0.9590003173798323
22212,0.9170034900307655
22213,0.9170034900307655
22214,0.9169743862003088
22215,0.9170034900307655
22216,0.9580107871443033
22217,0.8750066626816988
22218,0.8749775588512421
22219,0.9160139597952366
22220,0.9160139597952366
22221,0.9579816833138466
22222,0.8749775588512421
22223,0.9170034900307655
22224,0.9590003173798323
22225,0.8750066626816988
22226,0.8750066626816988
22227,0.9160139597952366
22228,0.9170034900307655
22229,0.9170034900307655
22230,0.8749775588512421
22231,0.8750066626816988
22232,0.8750066626816988
22233,0.9170034900307655
22234,0.8749775588512421
22235,0.9160139597952366
22236,0.8330098353326321
22237,0.9170034900307655
22238,0.8750066626816988
22239,0.8750066626816988
22240,0.8750066626816988
22241,0.8749775588512421
22242,0.8749775588512421
22243,0.9170034900307655
22244,0.9170034900307655
22245,0.8749775588512421
22246,0.9159848559647799
22247,0.9580107871443033
22248,0.9580107871443033
22249,0.9159848559647799
22250,0.9159848559647799
22251,0.9160139597952366
22252,0.8750066626816988
22253,0.9169743862003088
22254,0.9170034900307655
22255,0.8750066626816988
22256,0.9160139597952366
22257,0.9159848559647799
22258,0.8749775588512421
22259,0.9170034900307655
22260,0.9590003173798323
22261,0.9170034900307655
22262,0.8750066626816988
22263,0.8750066626816988
22264,0.9170034900307655
22265,0.9169743862003088
22266,0.9170034900307655
22267,0.9170034900307655
22268,0.9170034900307655
22269,0.9170034900307655
22270,0.9170034900307655
22271,0.8750066626816988
22272,0.9159848559647799
22273,0.9159848559647799
22274,0.9170034900307655
22275,0.9170034900307655
22276,0.8750066626816988
22277,0.8750066626816988
22278,0.9160139597952366
22279,0.9160139597952366
22280,0.9170034900307655
22281,0.8750066626816988
22282,0.9170034900307655
22283,0.8750066626816988
22284,0.9579816833138466
22285,0.8749775588512421
22286,0.9170034900307655
22287,0.9170034900307655
22288,0.8749775588512421
22289,0.9159848559647799
22290,0.9170034900307655
22291,0.9170034900307655
22292,0.8749775588512421
22293,0.9580107871443033
22294,0.9580107871443033
22295,0.8750066626816988
22296,0.9579816833138466
22297,0.8749775588512421
22298,0.8750066626816988
22299,0.9170034900307655
22300,0.8749775588512421
22301,0.8750066626816988
22302,0.8750066626816988
22303,0.9170034900307655
22304,0.9579816833138466
22305,0.9580107871443033
22306,0.9170034900307655
22307,0.9170034900307655
22308,0.9159848559647799
22309,0.9170034900307655
22310,0.9170034900307655
22311,0.8750066626816988
22312,0.9170034900307655
22313,0.8750066626816988
22314,0.9170034900307655
22315,0.8750066626816988
22316,0.8750066626816988
22317,0.8750066626816988
22318,0.8750066626816988
22319,0.9159848559647799
22320,0.9159848559647799
22321,0.9170034900307655
22322,0.9170034900307655
22323,0.9590003173798323
22324,0.9590003173798323
22325,0.9170034900307655
22326,0.9170034900307655
22327,0.8749775588512421
22328,0.8749775588512421
22329,0.9170034900307655
22330,0.9170034900307655
22331,0.9579816833138466
22332,0.9170034900307655
22333,0.9160139597952366
22334,0.9580107871443033
22335,0.9159848559647799
22336,0.9159848559647799
22337,0.9160139597952366
22338,0.8750066626816988
22339,0.8749775588512421
22340,0.9159848559647799
22341,0.8750066626816988
22342,0.9170034900307655
22343,0.9170034900307655
22344,0.8750066626816988
22345,0.9160139597952366
22346,0.9170034900307655
22347,0.9169743862003088
22348,0.9170034900307655
22349,0.8750066626816988
22350,0.9170034900307655
22351,0.8750066626816988
22352,0.9580107871443033
22353,0.9160139597952366
22354,0.9579816833138466
22355,0.9579816833138466
22356,0.8750066626816988
22357,0.8750066626816988
22358,0.8749775588512421
22359,0.9579816833138466
22360,0.9170034900307655
22361,0.8750066626816988
22362,0.8749775588512421
22363,0.9579816833138466
22364,0.8750066626816988
22365,0.9170034900307655
22366,0.9170034900307655
22367,0.9170034900307655
22368,0.9170034900307655
22369,0.9170034900307655
22370,0.9170034900307655
22371,0.8750066626816988
22372,0.8750066626816988
22373,0.9160139597952366
22374,0.9159848559647799
22375,0.8749775588512421
22376,0.8750066626816988
22377,0.9170034900307655
22378,0.9159848559647799
22379,0.9159848559647799
22380,0.9170034900307655
22381,0.9170034900307655
22382,0.9170034900307655
22383,0.8750066626816988
22384,0.9170034900307655
22385,0.9170034900307655
22386,0.9159848559647799
22387,0.9170034900307655
22388,0.9170034900307655
22389,0.9170034900307655
22390,0.9159848559647799
22391,0.9160139597952366
22392,0.9580107871443033
22393,0.9159848559647799
22394,0.9579816833138466
22395,0.9170034900307655
22396,0.9170034900307655
22397,0.9170034900307655
22398,0.8750066626816988
22399,0.9160139597952366
22400,0.9170034900307655
22401,0.8749775588512421
22402,0.9590003173798323
22403,0.9170034900307655
22404,0.9590003173798323
22405,0.8749775588512421
22406,0.9170034900307655
22407,0.8750066626816988
22408,0.9170034900307655
22409,0.9170034900307655
22410,0.9170034900307655
22411,0.8750066626816988
22412,0.9580107871443033
22413,0.9170034900307655
22414,0.9170034900307655
22415,0.9170034900307655
22416,0.9590003173798323
22417,0.9170034900307655
22418,0.8750066626816988
22419,0.8750066626816988
22420,0.9170034900307655
22421,0.9169743862003088
22422,0.9590003173798323
22423,0.9170034900307655
22424,0.8750066626816988
22425,0.8750066626816988
22426,0.8750066626816988
22427,0.9170034900307655
22428,0.9170034900307655
22429,0.8750066626816988
22430,0.8750066626816988
22431,0.8750066626816988
22432,0.9590003173798323
22433,0.9170034900307655
22434,0.9170034900307655
22435,0.8750066626816988
22436,0.9159848559647799
22437,0.8749775588512421
22438,0.9170034900307655
22439,0.9170034900307655
22440,0.8749775588512421
22441,0.9159848559647799
22442,0.9170034900307655
22443,0.8750066626816988
22444,0.9169743862003088
22445,0.9590003173798323
22446,0.9170034900307655
22447,0.9170034900307655
22448,0.8749775588512421
22449,0.8750066626816988
22450,0.9170034900307655
22451,0.9170034900307655
22452,0.9170034900307655
22453,0.9170034900307655
22454,0.8750066626816988
22455,0.9159848559647799
22456,0.8749775588512421
22457,0.8750066626816988
22458,0.9170034900307655
22459,0.9159848559647799
22460,0.8749775588512421
22461,0.9170034900307655
22462,0.9170034900307655
22463,0.9590003173798323
22464,0.8749775588512421
22465,0.8750066626816988
22466,1.040985807776451
22467,0.8749775588512421
22468,0.9580107871443033
22469,0.9160139597952366
22470,0.9170034900307655
22471,0.9170034900307655
22472,0.8750066626816988
22473,0.8750066626816988
22474,0.9579816833138466
22475,0.8750066626816988
22476,0.8750066626816988
22477,0.9170034900307655
22478,0.9169743862003088
22479,0.8750066626816988
22480,0.9170034900307655
22481,0.8750066626816988
22482,0.9579816833138466
22483,0.8750066626816988
22484,0.9160139597952366
22485,0.8750066626816988
22486,0.9170034900307655
22487,0.8750066626816988
22488,0.8750066626816988
22489,0.8750066626816988
22490,0.8750066626816988
22491,0.9170034900307655
22492,0.9170034900307655
22493,0.833999365568161
22494,0.9170034900307655
22495,0.9170034900307655
22496,0.9170034900307655
22497,0.8750066626816988
22498,0.9159848559647799
22499,0.9170034900307655
22500,0.8750066626816988
22501,0.8750066626816988
22502,0.8750066626816988
22503,0.8750066626816988
22504,0.9590003173798323
22505,0.8750066626816988
22506,0.9159848559647799
22507,0.9160139597952366
22508,0.8330098353326321
22509,0.9170034900307655
22510,0.8340284693986177
22511,0.8750066626816988
22512,0.9170034900307655
22513,0.8749775588512421
22514,0.8749775588512421
22515,0.8750066626816988
22516,0.8750066626816988
22517,0.8750066626816988
22518,0.9170034900307655
22519,0.8750066626816988
22520,0.9170034900307655
22521,0.8750066626816988
22522,0.8329807315021753
22523,0.8750066626816988
22524,1.00000761449337
22525,0.9170034900307655
22526,0.833999365568161
22527,0.8750066626816988
22528,0.8750066626816988
22529,0.9999785106629133
22530,0.9580107871443033
22531,0.8750066626816988
22532,0.9170034900307655
22533,0.8749775588512421
22534,0.9170034900307655
22535,0.9160139597952366
22536,0.8750066626816988
22537,0.8749775588512421
22538,0.8750066626816988
22539,0.9160139597952366
22540,0.9159848559647799
22541,0.8749775588512421
22542,0.8750066626816988
22543,0.8750066626816988
22544,0.9159848559647799
22545,0.9169743862003088
22546,0.8750066626816988
22547,0.9160139597952366
22548,0.8750066626816988
22549,0.8749775588512421
22550,0.8750066626816988
22551,0.9160139597952366
22552,0.8330098353326321
22553,0.9170034900307655
22554,0.9170034900307655
22555,0.9160139597952366
22556,0.8750066626816988
22557,0.8750066626816988
22558,0.9160139597952366
22559,0.8750066626816988
22560,0.9579816833138466
22561,0.8749775588512421
22562,0.9170034900307655
22563,0.9170034900307655
22564,0.9170034900307655
22565,0.9170034900307655
22566,0.9160139597952366
22567,0.8750066626816988
22568,0.8749775588512421
22569,0.8750066626816988
22570,0.8750066626816988
22571,0.8750066626816988
22572,0.9169743862003088
22573,0.8749775588512421
22574,0.8750066626816988
22575,0.833999365568161
22576,0.9590003173798323
22577,0.8750066626816988
22578,0.9170034900307655
22579,0.9160139597952366
22580,0.9170034900307655
22581,0.8750066626816988
22582,0.9170034900307655
22583,0.9160139597952366
22584,0.9159848559647799
22585,0.8749775588512421
22586,0.9170034900307655
22587,0.9580107871443033
22588,0.9579816833138466
22589,0.8750066626816988
22590,0.8750066626816988
22591,0.8750066626816988
22592,0.9159848559647799
22593,0.9160139597952366
22594,0.8750066626816988
22595,0.8750066626816988
22596,0.8750066626816988
22597,0.8750066626816988
22598,1.0840012691915035
22599,0.9170034900307655
22600,0.8750066626816988
22601,0.9160139597952366
22602,0.8330098353326321
22603,0.8749775588512421
22604,0.8749775588512421
22605,0.9170034900307655
22606,0.8750066626816988
22607,0.9170034900307655
22608,0.9169743862003088
22609,0.9170034900307655
22610,0.9170034900307655
22611,0.9170034900307655
22612,0.9170034900307655
22613,0.9160139597952366
22614,0.8750066626816988
22615,0.8749775588512421
22616,0.8749775588512421
22617,0.8750066626816988
22618,0.8750066626816988
22619,0.8750066626816988
22620,0.9580107871443033
22621,0.9170034900307655
22622,0.8750066626816988
22623,1.040985807776451
22624,0.9170034900307655
22625,0.9170034900307655
22626,0.8750066626816988
22627,0.9159848559647799
22628,0.9170034900307655
22629,0.8750066626816988
22630,1.0830117389559746
22631,0.8749775588512421
22632,0.8750066626816988
22633,0.8330098353326321
22634,0.8750066626816988
22635,0.8749775588512421
22636,0.8750066626816988
22637,0.9160139597952366
22638,0.8750066626816988
22639,0.8749775588512421
22640,1.0840012691915035
22641,0.8750066626816988
22642,0.9159848559647799
22643,0.9169743862003088
22644,0.8750066626816988
22645,0.8750066626816988
22646,0.8750066626816988
22647,0.9170034900307655
22648,0.9590003173798323
22649,0.9170034900307655
22650,0.8749775588512421
22651,0.8749775588512421
22652,0.9170034900307655
22653,0.9170034900307655
22654,0.9170034900307655
22655,0.9159848559647799
22656,0.8750066626816988
22657,0.8750066626816988
22658,0.9170034900307655
22659,0.9170034900307655
22660,0.8750066626816988
22661,0.8750066626816988
22662,0.9590003173798323
22663,0.8750066626816988
22664,0.8750066626816988
22665,0.8750066626816988
22666,0.9159848559647799
22667,0.9170034900307655
22668,0.9170034900307655
22669,0.9160139597952366
22670,0.9170034900307655
22671,1.00000761449337
22672,0.9170034900307655
22673,0.8750066626816988
22674,0.8750066626816988
22675,0.8750066626816988
22676,0.9170034900307655
22677,0.8750066626816988
22678,0.9170034900307655
22679,0.8750066626816988
22680,0.9160139597952366
22681,0.8750066626816988
22682,0.9169743862003088
22683,0.9159848559647799
22684,0.9170034900307655
22685,0.8750066626816988
22686,0.8749775588512421
22687,0.9170034900307655
22688,0.9170034900307655
22689,0.8750066626816988
22690,0.8750066626816988
22691,0.8330098353326321
22692,0.9580107871443033
22693,0.9160139597952366
22694,0.8750066626816988
22695,0.9170034900307655
22696,0.8750066626816988
22697,0.8750066626816988
22698,0.9170034900307655
22699,0.8750066626816988
22700,0.9160139597952366
22701,0.9170034900307655
22702,0.8329807315021753
22703,0.9159848559647799
22704,0.9170034900307655
22705,0.8750066626816988
22706,0.9159848559647799
22707,0.8330098353326321
22708,0.833999365568161
22709,0.9170034900307655
22710,0.8329807315021753
22711,0.8749775588512421
22712,0.8330098353326321
22713,0.8750066626816988
22714,0.9169743862003088
22715,0.8749775588512421
22716,0.9170034900307655
22717,0.9170034900307655
22718,0.8749775588512421
22719,0.9159848559647799
22720,0.8750066626816988
22721,0.8750066626816988
22722,0.9159848559647799
22723,0.9170034900307655
22724,0.9170034900307655
22725,0.8750066626816988
22726,0.8749775588512421
22727,0.9170034900307655
22728,0.9170034900307655
22729,0.8750066626816988
22730,0.9159848559647799
22731,0.8750066626816988
22732,0.9170034900307655
22733,0.8750066626816988
22734,0.9170034900307655
22735,0.8750066626816988
22736,0.8750066626816988
22737,0.8750066626816988
22738,0.8750066626816988
22739,0.9160139597952366
22740,0.9160139597952366
22741,0.8750066626816988
22742,0.9579816833138466
22743,0.8750066626816988
22744,0.8330098353326321
22745,0.8750066626816988
22746,0.8749775588512421
22747,0.8750066626816988
22748,0.9160139597952366
22749,0.8750066626816988
22750,0.9579816833138466
22751,0.9170034900307655
22752,0.9170034900307655
22753,0.8749775588512421
22754,0.9159848559647799
22755,0.9580107871443033
22756,0.8330098353326321
22757,0.8749775588512421
22758,0.9159848559647799
22759,0.8750066626816988
22760,0.9590003173798323
22761,0.9169743862003088
22762,0.8750066626816988
22763,0.9160139597952366
22764,0.8750066626816988
22765,0.8749775588512421
22766,0.9159848559647799
22767,0.9160139597952366
22768,0.9170034900307655
22769,0.8749775588512421
22770,0.8750066626816988
22771,0.8750066626816988
22772,0.9170034900307655
22773,0.9170034900307655
22774,0.9170034900307655
22775,0.9590003173798323
22776,0.9170034900307655
22777,0.9169743862003088
22778,0.8749775588512421
22779,0.9170034900307655
22780,0.8750066626816988
22781,0.9169743862003088
22782,0.9170034900307655
22783,0.9160139597952366
22784,0.8750066626816988
22785,0.9170034900307655
22786,0.9160139597952366
22787,0.9580107871443033
22788,0.9159848559647799
22789,0.9169743862003088
22790,0.9170034900307655
22791,0.9170034900307655
22792,0.9170034900307655
22793,0.9159848559647799
22794,0.8750066626816988
22795,0.9170034900307655
22796,0.8750066626816988
22797,0.8750066626816988
22798,0.8330098353326321
22799,0.9170034900307655
22800,0.9580107871443033
22801,0.9170034900307655
22802,0.9170034900307655
22803,0.9170034900307655
22804,0.9159848559647799
22805,0.9169743862003088
22806,0.8750066626816988
22807,0.9170034900307655
22808,0.9169743862003088
22809,0.8750066626816988
22810,0.9160139597952366
22811,0.9160139597952366
22812,0.9170034900307655
22813,0.9170034900307655
22814,0.9170034900307655
22815,0.8750066626816988
22816,0.9159848559647799
22817,0.9159848559647799
22818,0.9160139597952366
22819,0.9170034900307655
22820,0.8749775588512421
22821,0.9170034900307655
22822,0.8750066626816988
22823,0.9580107871443033
22824,0.9170034900307655
22825,0.9170034900307655
22826,0.8330098353326321
22827,0.9160139597952366
22828,0.9159848559647799
22829,0.9160139597952366
22830,0.9580107871443033
22831,0.9159848559647799
22832,0.9159848559647799
22833,0.9160139597952366
22834,0.8750066626816988
22835,0.9170034900307655
22836,0.9170034900307655
22837,0.9590003173798323
22838,0.8750066626816988
22839,0.8749775588512421
22840,0.9159848559647799
22841,0.9160139597952366
22842,0.9170034900307655
22843,0.9170034900307655
22844,0.8750066626816988
22845,0.9170034900307655
22846,0.9160139597952366
22847,0.9170034900307655
22848,0.9580107871443033
22849,0.9160139597952366
22850,0.9160139597952366
22851,0.8750066626816988
22852,0.8750066626816988
22853,0.9590003173798323
22854,0.9170034900307655
22855,0.9169743862003088
22856,1.00000761449337
22857,0.9170034900307655
22858,0.8749775588512421
22859,0.9159848559647799
22860,0.9160139597952366
22861,0.9160139597952366
22862,0.9170034900307655
22863,0.8749775588512421
22864,0.9170034900307655
22865,0.9160139597952366
22866,0.9159848559647799
22867,0.9159848559647799
22868,0.9170034900307655
22869,0.9170034900307655
22870,0.9170034900307655
22871,0.9170034900307655
22872,0.9170034900307655
22873,0.9160139597952366
22874,0.8750066626816988
22875,0.9170034900307655
22876,0.9590003173798323
22877,0.9170034900307655
22878,0.9169743862003088
22879,0.9159848559647799
22880,0.9160139597952366
22881,0.9160139597952366
22882,0.8750066626816988
22883,0.8750066626816988
22884,1.0420044418424368
22885,0.9160139597952366
22886,0.8750066626816988
22887,0.9170034900307655
22888,0.9170034900307655
22889,0.8750066626816988
22890,0.8750066626816988
22891,0.9170034900307655
22892,0.9170034900307655
22893,0.8750066626816988
22894,0.9579816833138466
22895,0.9580107871443033
22896,0.9170034900307655
22897,0.8749775588512421
22898,0.9579816833138466
22899,0.9580107871443033
22900,0.8750066626816988
22901,0.9159848559647799
22902,0.9169743862003088
22903,0.8750066626816988
22904,0.9170034900307655
22905,0.9170034900307655
22906,0.9590003173798323
22907,0.9170034900307655
22908,0.8750066626816988
22909,0.8750066626816988
22910,0.9580107871443033
22911,0.9160139597952366
22912,0.8750066626816988
22913,0.9169743862003088
22914,0.8750066626816988
22915,0.9160139597952366
22916,0.9170034900307655
22917,0.9170034900307655
22918,0.9170034900307655
22919,0.9160139597952366
22920,0.8750066626816988
22921,0.9170034900307655
22922,0.9590003173798323
22923,0.8750066626816988
22924,0.9580107871443033
22925,0.9159848559647799
22926,0.9160139597952366
22927,0.9160139597952366
22928,0.9159848559647799
22929,0.9159848559647799
22930,0.9580107871443033
22931,0.9160139597952366
22932,0.9170034900307655
22933,0.8749775588512421
22934,0.8750066626816988
22935,0.8750066626816988
22936,0.8750066626816988
22937,0.8750066626816988
22938,0.8330098353326321
22939,0.9170034900307655
22940,0.9170034900307655
22941,0.9170034900307655
22942,0.9160139597952366
22943,0.9170034900307655
22944,0.8750066626816988
22945,0.9159848559647799
22946,0.8750066626816988
22947,0.9590003173798323
22948,0.9590003173798323
22949,0.8750066626816988
22950,0.8750066626816988
22951,0.8750066626816988
22952,0.8749775588512421
22953,0.8750066626816988
22954,0.8750066626816988
22955,0.8750066626816988
22956,0.8749775588512421
22957,0.9159848559647799
22958,0.8750066626816988
22959,0.9170034900307655
22960,0.8749775588512421
22961,0.9170034900307655
22962,0.9160139597952366
22963,0.8750066626816988
22964,0.8749775588512421
22965,0.9170034900307655
22966,0.8750066626816988
22967,0.9170034900307655
22968,0.8750066626816988
22969,0.8750066626816988
22970,0.9590003173798323
22971,0.9170034900307655
22972,0.8749775588512421
22973,0.8749775588512421
22974,0.8750066626816988
22975,0.8750066626816988
22976,1.00000761449337
22977,0.8750066626816988
22978,0.9160139597952366
22979,0.8329807315021753
22980,0.833999365568161
22981,0.9170034900307655
22982,0.8330098353326321
22983,0.8750066626816988
22984,0.9170034900307655
22985,0.8750066626816988
22986,0.9160139597952366
22987,0.8749775588512421
22988,0.9170034900307655
22989,0.9160139597952366
22990,0.9160139597952366
22991,0.8750066626816988
22992,0.8330098353326321
22993,0.8750066626816988
22994,0.8750066626816988
22995,0.9159848559647799
22996,0.8750066626816988
22997,0.9170034900307655
22998,0.8330098353326321
22999,0.8750066626816988
23000,0.9170034900307655
23001,0.9170034900307655
23002,0.8750066626816988
23003,0.8749775588512421
23004,0.8750066626816988
23005,0.9160139597952366
23006,0.8330098353326321
23007,0.8750066626816988
23008,0.8750066626816988
23009,0.9170034900307655
23010,0.9170034900307655
23011,0.8750066626816988
23012,0.8330098353326321
23013,0.8750066626816988
23014,0.9159848559647799
23015,0.8749775588512421
23016,0.9170034900307655
23017,0.9170034900307655
23018,0.833999365568161
23019,0.8749775588512421
23020,0.9170034900307655
23021,0.8750066626816988
23022,0.8750066626816988
23023,0.8749775588512421
23024,0.8750066626816988
23025,0.8750066626816988
23026,0.8750066626816988
23027,0.8750066626816988
23028,0.9580107871443033
23029,0.9170034900307655
23030,0.8750066626816988
23031,0.8749775588512421
23032,0.9580107871443033
23033,0.8750066626816988
23034,0.8750066626816988
23035,0.8749775588512421
23036,0.833999365568161
23037,0.8330098353326321
23038,0.8750066626816988
23039,0.8329807315021753
23040,0.9160139597952366
23041,0.8750066626816988
23042,0.9170034900307655
23043,0.9170034900307655
23044,0.833999365568161
23045,0.8750066626816988
23046,0.8749775588512421
23047,0.8749775588512421
23048,0.8330098353326321
23049,0.8750066626816988
23050,0.8750066626816988
23051,0.9170034900307655
23052,0.8750066626816988
23053,0.8330098353326321
23054,0.8330098353326321
23055,0.8750066626816988
23056,0.8750066626816988
23057,0.8750066626816988
23058,0.8749775588512421
23059,0.8749775588512421
23060,0.9170034900307655
23061,0.833999365568161
23062,0.8750066626816988
23063,0.8750066626816988
23064,0.9170034900307655
23065,0.8750066626816988
23066,0.9170034900307655
23067,0.9170034900307655
23068,0.9160139597952366
23069,0.8750066626816988
23070,0.9170034900307655
23071,0.8749775588512421
23072,0.9170034900307655
23073,0.8750066626816988
23074,0.9159848559647799
23075,0.9169743862003088
23076,0.8750066626816988
23077,0.8750066626816988
23078,0.9170034900307655
23079,0.8749775588512421
23080,0.9170034900307655
23081,0.9170034900307655
23082,0.8749775588512421
23083,0.9159848559647799
23084,0.8750066626816988
23085,0.9170034900307655
23086,0.9169743862003088
23087,0.9159848559647799
23088,0.8750066626816988
23089,0.8330098353326321
23090,0.8750066626816988
23091,0.9170034900307655
23092,0.9170034900307655
23093,0.8750066626816988
23094,0.8750066626816988
23095,0.9170034900307655
23096,0.9170034900307655
23097,0.9170034900307655
23098,0.8749775588512421
23099,0.9170034900307655
23100,0.9170034900307655
23101,0.8750066626816988
23102,0.833999365568161
23103,0.8750066626816988
23104,0.8750066626816988
23105,0.8750066626816988
23106,0.8749775588512421
23107,0.9170034900307655
23108,0.9170034900307655
23109,0.9160139597952366
23110,0.9579816833138466
23111,0.9159848559647799
23112,0.9580107871443033
23113,0.8750066626816988
23114,0.8749775588512421
23115,0.9170034900307655
23116,0.833999365568161
23117,0.8750066626816988
23118,0.8750066626816988
23119,0.9160139597952366
23120,0.9160139597952366
23121,0.9170034900307655
23122,0.8749775588512421
23123,0.8750066626816988
23124,0.8750066626816988
23125,0.8750066626816988
23126,0.8750066626816988
23127,0.8750066626816988
23128,0.9170034900307655
23129,0.9170034900307655
23130,0.8329807315021753
23131,0.8750066626816988
23132,0.8750066626816988
23133,0.9159848559647799
23134,0.8749775588512421
23135,0.8750066626816988
23136,0.9160139597952366
23137,0.8750066626816988
23138,0.8750066626816988
23139,0.9160139597952366
23140,0.8750066626816988
23141,1.0420044418424368
23142,0.9999785106629133
23143,1.2500095181167126
23144,1.2500095181167126
23145,1.207983586937189
23146,1.166015863418579
23147,1.1659867595881224
23148,0.9579816833138466
23149,0.9170034900307655
23150,0.8750066626816988
23151,0.8750066626816988
23152,0.9170034900307655
23153,0.9170034900307655
23154,0.9170034900307655
23155,0.9170034900307655
23156,0.9580107871443033
23157,0.9160139597952366
23158,0.9160139597952366
23159,0.9159848559647799
23160,0.9580107871443033
23161,0.9170034900307655
23162,0.9159848559647799
23163,0.9159848559647799
23164,0.9160139597952366
23165,0.8750066626816988
23166,0.9170034900307655
23167,0.9169743862003088
23168,0.9170034900307655
23169,0.9160139597952366
23170,0.8749775588512421
23171,0.8749775588512421
23172,0.8750066626816988
23173,0.9170034900307655
23174,0.9169743862003088
23175,0.9170034900307655
23176,0.9580107871443033
23177,0.9170034900307655
23178,0.9590003173798323
23179,0.9170034900307655
23180,0.9590003173798323
23181,0.9170034900307655
23182,0.8749775588512421
23183,0.9170034900307655
23184,1.00000761449337
23185,0.8750066626816988
23186,0.9170034900307655
23187,0.9170034900307655
23188,0.9160139597952366
23189,0.8750066626816988
23190,0.9579816833138466
23191,0.8750066626816988
23192,0.9580107871443033
23193,0.9579816833138466
23194,0.9579816833138466
23195,0.8750066626816988
23196,0.9580107871443033
23197,0.8749775588512421
23198,0.9579816833138466
23199,0.9580107871443033
23200,0.9590003173798323
23201,0.9169743862003088
23202,0.9170034900307655
23203,0.9160139597952366
23204,0.9160139597952366
23205,0.9579816833138466
23206,0.8750066626816988
23207,0.9170034900307655
23208,1.00000761449337
23209,1.0420044418424368
23210,0.9590003173798323
23211,0.9580107871443033
23212,0.8750066626816988
23213,0.8750066626816988
23214,0.833999365568161
23215,0.8750066626816988
23216,0.8749775588512421
23217,0.8749775588512421
23218,0.9170034900307655
23219,0.9170034900307655
23220,0.8749775588512421
23221,0.8750066626816988
23222,0.8750066626816988
23223,0.8750066626816988
23224,0.9169743862003088
23225,0.8750066626816988
23226,0.8750066626816988
23227,0.9170034900307655
23228,0.8749775588512421
23229,0.9159848559647799
23230,0.8750066626816988
23231,0.8750066626816988
23232,0.8749775588512421
23233,0.8749775588512421
23234,0.8750066626816988
23235,0.8750066626816988
23236,0.8750066626816988
23237,0.8750066626816988
23238,0.8750066626816988
23239,0.8750066626816988
23240,0.8749775588512421
23241,0.8750066626816988
23242,0.9160139597952366
23243,0.9160139597952366
23244,0.8750066626816988
23245,0.9170034900307655
23246,0.9170034900307655
23247,0.9160139597952366
23248,0.9159848559647799
23249,0.9160139597952366
23250,0.9160139597952366
23251,0.9159848559647799
23252,0.8749775588512421
23253,0.9170034900307655
23254,0.9170034900307655
23255,0.9170034900307655
23256,0.9169743862003088
23257,0.8750066626816988
23258,0.9170034900307655
23259,0.8749775588512421
23260,0.8749775588512421
23261,0.9170034900307655
23262,0.9590003173798323
23263,0.8750066626816988
23264,0.9170034900307655
23265,0.8750066626816988
23266,0.9580107871443033
23267,0.8750066626816988
23268,0.9170034900307655
23269,0.9170034900307655
23270,0.9170034900307655
23271,0.9169743862003088
23272,0.8750066626816988
23273,0.8750066626816988
23274,0.8750066626816988
23275,0.9169743862003088
23276,0.8750066626816988
23277,0.9160139597952366
23278,0.9170034900307655
23279,0.9590003173798323
23280,0.9590003173798323
23281,0.9170034900307655
23282,0.8750066626816988
23283,0.9159848559647799
23284,0.9160139597952366
23285,0.9160139597952366
23286,0.8750066626816988
23287,0.9169743862003088
23288,0.9580107871443033
23289,0.9170034900307655
23290,0.9170034900307655
23291,0.9170034900307655
23292,0.8750066626816988
23293,0.9170034900307655
23294,0.9170034900307655
23295,0.8749775588512421
23296,0.9170034900307655
23297,0.8750066626816988
23298,0.9580107871443033
23299,0.8750066626816988
23300,0.9160139597952366
23301,0.9170034900307655
23302,0.8749775588512421
23303,0.9159848559647799
23304,0.9160139597952366
23305,0.9160139597952366
23306,0.8750066626816988
23307,0.9170034900307655
23308,0.9170034900307655
23309,0.9170034900307655
23310,0.9579816833138466
23311,0.9159848559647799
23312,0.8750066626816988
23313,0.9170034900307655
23314,0.9170034900307655
23315,0.9170034900307655
23316,0.9170034900307655
23317,0.8750066626816988
23318,0.9159848559647799
23319,0.9160139597952366
23320,0.9160139597952366
23321,0.9170034900307655
23322,0.8749775588512421
23323,1.0420044418424368
23324,0.9590003173798323
23325,0.9170034900307655
23326,0.8749775588512421
23327,0.8750066626816988
23328,1.00000761449337
23329,0.9159848559647799
23330,0.9580107871443033
23331,0.9580107871443033
23332,0.8750066626816988
23333,0.8749775588512421
23334,1.00000761449337
23335,0.8750066626816988
23336,0.9160139597952366
23337,0.9159848559647799
23338,0.8750066626816988
23339,0.9170034900307655
23340,0.8750066626816988
23341,0.9170034900307655
23342,0.9160139597952366
23343,0.9160139597952366
23344,0.9159848559647799
23345,0.9159848559647799
23346,0.9580107871443033
23347,0.9160139597952366
23348,0.9159848559647799
23349,0.9159848559647799
23350,0.9160139597952366
23351,0.9160139597952366
23352,0.9579816833138466
23353,0.9159848559647799
23354,0.9170034900307655
23355,0.9170034900307655
23356,0.9170034900307655
23357,0.8750066626816988
23358,0.9170034900307655
23359,0.8750066626816988
23360,0.8329807315021753
23361,0.9170034900307655
23362,0.8750066626816988
23363,0.8750066626816988
23364,0.8749775588512421
23365,0.9170034900307655
23366,0.9160139597952366
23367,0.8330098353326321
23368,0.8749775588512421
23369,0.9159848559647799
23370,0.9170034900307655
23371,0.8750066626816988
23372,0.833999365568161
23373,0.9580107871443033
23374,0.8750066626816988
23375,0.8750066626816988
23376,0.8750066626816988
23377,1.00000761449337
23378,0.9170034900307655
23379,0.8750066626816988
23380,0.8749775588512421
23381,0.833999365568161
23382,0.9170034900307655
23383,0.8750066626816988
23384,0.8340284693986177
23385,0.8750066626816988
23386,0.8750066626816988
23387,0.8750066626816988
23388,0.8749775588512421
23389,0.8750066626816988
23390,0.9580107871443033
23391,0.9170034900307655
23392,0.8749775588512421
23393,0.8750066626816988
23394,0.8330098353326321
23395,0.9170034900307655
23396,0.9159848559647799
23397,0.8750066626816988
23398,0.9170034900307655
23399,0.8330098353326321
23400,0.9159848559647799
23401,0.8750066626816988
23402,0.9170034900307655
23403,0.8749775588512421
23404,0.8749775588512421
23405,0.9170034900307655
23406,0.9170034900307655
23407,0.8750066626816988
23408,0.8750066626816988
23409,0.8750066626816988
23410,1.00000761449337
23411,0.8750066626816988
23412,0.9170034900307655
23413,0.9160139597952366
23414,0.8750066626816988
23415,0.9170034900307655
23416,0.9159848559647799
23417,1.00000761449337
23418,0.9170034900307655
23419,0.9170034900307655
23420,0.8749775588512421
23421,0.8750066626816988
23422,0.8750066626816988
23423,0.9579816833138466
23424,0.8749775588512421
23425,0.9170034900307655
23426,0.8750066626816988
23427,0.8749775588512421
23428,0.9159848559647799
23429,0.8750066626816988
23430,1.0830117389559746
23431,0.9170034900307655
23432,0.8750066626816988
23433,0.9170034900307655
23434,0.8750066626816988
23435,0.9159848559647799
23436,0.8750066626816988
23437,0.8750066626816988
23438,0.9160139597952366
23439,0.8749775588512421
23440,0.8750066626816988
23441,0.9160139597952366
23442,0.9170034900307655
23443,0.9169743862003088
23444,0.9159848559647799
23445,0.8750066626816988
23446,0.8750066626816988
23447,0.8750066626816988
23448,0.9170034900307655
23449,0.8330098353326321
23450,0.9160139597952366
23451,0.8750066626816988
23452,0.8750066626816988
23453,0.9170034900307655
23454,0.8750066626816988
23455,0.8749775588512421
23456,0.8750066626816988
23457,0.9160139597952366
23458,0.9159848559647799
23459,0.9159848559647799
23460,0.8750066626816988
23461,0.8750066626816988
23462,0.8749775588512421
23463,0.9579816833138466
23464,0.8750066626816988
23465,0.9170034900307655
23466,0.9999785106629133
23467,0.8749775588512421
23468,0.8750066626816988
23469,0.9160139597952366
23470,0.8750066626816988
23471,0.8749775588512421
23472,0.9590003173798323
23473,0.8750066626816988
23474,0.8750066626816988
23475,0.8329807315021753
23476,0.9160139597952366
23477,0.8750066626816988
23478,0.8749775588512421
23479,0.8749775588512421
23480,0.8750066626816988
23481,0.8750066626816988
23482,0.9170034900307655
23483,0.8749775588512421
23484,0.9170034900307655
23485,0.8750066626816988
23486,1.0420044418424368
23487,0.8750066626816988
23488,0.9160139597952366
23489,0.9170034900307655
23490,1.00000761449337
23491,0.9170034900307655
23492,0.9170034900307655
23493,0.8750066626816988
23494,0.9170034900307655
23495,0.8750066626816988
23496,0.9170034900307655
23497,0.9169743862003088
23498,0.8750066626816988
23499,0.9580107871443033
23500,0.8750066626816988
23501,0.9169743862003088
23502,0.8750066626816988
23503,0.9160139597952366
23504,0.8750066626816988
23505,0.8749775588512421
23506,0.8750066626816988
23507,0.8750066626816988
23508,0.8750066626816988
23509,0.8750066626816988
23510,0.8330098353326321
23511,0.8750066626816988
23512,0.9579816833138466
23513,0.8749775588512421
23514,0.8750066626816988
23515,0.8750066626816988
23516,0.9170034900307655
23517,0.9169743862003088
23518,0.9590003173798323
23519,0.8750066626816988
23520,0.8750066626816988
23521,0.8749775588512421
23522,0.9170034900307655
23523,0.8750066626816988
23524,0.9159848559647799
23525,0.8749775588512421
23526,0.8750066626816988
23527,0.8750066626816988
23528,0.8750066626816988
23529,0.8750066626816988
23530,0.8750066626816988
23531,0.8750066626816988
23532,0.8750066626816988
23533,0.8749775588512421
23534,0.8750066626816988
23535,0.8330098353326321
23536,0.8750066626816988
23537,0.8750066626816988
23538,0.8330098353326321
23539,0.8750066626816988
23540,0.8750066626816988
23541,0.8329807315021753
23542,0.8750066626816988
23543,0.8750066626816988
23544,0.9999785106629133
23545,0.8329807315021753
23546,0.8750066626816988
23547,0.9170034900307655
23548,0.9170034900307655
23549,0.8750066626816988
23550,0.8750066626816988
23551,0.8750066626816988
23552,0.9159848559647799
23553,0.8749775588512421
23554,0.9170034900307655
23555,0.8750066626816988
23556,0.9170034900307655
23557,0.8749775588512421
23558,0.8750066626816988
23559,0.8750066626816988
23560,0.8750066626816988
23561,0.8749775588512421
23562,0.8750066626816988
23563,0.9160139597952366
23564,0.8750066626816988
23565,0.8749775588512421
23566,0.9590003173798323
23567,0.8750066626816988
23568,0.9159848559647799
23569,0.8749775588512421
23570,0.8750066626816988
23571,0.8330098353326321
23572,0.9170034900307655
23573,0.9159848559647799
23574,0.8750066626816988
23575,0.8750066626816988
23576,0.9580107871443033
23577,0.9999785106629133
23578,0.8750066626816988
23579,0.9170034900307655
23580,0.8749775588512421
23581,0.8329807315021753
23582,0.8750066626816988
23583,0.9160139597952366
23584,0.8750066626816988
23585,0.9170034900307655
23586,0.8750066626816988
23587,0.8750066626816988
23588,0.9170034900307655
23589,0.8750066626816988
23590,0.8750066626816988
23591,0.9170034900307655
23592,0.9169743862003088
23593,0.8749775588512421
23594,0.8750066626816988
23595,0.9170034900307655
23596,0.8749775588512421
23597,0.8750066626816988
23598,0.9170034900307655
23599,0.8750066626816988
23600,0.8750066626816988
23601,0.8750066626816988
23602,0.9580107871443033
23603,0.9160139597952366
23604,0.9170034900307655
23605,0.8750066626816988
23606,0.8750066626816988
23607,0.8750066626816988
23608,0.9170034900307655
23609,0.9170034900307655
23610,0.9170034900307655
23611,0.8750066626816988
23612,0.8749775588512421
23613,0.9159848559647799
23614,0.9160139597952366
23615,0.8750066626816988
23616,0.8749775588512421
23617,0.9170034900307655
23618,0.9170034900307655
23619,0.9170034900307655
23620,0.8750066626816988
23621,0.9160139597952366
23622,0.8750066626816988
23623,0.8749775588512421
23624,0.8749775588512421
23625,0.9170034900307655
23626,0.8750066626816988
23627,0.8750066626816988
23628,0.9170034900307655
23629,0.9160139597952366
23630,0.9170034900307655
23631,0.8750066626816988
23632,0.8750066626816988
23633,0.9170034900307655
23634,0.8750066626816988
23635,0.9159848559647799
23636,0.9159848559647799
23637,0.9170034900307655
23638,0.9590003173798323
23639,0.8749775588512421
23640,0.9579816833138466
23641,0.9160139597952366
23642,0.8750066626816988
23643,0.8749775588512421
23644,0.8749775588512421
23645,0.9170034900307655
23646,0.9170034900307655
23647,0.9170034900307655
23648,0.8750066626816988
23649,0.9160139597952366
23650,0.9170034900307655
23651,0.8750066626816988
23652,0.9170034900307655
23653,0.8750066626816988
23654,0.9160139597952366
23655,0.9170034900307655
23656,0.9170034900307655
23657,0.9170034900307655
23658,0.9160139597952366
23659,0.8750066626816988
23660,0.9580107871443033
23661,0.9170034900307655
23662,0.9590003173798323
23663,0.9170034900307655
23664,0.8750066626816988
23665,0.8750066626816988
23666,0.9170034900307655
23667,0.9169743862003088
23668,0.8750066626816988
23669,0.9160139597952366
23670,0.8750066626816988
23671,0.9170034900307655
23672,0.9170034900307655
23673,0.8750066626816988
23674,0.9170034900307655
23675,0.9159848559647799
23676,0.8749775588512421
23677,0.9170034900307655
23678,0.8750066626816988
23679,0.8750066626816988
23680,0.8750066626816988
23681,0.9170034900307655
23682,0.9580107871443033
23683,0.9170034900307655
23684,0.9160139597952366
23685,0.9160139597952366
23686,0.8750066626816988
23687,0.8749775588512421
23688,0.9590003173798323
23689,0.9170034900307655
23690,0.8749775588512421
23691,0.9579816833138466
23692,0.8750066626816988
23693,0.8750066626816988
23694,0.8749775588512421
23695,0.8749775588512421
23696,0.8750066626816988
23697,0.833999365568161
23698,0.8750066626816988
23699,0.9170034900307655
23700,0.9170034900307655
23701,0.9170034900307655
23702,0.9590003173798323
23703,0.9170034900307655
23704,0.9170034900307655
23705,0.9580107871443033
23706,0.9169743862003088
23707,0.9159848559647799
23708,0.9160139597952366
23709,0.8750066626816988
23710,0.9579816833138466
23711,0.8749775588512421
23712,0.9170034900307655
23713,0.9170034900307655
23714,0.8749775588512421
23715,0.9159848559647799
23716,0.9160139597952366
23717,0.9160139597952366
23718,0.8750066626816988
23719,0.8750066626816988
23720,0.9170034900307655
23721,0.9590003173798323
23722,0.9590003173798323
23723,0.8750066626816988
23724,0.9170034900307655
23725,0.9159848559647799
23726,0.9169743862003088
23727,0.8750066626816988
23728,0.9170034900307655
23729,0.9590003173798323
23730,0.9579816833138466
23731,0.9170034900307655
23732,0.8750066626816988
23733,0.9170034900307655
23734,0.9579816833138466
23735,0.9160139597952366
23736,0.9160139597952366
23737,0.9159848559647799
23738,0.9170034900307655
23739,0.8750066626816988
23740,0.9170034900307655
23741,0.9169743862003088
23742,0.9579816833138466
23743,0.9160139597952366
23744,0.8750066626816988
23745,0.9170034900307655
23746,0.9170034900307655
23747,0.9170034900307655
23748,0.9160139597952366
23749,0.9159848559647799
23750,0.9159848559647799
23751,0.9160139597952366
23752,0.9159848559647799
23753,0.8749775588512421
23754,0.9170034900307655
23755,0.9170034900307655
23756,0.9170034900307655
23757,0.9590003173798323
23758,0.9590003173798323
23759,0.9170034900307655
23760,0.8749775588512421
23761,0.9159848559647799
23762,0.9580107871443033
23763,0.9170034900307655
23764,0.9170034900307655
23765,0.9169743862003088
23766,0.9170034900307655
23767,0.8750066626816988
23768,0.8750066626816988
23769,0.9170034900307655
23770,0.8750066626816988
23771,0.8750066626816988
23772,0.9159848559647799
23773,0.9159848559647799
23774,0.9160139597952366
23775,0.8750066626816988
23776,0.8749775588512421
23777,0.8749775588512421
23778,0.9170034900307655
23779,0.9170034900307655
23780,0.9169743862003088
23781,0.8750066626816988
23782,0.8750066626816988
23783,0.9170034900307655
23784,0.9159848559647799
23785,0.9170034900307655
23786,0.9170034900307655
23787,0.9170034900307655
23788,0.8749775588512421
23789,0.9159848559647799
23790,0.9160139597952366
23791,0.8750066626816988
23792,0.9170034900307655
23793,0.9170034900307655
23794,0.9170034900307655
23795,0.9170034900307655
23796,0.8749775588512421
23797,0.9170034900307655
23798,0.8750066626816988
23799,0.9170034900307655
23800,0.9169743862003088
23801,0.9580107871443033
23802,0.9580107871443033
23803,0.9159848559647799
23804,1.0829826351255178
23805,1.167005393654108
23806,1.167005393654108
23807,1.2919772416353226
23808,1.2080126907676458
23809,1.1250085663050413
23810,1.207983586937189
23811,1.2910168152302504
23812,1.1659867595881224
23813,1.1250085663050413
23814,1.0410149116069078
23815,0.8750066626816988
23816,0.9170034900307655
23817,0.8750066626816988
23818,0.9160139597952366
23819,1.00000761449337
23820,1.1250085663050413
23821,1.1250085663050413
23822,1.2080126907676458
23823,1.207983586937189
23824,1.167005393654108
23825,1.0840012691915035
23826,0.9170034900307655
23827,0.9580107871443033
23828,0.9160139597952366
23829,0.8330098353326321
23830,0.9169743862003088
23831,0.8750066626816988
23832,0.9580107871443033
23833,0.9159848559647799
23834,0.8749775588512421
23835,0.9170034900307655
23836,0.9580107871443033
23837,1.0830117389559746
23838,1.0420044418424368
23839,0.9170034900307655
23840,0.9170034900307655
23841,0.9169743862003088
23842,0.8750066626816988
23843,0.9160139597952366
23844,0.9580107871443033
23845,0.8749775588512421
23846,0.8749775588512421
23847,0.9170034900307655
23848,0.9160139597952366
23849,0.8750066626816988
23850,0.8750066626816988
23851,1.0410149116069078
23852,1.0830117389559746
23853,1.0829826351255178
23854,1.2090022210031748
23855,1.2080126907676458
23856,1.1250085663050413
23857,1.166015863418579
23858,1.1250085663050413
23859,1.207983586937189
23860,1.2080126907676458
23861,1.1249794624745846
23862,1.1249794624745846
23863,1.1250085663050413
23864,1.0830117389559746
23865,1.0840012691915035
23866,1.167005393654108
23867,1.2080126907676458
23868,1.207983586937189
23869,1.1250085663050413
23870,1.0410149116069078
23871,0.9159848559647799
23872,0.9579816833138466
23873,0.9160139597952366
23874,1.1250085663050413
23875,1.1669762898236513
23876,1.2080126907676458
23877,1.1250085663050413
23878,1.1669762898236513
23879,1.1250085663050413
23880,1.1250085663050413
23881,1.1250085663050413
23882,1.0830117389559746
23883,1.0830117389559746
23884,1.1250085663050413
23885,1.167005393654108
23886,1.167005393654108
23887,1.1250085663050413
23888,0.9170034900307655
23889,0.8750066626816988
23890,0.9170034900307655
23891,0.9590003173798323
23892,0.9170034900307655
23893,0.9590003173798323
23894,0.9170034900307655
23895,0.9170034900307655
23896,1.0410149116069078
23897,1.333013642579317
23898,1.2499804142862558
23899,1.167005393654108
23900,1.0840012691915035
23901,1.1249794624745846
23902,1.2500095181167126
23903,1.2090022210031748
23904,1.1249794624745846
23905,1.0830117389559746
23906,1.2090022210031748
23907,1.3329845387488604
23908,1.2090022210031748
23909,1.0410149116069078
23910,1.1249794624745846
23911,1.2080126907676458
23912,1.333013642579317
23913,1.167005393654108
23914,1.0830117389559746
23915,1.0410149116069078
23916,0.9159848559647799
23917,0.8749775588512421
23918,0.9170034900307655
23919,0.9170034900307655
23920,0.9590003173798323
23921,0.9170034900307655
23922,0.9590003173798323
23923,0.9170034900307655
23924,0.9169743862003088
23925,0.8750066626816988
23926,0.8750066626816988
23927,0.9580107871443033
23928,0.9590003173798323
23929,0.9170034900307655
23930,0.9590003173798323
23931,0.8750066626816988
23932,0.9170034900307655
23933,0.9590003173798323
23934,0.8330098353326321
23935,0.9159848559647799
23936,0.9159848559647799
23937,0.9160139597952366
23938,0.9580107871443033
23939,0.9159848559647799
23940,0.9159848559647799
23941,0.9160139597952366
23942,0.9580107871443033
23943,0.8750066626816988
23944,0.9170034900307655
23945,0.9170034900307655
23946,0.9590003173798323
23947,0.8749775588512421
23948,0.9170034900307655
23949,0.9170034900307655
23950,0.9590003173798323
23951,0.9169743862003088
23952,0.9170034900307655
23953,0.8750066626816988
23954,0.9170034900307655
23955,0.9590003173798323
23956,0.8750066626816988
23957,0.9170034900307655
23958,0.9169743862003088
23959,0.8750066626816988
23960,0.9580107871443033
23961,0.8750066626816988
23962,0.9159848559647799
23963,0.9159848559647799
23964,0.9580107871443033
23965,0.9160139597952366
23966,0.8750066626816988
23967,0.9170034900307655
23968,0.9590003173798323
23969,0.9170034900307655
23970,0.9169743862003088
23971,0.9170034900307655
23972,0.8750066626816988
23973,0.8749775588512421
23974,0.9159848559647799
23975,1.00000761449337
23976,1.0840012691915035
23977,0.9590003173798323
23978,0.9170034900307655
23979,0.9170034900307655
23980,0.8750066626816988
23981,0.9169743862003088
23982,0.9170034900307655
23983,0.9170034900307655
23984,0.9170034900307655
23985,0.8749775588512421
23986,0.9159848559647799
23987,0.9160139597952366
23988,0.9580107871443033
23989,0.9170034900307655
23990,0.9580107871443033
23991,1.00000761449337
23992,0.9159848559647799
23993,0.9169743862003088
23994,0.8750066626816988
23995,0.9160139597952366
23996,0.9580107871443033
23997,0.8750066626816988
23998,0.8749775588512421
23999,0.9159848559647799
24000,0.8750066626816988
24001,0.9580107871443033
24002,0.9579816833138466
24003,0.9159848559647799
24004,0.8750066626816988
24005,0.9170034900307655
24006,0.9590003173798323
24007,0.9170034900307655
24008,0.9170034900307655
24009,0.8750066626816988
24010,0.9170034900307655
24011,0.9170034900307655
24012,0.8750066626816988
24013,0.9170034900307655
24014,0.8750066626816988
24015,0.8750066626816988
24016,0.9170034900307655
24017,0.8750066626816988
24018,0.8750066626816988
24019,0.9160139597952366
24020,0.9170034900307655
24021,0.9170034900307655
24022,0.9169743862003088
24023,0.9170034900307655
24024,0.9170034900307655
24025,0.9170034900307655
24026,0.9170034900307655
24027,0.8750066626816988
24028,0.8750066626816988
24029,0.8749775588512421
24030,0.9579816833138466
24031,0.9160139597952366
24032,0.9160139597952366
24033,0.8750066626816988
24034,0.9580107871443033
24035,0.8750066626816988
24036,0.9170034900307655
24037,0.8749775588512421
24038,0.9170034900307655
24039,0.9170034900307655
24040,0.8750066626816988
24041,0.9579816833138466
24042,1.00000761449337
24043,0.9160139597952366
24044,0.8750066626816988
24045,0.8749775588512421
24046,0.9160139597952366
24047,0.9170034900307655
24048,0.8750066626816988
24049,0.8750066626816988
24050,0.8750066626816988
24051,0.8750066626816988
24052,0.9580107871443033
24053,0.9170034900307655
24054,0.9160139597952366
24055,0.8750066626816988
24056,0.8749775588512421
24057,0.8749775588512421
24058,0.8750066626816988
24059,0.9170034900307655
24060,1.00000761449337
24061,0.8749775588512421
24062,0.9170034900307655
24063,0.9160139597952366
24064,0.9159848559647799
24065,0.9159848559647799
24066,0.9160139597952366
24067,0.9170034900307655
24068,0.8750066626816988
24069,0.9170034900307655
24070,0.8750066626816988
24071,0.9160139597952366
24072,0.8750066626816988
24073,0.8750066626816988
24074,0.9590003173798323
24075,0.8750066626816988
24076,0.8749775588512421
24077,0.8749775588512421
24078,0.9590003173798323
24079,0.8750066626816988
24080,0.8749775588512421
24081,0.9580107871443033
24082,0.8330098353326321
24083,0.9170034900307655
24084,0.9169743862003088
24085,0.8750066626816988
24086,0.8750066626816988
24087,0.9170034900307655
24088,0.9579816833138466
24089,0.8750066626816988
24090,0.8750066626816988
24091,0.8750066626816988
24092,0.9169743862003088
24093,0.9170034900307655
24094,0.9170034900307655
24095,0.8750066626816988
24096,0.9159848559647799
24097,0.8750066626816988
24098,0.9580107871443033
24099,0.8750066626816988
24100,0.9169743862003088
24101,0.9170034900307655
24102,0.8330098353326321
24103,0.9159848559647799
24104,0.9159848559647799
24105,0.8750066626816988
24106,0.9170034900307655
24107,0.9170034900307655
24108,0.9170034900307655
24109,0.8750066626816988
24110,0.9160139597952366
24111,0.8750066626816988
24112,0.8330098353326321
24113,0.8750066626816988
24114,0.8750066626816988
24115,0.833999365568161
24116,0.8749775588512421
24117,0.9170034900307655
24118,0.9580107871443033
24119,0.9170034900307655
24120,0.9579816833138466
24121,0.9170034900307655
24122,0.9160139597952366
24123,0.8750066626816988
24124,0.9170034900307655
24125,0.9170034900307655
24126,0.8330098353326321
24127,0.8750066626816988
24128,0.8750066626816988
24129,0.8750066626816988
24130,0.9170034900307655
24131,0.8749775588512421
24132,0.9590003173798323
24133,0.9170034900307655
24134,0.9160139597952366
24135,0.8750066626816988
24136,0.9580107871443033
24137,0.9170034900307655
24138,0.8750066626816988
24139,0.9169743862003088
24140,0.8750066626816988
24141,0.9170034900307655
24142,0.9580107871443033
24143,0.9169743862003088
24144,0.9590003173798323
24145,0.8750066626816988
24146,0.9590003173798323
24147,0.9170034900307655
24148,0.8750066626816988
24149,0.9170034900307655
24150,0.8750066626816988
24151,0.833999365568161
24152,0.9170034900307655
24153,0.9170034900307655
24154,0.9170034900307655
24155,0.9159848559647799
24156,0.9160139597952366
24157,0.8330098353326321
24158,0.9170034900307655
24159,0.9159848559647799
24160,0.9160139597952366
24161,0.9170034900307655
24162,0.9170034900307655
24163,0.9579816833138466
24164,0.9580107871443033
24165,0.8750066626816988
24166,0.9579816833138466
24167,0.8750066626816988
24168,0.9170034900307655
24169,0.9170034900307655
24170,0.8749775588512421
24171,0.8750066626816988
24172,0.9160139597952366
24173,0.9170034900307655
24174,0.9170034900307655
24175,0.9170034900307655
24176,0.9580107871443033
24177,0.9170034900307655
24178,0.9159848559647799
24179,0.8749775588512421
24180,0.9170034900307655
24181,0.8750066626816988
24182,0.9170034900307655
24183,0.9580107871443033
24184,0.9170034900307655
24185,0.9159848559647799
24186,0.9999785106629133
24187,0.8750066626816988
24188,0.8750066626816988
24189,0.9159848559647799
24190,0.8749775588512421
24191,0.8750066626816988
24192,0.8750066626816988
24193,0.9170034900307655
24194,0.9169743862003088
24195,0.9170034900307655
24196,0.8750066626816988
24197,0.8749775588512421
24198,0.9169743862003088
24199,0.9580107871443033
24200,0.9170034900307655
24201,0.8750066626816988
24202,0.9170034900307655
24203,0.9580107871443033
24204,0.9160139597952366
24205,0.8750066626816988
24206,0.8330098353326321
24207,0.9160139597952366
24208,0.8330098353326321
24209,0.9590003173798323
24210,0.9590003173798323
24211,0.9590003173798323
24212,0.9170034900307655
24213,0.9169743862003088
24214,0.9590003173798323
24215,0.9590003173798323
24216,0.9170034900307655
24217,0.9169743862003088
24218,0.9170034900307655
24219,0.9170034900307655
24220,0.8750066626816988
24221,0.9169743862003088
24222,0.9170034900307655
24223,0.8750066626816988
24224,0.9159848559647799
24225,0.9169743862003088
24226,0.8750066626816988
24227,0.8750066626816988
24228,0.9159848559647799
24229,0.8749775588512421
24230,0.9170034900307655
24231,0.8750066626816988
24232,0.9170034900307655
24233,0.9579816833138466
24234,0.8750066626816988
24235,0.9160139597952366
24236,0.9580107871443033
24237,0.833999365568161
24238,0.8750066626816988
24239,0.8750066626816988
24240,0.8750066626816988
24241,0.9170034900307655
24242,0.9590003173798323
24243,0.8750066626816988
24244,0.8749775588512421
24245,0.9159848559647799
24246,0.8750066626816988
24247,0.9170034900307655
24248,0.8749775588512421
24249,0.9170034900307655
24250,0.8750066626816988
24251,0.8750066626816988
24252,0.8750066626816988
24253,0.9170034900307655
24254,0.8750066626816988
24255,0.9590003173798323
24256,0.9999785106629133
24257,0.9170034900307655
24258,0.9580107871443033
24259,0.9170034900307655
24260,0.9169743862003088
24261,0.9170034900307655
24262,0.9160139597952366
24263,0.8750066626816988
24264,0.8749775588512421
24265,0.9170034900307655
24266,0.8750066626816988
24267,0.8750066626816988
24268,0.9170034900307655
24269,0.8750066626816988
24270,0.9160139597952366
24271,0.8750066626816988
24272,0.8749775588512421
24273,0.8750066626816988
24274,0.8330098353326321
24275,0.8749775588512421
24276,0.9159848559647799
24277,0.9580107871443033
24278,0.9170034900307655
24279,0.9170034900307655
24280,0.9590003173798323
24281,0.9170034900307655
24282,0.9590003173798323
24283,0.9579816833138466
24284,0.9159848559647799
24285,0.8750066626816988
24286,0.9170034900307655
24287,0.8749775588512421
24288,0.8749775588512421
24289,0.9170034900307655
24290,0.9170034900307655
24291,0.8749775588512421
24292,0.9159848559647799
24293,0.9160139597952366
24294,0.9170034900307655
24295,0.8749775588512421
24296,0.8749775588512421
24297,0.8750066626816988
24298,0.9170034900307655
24299,0.9169743862003088
24300,0.8749775588512421
24301,0.9580107871443033
24302,0.8750066626816988
24303,0.9169743862003088
24304,0.9170034900307655
24305,0.9580107871443033
24306,0.9160139597952366
24307,0.9170034900307655
24308,0.8750066626816988
24309,0.9170034900307655
24310,0.8750066626816988
24311,0.9170034900307655
24312,0.9170034900307655
24313,0.9170034900307655
24314,0.9170034900307655
24315,0.8749775588512421
24316,0.9170034900307655
24317,0.9170034900307655
24318,0.9159848559647799
24319,0.9999785106629133
24320,0.8750066626816988
24321,0.8750066626816988
24322,0.8750066626816988
24323,0.8750066626816988
24324,0.9170034900307655
24325,0.9170034900307655
24326,0.8750066626816988
24327,0.8750066626816988
24328,0.9170034900307655
24329,0.8750066626816988
24330,0.9159848559647799
24331,0.9159848559647799
24332,0.9170034900307655
24333,1.00000761449337
24334,0.9999785106629133
24335,0.9160139597952366
24336,0.8750066626816988
24337,0.9170034900307655
24338,0.9170034900307655
24339,0.8750066626816988
24340,0.9170034900307655
24341,0.8750066626816988
24342,0.8750066626816988
24343,0.9160139597952366
24344,0.9170034900307655
24345,0.8749775588512421
24346,0.8329807315021753
24347,0.8750066626816988
24348,0.8750066626816988
24349,0.8749775588512421
24350,0.8749775588512421
24351,0.9170034900307655
24352,0.8750066626816988
24353,0.8750066626816988
24354,0.9170034900307655
24355,0.9170034900307655
24356,0.8750066626816988
24357,0.8750066626816988
24358,0.8749775588512421
24359,0.8750066626816988
24360,0.9170034900307655
24361,0.8750066626816988
24362,0.9170034900307655
24363,0.8750066626816988
24364,0.9170034900307655
24365,0.8749775588512421
24366,0.9159848559647799
24367,0.8750066626816988
24368,0.8750066626816988
24369,0.8749775588512421
24370,0.9159848559647799
24371,0.8750066626816988
24372,0.8750066626816988
24373,0.8749775588512421
24374,0.8329807315021753
24375,0.8750066626816988
24376,0.8750066626816988
24377,0.8750066626816988
24378,0.8750066626816988
24379,0.8750066626816988
24380,0.8330098353326321
24381,0.8750066626816988
24382,0.8749775588512421
24383,0.8750066626816988
24384,0.8330098353326321
24385,0.8750066626816988
24386,0.8749775588512421
24387,0.833999365568161
24388,0.8750066626816988
24389,0.8749775588512421
24390,0.9169743862003088
24391,0.8750066626816988
24392,0.8750066626816988
24393,0.8750066626816988
24394,0.9159848559647799
24395,0.8750066626816988
24396,0.9170034900307655
24397,0.8749775588512421
24398,0.8749775588512421
24399,0.9170034900307655
24400,0.8750066626816988
24401,0.8749775588512421
24402,0.9159848559647799
24403,0.8750066626816988
24404,0.8750066626816988
24405,0.9159848559647799
24406,0.9169743862003088
24407,0.9170034900307655
24408,0.9170034900307655
24409,0.9170034900307655
24410,0.9170034900307655
24411,0.9170034900307655
24412,0.9580107871443033
24413,0.9170034900307655
24414,0.9170034900307655
24415,0.9170034900307655
24416,0.9170034900307655
24417,0.8749775588512421
24418,0.9159848559647799
24419,0.8750066626816988
24420,0.9580107871443033
24421,0.9579816833138466
24422,0.9170034900307655
24423,0.8750066626816988
24424,0.8750066626816988
24425,0.8750066626816988
24426,0.9170034900307655
24427,0.8750066626816988
24428,0.9160139597952366
24429,0.9170034900307655
24430,0.8750066626816988
24431,0.8750066626816988
24432,0.9160139597952366
24433,0.8750066626816988
24434,0.8750066626816988
24435,0.8750066626816988
24436,0.9160139597952366
24437,0.8750066626816988
24438,0.9170034900307655
24439,0.8750066626816988
24440,0.8750066626816988
24441,0.8749775588512421
24442,0.8750066626816988
24443,0.9170034900307655
24444,0.8750066626816988
24445,0.9170034900307655
24446,0.8750066626816988
24447,0.8750066626816988
24448,0.9160139597952366
24449,0.8749775588512421
24450,0.8750066626816988
24451,0.8750066626816988
24452,0.8750066626816988
24453,0.8750066626816988
24454,0.8750066626816988
24455,0.8750066626816988
24456,0.8750066626816988
24457,0.8750066626816988
24458,0.9170034900307655
24459,0.8750066626816988
24460,0.9170034900307655
24461,0.8749775588512421
24462,0.8750066626816988
24463,0.9170034900307655
24464,0.8750066626816988
24465,0.8750066626816988
24466,0.8750066626816988
24467,0.8750066626816988
24468,0.8750066626816988
24469,0.8749775588512421
24470,0.8750066626816988
24471,0.8750066626816988
24472,0.8750066626816988
24473,0.8749775588512421
24474,0.9170034900307655
24475,0.9160139597952366
24476,0.8750066626816988
24477,0.8749775588512421
24478,0.8330098353326321
24479,0.8750066626816988
24480,0.8750066626816988
24481,0.8749775588512421
24482,0.8750066626816988
24483,0.8750066626816988
24484,0.9170034900307655
24485,0.8329807315021753
24486,0.9170034900307655
24487,0.8750066626816988
24488,0.8750066626816988
24489,0.8749775588512421
24490,0.8749775588512421
24491,0.8330098353326321
24492,0.8750066626816988
24493,0.8329807315021753
24494,0.9159848559647799
24495,0.8750066626816988
24496,0.8750066626816988
24497,0.8750066626816988
24498,0.9170034900307655
24499,0.8750066626816988
24500,0.9580107871443033
24501,0.8750066626816988
24502,0.8330098353326321
24503,0.8750066626816988
24504,0.9170034900307655
24505,0.8749775588512421
24506,1.00000761449337
24507,0.8749775588512421
24508,0.8749775588512421
24509,0.8330098353326321
24510,0.8750066626816988
24511,0.9170034900307655
24512,0.8750066626816988
24513,0.8750066626816988
24514,0.833999365568161
24515,0.8750066626816988
24516,0.9169743862003088
24517,0.8750066626816988
24518,0.8750066626816988
24519,0.9580107871443033
24520,0.9159848559647799
24521,0.9170034900307655
24522,0.8750066626816988
24523,0.8750066626816988
24524,0.8749775588512421
24525,0.8750066626816988
24526,0.8750066626816988
24527,0.8750066626816988
24528,0.8750066626816988
24529,0.8750066626816988
24530,0.8750066626816988
24531,0.833999365568161
24532,0.8329807315021753
24533,0.8749775588512421
24534,0.9170034900307655
24535,0.833999365568161
24536,0.8329807315021753
24537,0.8750066626816988
24538,0.8750066626816988
24539,0.9170034900307655
24540,0.8749775588512421
24541,0.8750066626816988
24542,0.8750066626816988
24543,0.9590003173798323
24544,0.9169743862003088
24545,0.8750066626816988
24546,0.8750066626816988
24547,0.8750066626816988
24548,0.8750066626816988
24549,0.8750066626816988
24550,0.9170034900307655
24551,0.8750066626816988
24552,0.9170034900307655
24553,0.8750066626816988
24554,0.9170034900307655
24555,0.8750066626816988
24556,0.8750066626816988
24557,0.8750066626816988
24558,0.8750066626816988
24559,0.8750066626816988
24560,0.9169743862003088
24561,0.8749775588512421
24562,0.8330098353326321
24563,0.8750066626816988
24564,0.9170034900307655
24565,0.8750066626816988
24566,0.9170034900307655
24567,0.8750066626816988
24568,0.8749775588512421
24569,0.9170034900307655
24570,0.8750066626816988
24571,0.8750066626816988
24572,0.8749775588512421
24573,0.8330098353326321
24574,0.8750066626816988
24575,0.8750066626816988
24576,0.8749775588512421
24577,0.9580107871443033
24578,0.9160139597952366
24579,0.8749775588512421
24580,0.8750066626816988
24581,0.8750066626816988
24582,0.9159848559647799
24583,0.8749775588512421
24584,0.8750066626816988
24585,0.8750066626816988
24586,0.8750066626816988
24587,0.9169743862003088
24588,0.8750066626816988
24589,0.8750066626816988
24590,0.8750066626816988
24591,0.8749775588512421
24592,0.9170034900307655
24593,0.8750066626816988
24594,0.9170034900307655
24595,0.8329807315021753
24596,0.9160139597952366
24597,0.8750066626816988
24598,0.8330098353326321
24599,0.9159848559647799
24600,0.8750066626816988
24601,0.8750066626816988
24602,0.833999365568161
24603,0.8749775588512421
24604,0.9160139597952366
24605,0.9170034900307655
24606,0.8750066626816988
24607,0.9159848559647799
24608,0.8750066626816988
24609,0.833999365568161
24610,0.8750066626816988
24611,0.9159848559647799
24612,0.8330098353326321
24613,0.833999365568161
24614,0.8750066626816988
24615,0.833999365568161
24616,0.9170034900307655
24617,0.8330098353326321
24618,0.9160139597952366
24619,0.8750066626816988
24620,0.8750066626816988
24621,0.9160139597952366
24622,0.8330098353326321
24623,0.9169743862003088
24624,0.8750066626816988
24625,0.8750066626816988
24626,0.8330098353326321
24627,0.8750066626816988
24628,0.9170034900307655
24629,0.8750066626816988
24630,0.9160139597952366
24631,0.8750066626816988
24632,0.8330098353326321
24633,0.8330098353326321
24634,0.8750066626816988
24635,0.8329807315021753
24636,0.8750066626816988
24637,0.8750066626816988
24638,0.8330098353326321
24639,0.9159848559647799
24640,0.833999365568161
24641,0.8750066626816988
24642,0.8750066626816988
24643,0.8749775588512421
24644,0.833999365568161
24645,0.8750066626816988
24646,0.833999365568161
24647,0.9579816833138466
24648,0.8750066626816988
24649,0.8750066626816988
24650,0.8750066626816988
24651,0.9590003173798323
24652,0.9170034900307655
24653,0.833999365568161
24654,0.8750066626816988
24655,0.9579816833138466
24656,0.833999365568161
24657,0.8750066626816988
24658,0.8750066626816988
24659,0.9170034900307655
24660,0.8330098353326321
24661,0.8750066626816988
24662,0.8330098353326321
24663,0.8329807315021753
24664,0.833999365568161
24665,0.8750066626816988
24666,0.8750066626816988
24667,0.8749775588512421
24668,0.8329807315021753
24669,0.8750066626816988
24670,0.8750066626816988
24671,0.8329807315021753
24672,0.8749775588512421
24673,0.8750066626816988
24674,0.833999365568161
24675,0.8750066626816988
24676,0.833999365568161
24677,0.9170034900307655
24678,0.9160139597952366
24679,0.9170034900307655
24680,0.8750066626816988
24681,0.9170034900307655
24682,0.8750066626816988
24683,0.8330098353326321
24684,0.833999365568161
24685,0.8750066626816988
24686,0.9170034900307655
24687,0.8749775588512421
24688,0.8749775588512421
24689,0.8750066626816988
24690,0.8750066626816988
24691,1.040985807776451
24692,0.8750066626816988
24693,0.8750066626816988
24694,0.8750066626816988
24695,0.8749775588512421
24696,0.9169743862003088
24697,0.9170034900307655
24698,0.9170034900307655
24699,0.9159848559647799
24700,0.9159848559647799
24701,1.0420044418424368
24702,0.8750066626816988
24703,0.8750066626816988
24704,0.8750066626816988
24705,0.833999365568161
24706,0.9170034900307655
24707,0.9999785106629133
24708,0.8749775588512421
24709,0.8750066626816988
24710,0.9590003173798323
24711,0.9169743862003088
24712,0.9159848559647799
24713,0.8750066626816988
24714,0.9160139597952366
24715,0.8329807315021753
24716,0.833999365568161
24717,0.8750066626816988
24718,0.833999365568161
24719,0.8329807315021753
24720,0.9159848559647799
24721,0.9580107871443033
24722,0.833999365568161
24723,0.8749775588512421
24724,0.833999365568161
24725,0.8750066626816988
24726,1.00000761449337
24727,0.8750066626816988
24728,0.8750066626816988
24729,0.8750066626816988
24730,0.8750066626816988
24731,0.833999365568161
24732,0.9170034900307655
24733,0.8330098353326321
24734,0.8330098353326321
24735,0.833999365568161
24736,0.8750066626816988
24737,0.8750066626816988
24738,0.8750066626816988
24739,0.8329807315021753
24740,0.9159848559647799
24741,0.8750066626816988
24742,0.8750066626816988
24743,0.8749775588512421
24744,0.8750066626816988
24745,0.8750066626816988
24746,0.8750066626816988
24747,0.8749775588512421
24748,0.833999365568161
24749,0.9170034900307655
24750,0.8750066626816988
24751,0.8330098353326321
24752,0.8750066626816988
24753,0.8750066626816988
24754,0.8750066626816988
24755,0.8750066626816988
24756,0.8329807315021753
24757,0.8330098353326321
24758,0.8750066626816988
24759,0.8330098353326321
24760,0.833999365568161
24761,0.8750066626816988
24762,0.833999365568161
24763,0.8329807315021753
24764,0.8749775588512421
24765,0.8750066626816988
24766,0.8750066626816988
24767,1.0420044418424368
24768,0.8750066626816988
24769,0.8750066626816988
24770,0.833999365568161
24771,0.8329807315021753
24772,0.8749775588512421
24773,0.8330098353326321
24774,0.8750066626816988
24775,0.8749775588512421
24776,0.8749775588512421
24777,0.8750066626816988
24778,0.9170034900307655
24779,0.8750066626816988
24780,0.8749775588512421
24781,0.8750066626816988
24782,0.8750066626816988
24783,0.8750066626816988
24784,0.8750066626816988
24785,0.8750066626816988
24786,0.833999365568161
24787,0.8750066626816988
24788,0.9579816833138466
24789,0.8750066626816988
24790,0.8750066626816988
24791,0.8750066626816988
24792,0.8749775588512421
24793,0.8749775588512421
24794,0.8750066626816988
24795,0.8750066626816988
24796,0.833999365568161
24797,0.8750066626816988
24798,0.8750066626816988
24799,0.8750066626816988
24800,0.9169743862003088
24801,0.8750066626816988
24802,0.9160139597952366
24803,0.9160139597952366
24804,0.8750066626816988
24805,0.8750066626816988
24806,0.8330098353326321
24807,0.9160139597952366
24808,0.8329807315021753
24809,0.8749775588512421
24810,0.8750066626816988
24811,0.8750066626816988
24812,0.8749775588512421
24813,0.8749775588512421
24814,0.8750066626816988
24815,0.8750066626816988
24816,0.9579816833138466
24817,0.8750066626816988
24818,0.9170034900307655
24819,0.8330098353326321
24820,0.9159848559647799
24821,0.8749775588512421
24822,0.8330098353326321
24823,0.8330098353326321
24824,0.9590003173798323
24825,0.9170034900307655
24826,0.9160139597952366
24827,0.8750066626816988
24828,0.833999365568161
24829,0.9170034900307655
24830,0.8750066626816988
24831,0.9170034900307655
24832,0.8329807315021753
24833,0.8749775588512421
24834,0.9170034900307655
24835,0.8750066626816988
24836,0.8749775588512421
24837,0.8750066626816988
24838,0.9170034900307655
24839,0.8330098353326321
24840,0.8330098353326321
24841,0.833999365568161
24842,0.8750066626816988
24843,0.9170034900307655
24844,0.8750066626816988
24845,0.8750066626816988
24846,0.833999365568161
24847,0.8750066626816988
24848,0.833999365568161
24849,0.8749775588512421
24850,0.9170034900307655
24851,0.8750066626816988
24852,0.9170034900307655
24853,0.8750066626816988
24854,0.8750066626816988
24855,0.8750066626816988
24856,0.8749775588512421
24857,0.8749775588512421
24858,0.833999365568161
24859,0.8750066626816988
24860,0.8750066626816988
24861,0.9590003173798323
24862,0.8750066626816988
24863,0.8750066626816988
24864,0.833999365568161
24865,0.8750066626816988
24866,0.9160139597952366
24867,0.8750066626816988
24868,0.833999365568161
24869,0.8749775588512421
24870,0.9170034900307655
24871,0.8750066626816988
24872,0.8750066626816988
24873,0.8750066626816988
24874,0.9160139597952366
24875,0.8330098353326321
24876,0.8749775588512421
24877,0.8329807315021753
24878,0.8750066626816988
24879,0.8750066626816988
24880,0.8749775588512421
24881,0.8749775588512421
24882,0.8330098353326321
24883,0.8750066626816988
24884,0.8750066626816988
24885,0.8329807315021753
24886,0.8750066626816988
24887,0.8750066626816988
24888,0.833999365568161
24889,0.8749775588512421
24890,0.8749775588512421
24891,0.8330098353326321
24892,0.8750066626816988
24893,0.8749775588512421
24894,0.8329807315021753
24895,0.833999365568161
24896,0.8330098353326321
24897,0.8329807315021753
24898,0.9170034900307655
24899,0.8750066626816988
24900,0.8750066626816988
24901,0.8750066626816988
24902,0.8750066626816988
24903,0.8750066626816988
24904,0.8330098353326321
24905,0.8750066626816988
24906,0.8330098353326321
24907,0.8750066626816988
24908,0.8750066626816988
24909,0.8749775588512421
24910,0.9170034900307655
24911,0.8330098353326321
24912,0.9160139597952366
24913,0.9159848559647799
24914,0.8750066626816988
24915,0.8750066626816988
24916,0.8750066626816988
24917,0.9579816833138466
24918,0.8750066626816988
24919,0.8750066626816988
24920,0.8750066626816988
24921,0.8750066626816988
24922,0.8750066626816988
24923,0.8750066626816988
24924,0.8750066626816988
24925,0.8749775588512421
24926,0.8749775588512421
24927,0.9170034900307655
24928,0.9170034900307655
24929,0.8749775588512421
24930,0.9159848559647799
24931,0.9170034900307655
24932,0.8750066626816988
24933,0.8329807315021753
24934,0.8749775588512421
24935,0.8330098353326321
24936,0.8750066626816988
24937,0.8750066626816988
24938,0.8750066626816988
24939,0.8750066626816988
24940,0.8750066626816988
24941,0.8750066626816988
24942,0.8749775588512421
24943,0.9160139597952366
24944,0.9170034900307655
24945,0.9170034900307655
24946,0.9170034900307655
24947,0.8750066626816988
24948,0.8750066626816988
24949,0.8750066626816988
24950,0.9169743862003088
24951,0.8750066626816988
24952,0.8750066626816988
24953,0.8750066626816988
24954,0.8750066626816988
24955,0.9170034900307655
24956,0.8750066626816988
24957,0.8750066626816988
24958,0.8749775588512421
24959,0.8750066626816988
24960,0.8750066626816988
24961,0.9170034900307655
24962,0.833999365568161
24963,0.9170034900307655
24964,0.8750066626816988
24965,0.8750066626816988
24966,0.8750066626816988
24967,0.8330098353326321
24968,0.8750066626816988
24969,0.8329807315021753
24970,0.8749775588512421
24971,0.8750066626816988
24972,0.8750066626816988
24973,0.8750066626816988
24974,0.8750066626816988
24975,0.8750066626816988
24976,0.8750066626816988
24977,0.9159848559647799
24978,0.8749775588512421
24979,0.8750066626816988
24980,0.9160139597952366
24981,0.8750066626816988
24982,0.9170034900307655
24983,0.8750066626816988
24984,0.9170034900307655
24985,0.9170034900307655
24986,0.8749775588512421
24987,0.9160139597952366
24988,0.9160139597952366
24989,0.9170034900307655
24990,0.9170034900307655
24991,0.9160139597952366
24992,0.9160139597952366
24993,0.9170034900307655
24994,0.9170034900307655
24995,0.8750066626816988
24996,0.8750066626816988
24997,0.8750066626816988
24998,0.9159848559647799
24999,0.8750066626816988
25000,0.8750066626816988
25001,0.8749775588512421
25002,0.8749775588512421
25003,0.8330098353326321
25004,0.8750066626816988
25005,0.8329807315021753
25006,0.8749775588512421
25007,0.8750066626816988
25008,0.8750066626816988
25009,0.8329807315021753
25010,0.9159848559647799
25011,0.8330098353326321
25012,0.8750066626816988
25013,0.8750066626816988
25014,0.8750066626816988
25015,0.8330098353326321
25016,0.9170034900307655
25017,0.8750066626816988
25018,0.833999365568161
25019,0.8750066626816988
25020,0.8750066626816988
25021,0.8330098353326321
25022,0.9170034900307655
25023,0.8750066626816988
25024,0.8750066626816988
25025,0.8750066626816988
25026,0.8340284693986177
25027,0.8750066626816988
25028,0.8750066626816988
25029,0.8750066626816988
25030,0.8749775588512421
25031,0.8750066626816988
25032,0.9590003173798323
25033,0.8330098353326321
25034,0.9159848559647799
25035,0.8750066626816988
25036,0.8750066626816988
25037,0.8750066626816988
25038,0.8749775588512421
25039,0.8750066626816988
25040,0.8750066626816988
25041,0.8750066626816988
25042,0.8749775588512421
25043,0.8750066626816988
25044,0.8330098353326321
25045,0.8750066626816988
25046,0.8749775588512421
25047,0.8750066626816988
25048,0.833999365568161
25049,0.8750066626816988
25050,0.8750066626816988
25051,0.8330098353326321
25052,0.8750066626816988
25053,0.8750066626816988
25054,0.8750066626816988
25055,0.9170034900307655
25056,0.8750066626816988
25057,0.8750066626816988
25058,0.8330098353326321
25059,0.8750066626816988
25060,0.8330098353326321
25061,0.9580107871443033
25062,0.8750066626816988
25063,0.8329807315021753
25064,0.8750066626816988
25065,0.8750066626816988
25066,0.8750066626816988
25067,0.8749775588512421
25068,0.833999365568161
25069,0.8750066626816988
25070,0.8330098353326321
25071,0.8750066626816988
25072,0.8330098353326321
25073,0.8750066626816988
25074,0.8330098353326321
25075,0.8750066626816988
25076,0.8750066626816988
25077,0.8750066626816988
25078,0.8750066626816988
25079,0.8749775588512421
25080,0.833999365568161
25081,0.8330098353326321
25082,0.8330098353326321
25083,0.8749775588512421
25084,0.8750066626816988
25085,0.833999365568161
25086,0.9170034900307655
25087,0.8329807315021753
25088,0.8750066626816988
25089,0.833999365568161
25090,0.8750066626816988
25091,0.833999365568161
25092,0.8750066626816988
25093,0.8330098353326321
25094,0.8750066626816988
25095,0.8750066626816988
25096,0.833999365568161
25097,0.8330098353326321
25098,0.8750066626816988
25099,0.8750066626816988
25100,0.8329807315021753
25101,0.8750066626816988
25102,0.8330098353326321
25103,0.8330098353326321
25104,0.833999365568161
25105,0.8330098353326321
25106,0.8750066626816988
25107,0.8750066626816988
25108,0.9159848559647799
25109,0.8750066626816988
25110,0.8750066626816988
25111,0.8330098353326321
25112,0.833999365568161
25113,0.8750066626816988
25114,0.8750066626816988
25115,0.8750066626816988
25116,0.9159848559647799
25117,0.8330098353326321
25118,0.8330098353326321
25119,0.833999365568161
25120,0.8749775588512421
25121,0.8329807315021753
25122,0.8750066626816988
25123,0.8750066626816988
25124,0.8749775588512421
25125,0.8749775588512421
25126,0.9170034900307655
25127,0.8330098353326321
25128,0.8750066626816988
25129,0.8750066626816988
25130,0.8330098353326321
25131,0.8750066626816988
25132,0.9170034900307655
25133,0.8750066626816988
25134,0.8750066626816988
25135,0.8750066626816988
25136,0.8329807315021753
25137,0.8330098353326321
25138,0.9160139597952366
25139,0.8750066626816988
25140,0.8749775588512421
25141,0.8329807315021753
25142,0.833999365568161
25143,0.8330098353326321
25144,0.7909839041531086
25145,0.8749775588512421
25146,0.8330098353326321
25147,0.8330098353326321
25148,0.833999365568161
25149,0.9170034900307655
25150,0.8750066626816988
25151,0.7920025382190943
25152,0.8329807315021753
25153,0.8749775588512421
25154,0.8750066626816988
25155,0.8750066626816988
25156,0.8330098353326321
25157,0.8749775588512421
25158,0.8750066626816988
25159,0.8750066626816988
25160,0.8750066626816988
25161,0.8329807315021753
25162,0.8749775588512421
25163,0.8750066626816988
25164,0.9170034900307655
25165,0.8749775588512421
25166,0.8329807315021753
25167,0.833999365568161
25168,0.8330098353326321
25169,0.8750066626816988
25170,0.8750066626816988
25171,0.8330098353326321
25172,0.833999365568161
25173,0.7920025382190943
25174,0.8329807315021753
25175,0.8330098353326321
25176,0.833999365568161
25177,0.8329807315021753
25178,0.8329807315021753
25179,0.8750066626816988
25180,0.9170034900307655
25181,0.8749775588512421
25182,0.8749775588512421
25183,0.8750066626816988
25184,0.8330098353326321
25185,0.833999365568161
25186,0.8329807315021753
25187,0.8750066626816988
25188,0.8750066626816988
25189,0.8750066626816988
25190,0.8750066626816988
25191,0.8750066626816988
25192,0.8750066626816988
25193,0.8750066626816988
25194,0.9170034900307655
25195,0.8330098353326321
25196,0.8330098353326321
25197,0.9160139597952366
25198,0.8750066626816988
25199,0.8750066626816988
25200,0.8330098353326321
25201,0.8750066626816988
25202,0.8329807315021753
25203,0.8749775588512421
25204,0.8330098353326321
25205,0.8750066626816988
25206,0.8329807315021753
25207,0.8749775588512421
25208,0.8330098353326321
25209,0.8330098353326321
25210,0.833999365568161
25211,0.8749775588512421
25212,0.8750066626816988
25213,0.8750066626816988
25214,0.9159848559647799
25215,0.8329807315021753
25216,0.8750066626816988
25217,0.8750066626816988
25218,0.8749775588512421
25219,0.8749775588512421
25220,0.9170034900307655
25221,0.833999365568161
25222,0.9170034900307655
25223,0.8749775588512421
25224,0.833999365568161
25225,0.8750066626816988
25226,0.8749775588512421
25227,0.8329807315021753
25228,0.8750066626816988
25229,0.8750066626816988
25230,0.833999365568161
25231,0.8749775588512421
25232,0.9160139597952366
25233,0.8330098353326321
25234,0.8750066626816988
25235,0.8750066626816988
25236,0.8750066626816988
25237,0.833999365568161
25238,0.8750066626816988
25239,0.8750066626816988
25240,0.8330098353326321
25241,0.9170034900307655
25242,0.833999365568161
25243,0.8749775588512421
25244,0.833999365568161
25245,0.8750066626816988
25246,0.9160139597952366
25247,0.8329807315021753
25248,0.8750066626816988
25249,0.8750066626816988
25250,0.833999365568161
25251,0.8749775588512421
25252,0.8749775588512421
25253,0.8750066626816988
25254,0.8750066626816988
25255,0.8329807315021753
25256,0.8329807315021753
25257,0.8750066626816988
25258,0.8750066626816988
25259,0.8750066626816988
25260,0.8330098353326321
25261,0.8330098353326321
25262,0.8750066626816988
25263,0.8330098353326321
25264,0.9579816833138466
25265,0.9160139597952366
25266,0.9170034900307655
25267,0.8329807315021753
25268,0.8749775588512421
25269,0.8750066626816988
25270,0.7910130079835653
25271,0.8330098353326321
25272,0.833999365568161
25273,0.8750066626816988
25274,0.9170034900307655
25275,0.8750066626816988
25276,0.9169743862003088
25277,0.8330098353326321
25278,0.8330098353326321
25279,0.833999365568161
25280,0.8749775588512421
25281,0.833999365568161
25282,0.8750066626816988
25283,0.8750066626816988
25284,0.9170034900307655
25285,0.8750066626816988
25286,0.8750066626816988
25287,0.8750066626816988
25288,0.8749775588512421
25289,0.833999365568161
25290,0.8750066626816988
25291,0.8750066626816988
25292,0.8750066626816988
25293,0.8750066626816988
25294,0.8750066626816988
25295,0.8330098353326321
25296,0.833999365568161
25297,0.9170034900307655
25298,0.8750066626816988
25299,0.8750066626816988
25300,0.9169743862003088
25301,0.9159848559647799
25302,0.8750066626816988
25303,0.8750066626816988
25304,0.9159848559647799
25305,0.8750066626816988
25306,0.9170034900307655
25307,0.8750066626816988
25308,0.9170034900307655
25309,0.8750066626816988
25310,0.9580107871443033
25311,0.8750066626816988
25312,0.9170034900307655
25313,0.8750066626816988
25314,0.8330098353326321
25315,0.8749775588512421
25316,0.8749775588512421
25317,0.8750066626816988
25318,0.9170034900307655
25319,0.9159848559647799
25320,0.8749775588512421
25321,0.8750066626816988
25322,0.8750066626816988
25323,0.8750066626816988
25324,0.8749775588512421
25325,0.8750066626816988
25326,0.9170034900307655
25327,0.8749775588512421
25328,0.8749775588512421
25329,0.8750066626816988
25330,0.9170034900307655
25331,0.9170034900307655
25332,0.8750066626816988
25333,0.9160139597952366
25334,0.9160139597952366
25335,0.8750066626816988
25336,0.9169743862003088
25337,0.8750066626816988
25338,0.8750066626816988
25339,0.8750066626816988
25340,0.9170034900307655
25341,0.9580107871443033
25342,0.9580107871443033
25343,0.9159848559647799
25344,0.8749775588512421
25345,0.8750066626816988
25346,0.833999365568161
25347,0.8750066626816988
25348,0.8750066626816988
25349,0.9160139597952366
25350,0.8750066626816988
25351,0.8750066626816988
25352,0.8750066626816988
25353,0.9170034900307655
25354,0.8750066626816988
25355,0.9170034900307655
25356,0.9579816833138466
25357,0.8750066626816988
25358,0.9170034900307655
25359,0.8749775588512421
25360,0.833999365568161
25361,0.8750066626816988
25362,0.9170034900307655
25363,0.9159848559647799
25364,0.9580107871443033
25365,0.8750066626816988
25366,0.8750066626816988
25367,0.8750066626816988
25368,0.9580107871443033
25369,0.8750066626816988
25370,0.8330098353326321
25371,0.9159848559647799
25372,0.8750066626816988
25373,0.9170034900307655
25374,0.9160139597952366
25375,0.9579816833138466
25376,0.9170034900307655
25377,0.8750066626816988
25378,0.8750066626816988
25379,0.8749775588512421
25380,0.8750066626816988
25381,0.8750066626816988
25382,0.8750066626816988
25383,0.833999365568161
25384,0.8750066626816988
25385,0.9170034900307655
25386,0.8750066626816988
25387,0.8750066626816988
25388,0.8750066626816988
25389,0.9160139597952366
25390,0.9160139597952366
25391,0.8750066626816988
25392,0.9170034900307655
25393,0.8750066626816988
25394,0.8330098353326321
25395,0.8749775588512421
25396,0.8749775588512421
25397,0.8330098353326321
25398,0.8750066626816988
25399,0.8749775588512421
25400,0.8750066626816988
25401,0.8750066626816988
25402,0.8750066626816988
25403,0.9159848559647799
25404,0.9170034900307655
25405,0.9170034900307655
25406,0.8750066626816988
25407,0.9159848559647799
25408,0.8749775588512421
25409,0.9170034900307655
25410,0.8750066626816988
25411,0.8749775588512421
25412,0.9159848559647799
25413,0.9160139597952366
25414,0.8750066626816988
25415,0.8749775588512421
25416,0.8749775588512421
25417,0.8750066626816988
25418,0.8750066626816988
25419,0.8750066626816988
25420,0.9580107871443033
25421,0.9580107871443033
25422,0.8750066626816988
25423,0.8750066626816988
25424,0.9160139597952366
25425,0.9160139597952366
25426,0.8750066626816988
25427,0.8749775588512421
25428,0.8750066626816988
25429,0.9160139597952366
25430,0.9170034900307655
25431,0.8750066626816988
25432,0.9160139597952366
25433,0.8750066626816988
25434,0.8750066626816988
25435,0.9170034900307655
25436,0.8750066626816988
25437,0.8750066626816988
25438,0.9159848559647799
25439,0.9169743862003088
25440,0.8750066626816988
25441,0.8750066626816988
25442,0.9159848559647799
25443,0.8749775588512421
25444,0.8330098353326321
25445,0.9160139597952366
25446,0.9170034900307655
25447,0.9170034900307655
25448,0.8750066626816988
25449,0.9580107871443033
25450,0.9580107871443033
25451,0.8750066626816988
25452,0.8750066626816988
25453,0.9170034900307655
25454,0.8750066626816988
25455,0.8750066626816988
25456,0.8750066626816988
25457,0.9170034900307655
25458,0.9170034900307655
25459,0.9170034900307655
25460,0.8750066626816988
25461,0.9170034900307655
25462,0.9169743862003088
25463,0.9159848559647799
25464,0.8750066626816988
25465,0.9170034900307655
25466,0.8749775588512421
25467,0.8749775588512421
25468,0.9170034900307655
25469,0.8750066626816988
25470,0.9159848559647799
25471,0.8749775588512421
25472,0.9170034900307655
25473,0.9170034900307655
25474,0.8749775588512421
25475,0.9159848559647799
25476,0.8750066626816988
25477,0.8330098353326321
25478,0.9159848559647799
25479,0.8749775588512421
25480,0.8750066626816988
25481,0.8330098353326321
25482,0.8749775588512421
25483,0.8749775588512421
25484,0.833999365568161
25485,0.8750066626816988
25486,0.8749775588512421
25487,0.9170034900307655
25488,0.9170034900307655
25489,0.833999365568161
25490,0.9170034900307655
25491,0.8750066626816988
25492,0.9160139597952366
25493,0.9170034900307655
25494,0.8749775588512421
25495,0.9170034900307655
25496,0.8750066626816988
25497,0.8330098353326321
25498,0.9169743862003088
25499,0.833999365568161
25500,0.9170034900307655
25501,0.9170034900307655
25502,0.833999365568161
25503,0.9170034900307655
25504,0.833999365568161
25505,0.8750066626816988
25506,0.8750066626816988
25507,0.8750066626816988
25508,0.8750066626816988
25509,0.9170034900307655
25510,0.8749775588512421
25511,0.9159848559647799
25512,0.8750066626816988
25513,0.9170034900307655
25514,1.00000761449337
25515,0.8750066626816988
25516,0.833999365568161
25517,0.9170034900307655
25518,0.8749775588512421
25519,0.8750066626816988
25520,0.8750066626816988
25521,0.8750066626816988
25522,0.9159848559647799
25523,0.9170034900307655
25524,0.8330098353326321
25525,0.8750066626816988
25526,1.00000761449337
25527,0.8330098353326321
25528,0.8750066626816988
25529,0.9159848559647799
25530,0.9170034900307655
25531,0.9170034900307655
25532,0.8750066626816988
25533,0.8750066626816988
25534,0.8750066626816988
25535,0.8750066626816988
25536,0.8750066626816988
25537,0.833999365568161
25538,0.8750066626816988
25539,0.8750066626816988
25540,0.8330098353326321
25541,0.8749775588512421
25542,0.8749775588512421
25543,0.8330098353326321
25544,0.9160139597952366
25545,0.9170034900307655
25546,0.9590003173798323
25547,0.8750066626816988
25548,0.8750066626816988
25549,0.8749775588512421
25550,0.9170034900307655
25551,0.8750066626816988
25552,0.8750066626816988
25553,0.8749775588512421
25554,0.9159848559647799
25555,0.8750066626816988
25556,0.8750066626816988
25557,1.04197533801198
25558,0.8749775588512421
25559,0.9170034900307655
25560,0.8750066626816988
25561,0.8750066626816988
25562,0.8750066626816988
25563,0.9170034900307655
25564,1.0420044418424368
25565,0.8750066626816988
25566,0.8750066626816988
25567,0.8750066626816988
25568,1.0420044418424368
25569,1.00000761449337
25570,0.9170034900307655
25571,0.8750066626816988
25572,0.9159848559647799
25573,0.8329807315021753
25574,0.9170034900307655
25575,0.8750066626816988
25576,0.8750066626816988
25577,0.9170034900307655
25578,0.9160139597952366
25579,0.8750066626816988
25580,0.9170034900307655
25581,0.8750066626816988
25582,0.9170034900307655
25583,1.00000761449337
25584,0.9170034900307655
25585,0.8750066626816988
25586,0.8750066626816988
25587,0.8750066626816988
25588,0.8749775588512421
25589,0.8749775588512421
25590,0.9170034900307655
25591,1.00000761449337
25592,0.8329807315021753
25593,0.833999365568161
25594,0.9170034900307655
25595,1.0420044418424368
25596,0.9169743862003088
25597,0.8750066626816988
25598,0.8750066626816988
25599,0.8750066626816988
25600,0.8749775588512421
25601,0.9170034900307655
25602,0.8330098353326321
25603,0.8750066626816988
25604,0.9170034900307655
25605,0.9170034900307655
