serial_date,discount_factor
46069,0.9997605294409608
46070,0.9992148484949847
46071,0.9991687899779643
46072,0.9991253243467804
46073,0.9996048724236375
46076,0.9994074206815786
46077,0.9995828945443171
46078,0.9973527857270775
46079,0.997894810224986
46080,0.9973775681157105
46083,0.9994805687270865
46084,0.995478848374245
46085,0.9958209291106815
46086,0.998485805416217
46087,0.9985564266791714
46090,0.9983311274467672
46091,0.9975450368703931
46092,0.9960879406918736
46093,0.9965245429002488
46094,0.9973249902300987
46097,0.994666321921955
46098,0.9980862503497303
46099,0.9968232030665368
46100,0.9961223467000392
46101,0.9952562894284088
46104,0.9918562566190127
46105,0.9970922239173646
46106,0.9940044485548276
46107,0.9930851350467511
46108,0.998408385708989
46111,0.9922333922061604
46112,0.9968798840093672
46113,0.998003875473489
46114,0.9877907998279497
46119,0.9862889524434513
46120,0.9880553208867904
46121,0.9944798868713253
46122,0.9971725610182868
46125,0.9886899344905531
46126,0.992012319704779
46127,0.9965566093247886
46128,0.9909222178649085
46129,0.9977781214924561
46132,0.9837781533718813
46133,0.99399848396904
46134,0.9873004805811676
46135,0.9929355595640545
46136,0.9893187623657539
46139,0.9883893474520004
46140,0.994686785124583
46141,0.9804741515408617
46142,0.9837441335490302
46146,0.9797426849718317
46147,0.980352410260528
46148,0.9859389956440957
46149,0.9793304895950065
46150,0.9959232940894669
46153,0.9935090826629462
46154,0.9966518377142743
46155,0.9905745195244275
46156,0.9890919696133039
46157,0.9915484452372096
46160,0.9786784428798266
46161,0.9892143859816733
46162,0.9908585054571448
46163,0.9846427220375374
46164,0.9939899999059525
46167,0.9777317551534918
46168,0.9953869323450532
46169,0.972762416419841
46170,0.9778149698691739
46171,0.9920863319186788
46174,0.9969275297602854
46175,0.9756271796033726
46176,0.9782555907476764
46177,0.9774708879022479
46178,0.9761386339977363
46181,0.9948088683340635
46182,0.986772859693409
46183,0.9935287744086687
46184,0.9722858609596571
46185,0.9788583937292857
46188,0.9868989605592857
46189,0.9947593401883918
46190,0.9872800181745777
46191,0.9867487297872327
46192,0.9744203289547347
46195,0.9766477727331098
46196,0.9687439883105051
46197,0.9814753342672042
46198,0.9925755989772601
46199,0.9735256652650339
46202,0.9713937406646365
46203,0.977704271710508
46204,0.9706422339989275
46205,0.9796269913528022
46206,0.9785099242861149
46209,0.9813165374406401
46210,0.9951974755837609
46211,0.9922540654539084
46212,0.9949166603614068
46213,0.9734480937450798
46216,0.9844899940873786
46217,0.9773409240677594
46218,0.9627819728362819
46219,0.9865831001512717
46220,0.9805183699631324
46223,0.9672127316119811
46224,0.9869275172649548
46225,0.9926989629643642
46226,0.9844068430294526
46227,0.989313438693343
46230,0.9590309247966232
46231,0.96351019456827
46232,0.9701636247559995
46233,0.9605798750930393
46234,0.9630316349544892
46237,0.9875993870133747
46238,0.9585638238721208
46239,0.9727906780388303
46240,0.9615745978472017
46241,0.9577072592337563
46244,0.9814460767033335
46245,0.9903400237157091
46246,0.9851469306757811
46247,0.9763949898593398
46248,0.959380979838554
46251,0.9568656112131881
46252,0.9946288518916296
46253,0.9718825638107956
46254,0.9759246118711489
46255,0.9846719380488372
46258,0.989180909038235
46259,0.9789802516046269
46260,0.9510773922523996
46261,0.9794386476248826
46262,0.9701670013900143
46265,0.9610321735200547
46266,0.9769744180697304
46267,0.9479979378202318
46268,0.9481834153273069
46269,0.9820873000239837
46272,0.9697166839155317
46273,0.9792906410200776
46274,0.9799930454094152
46275,0.9924382591456372
46276,0.9635417445799421
46279,0.9684240217038845
46280,0.991497047675075
46281,0.979643659661731
46282,0.9473933147702472
46283,0.9814963931081047
46286,0.9862707940470586
46287,0.9679464308215608
46288,0.9419849386394441
46289,0.9808534381598095
46290,0.9578464106160274
46293,0.9525298666860659
46294,0.9806689188298199
46295,0.9539096677334731
46296,0.973321213558782
46297,0.9587155050751965
46300,0.9581210564189174
46301,0.9633635461623348
46302,0.9883976173903474
46303,0.9464155903175444
46304,0.9750768306988014
46307,0.9825410546538662
46308,0.9910148216092259
46309,0.95897579197529
46310,0.9538434631595979
46311,0.9923465102435735
46314,0.9627555948039341
46315,0.9795667544768841
46316,0.9546277934572748
46317,0.9825560086980191
46318,0.9515727538613988
46321,0.969300897240461
46322,0.936238709594624
46323,0.9844280437080165
46324,0.9717522208543276
46325,0.9858143043487619
46328,0.9355128293797894
46329,0.9381395115032606
46330,0.9763513014349927
46331,0.9510438331619873
46332,0.9411435621887452
46335,0.9569239552717803
46336,0.9583895714559687
46337,0.9767752841653438
46338,0.9864467210543979
46339,0.934609051648862
46342,0.9337094303661577
46343,0.9506139562234356
46344,0.9697225878951129
46345,0.968938596366593
46346,0.9440410690028128
46349,0.9322950721189426
46350,0.9327155098055244
46351,0.9395131376346975
46352,0.9484498789013281
46353,0.9863251491442873
46356,0.9807521372773214
46357,0.9303466834092025
46358,0.9498169809468552
46359,0.9913752209400937
46360,0.9847589695417478
46363,0.9450323406908993
46364,0.9915284270844541
46365,0.9802178157290633
46366,0.9525166010487781
46367,0.9423293220908571
46370,0.9445837602870878
46371,0.9751736231756067
46372,0.9399618927375041
46373,0.9740579377229363
46374,0.9674966948093563
46377,0.9365487278449537
46378,0.94333142280201
46379,0.9287831580104822
46380,0.9423970048377267
46384,0.9482790882555426
46385,0.9840707765408274
46386,0.9630370981559924
46387,0.9707438167303537
46391,0.972029480539937
46392,0.9167887142021804
46393,0.9602802576891798
46394,0.9222999895676672
46395,0.9417356044684543
46398,0.9287291238285289
46399,0.9509980397889116
46400,0.9450734510272716
46401,0.9515028917655785
46402,0.9750118171575052
46405,0.9328869864790256
46406,0.9677735415297752
46407,0.9887105964992836
46408,0.9383660216351744
46409,0.9759876090916394
46412,0.9144290025446165
46413,0.913141950074673
46414,0.9159585646503654
46415,0.959544193742466
46416,0.989167340656805
46419,0.9137330663099558
46420,0.9541438331577066
46421,0.9102138763070647
46422,0.9102137871977034
46423,0.9188510062135066
46426,0.9647363825130496
46427,0.9569089517893934
46428,0.9179124767568696
46429,0.962514302464357
46430,0.9751968146099663
46433,0.9415038851467711
46434,0.9095817599583604
46435,0.9293779897388521
46436,0.9399041787048507
46437,0.9811767352593687
46440,0.9353981668655801
46441,0.9034373365819768
46442,0.977040722526201
46443,0.94331320093784
46444,0.9122069403355075
46447,0.9232825558584776
46448,0.9268906855598817
46449,0.9262288095665738
46450,0.9565302125244644
46451,0.962405623041791
46454,0.9159113020596792
46455,0.9156375464846834
46456,0.9104418839133979
46457,0.906190122892639
46458,0.9417538542519392
46461,0.9422193535851375
46462,0.915235672653448
46463,0.928379870927829
46464,0.923492557469407
46465,0.9148448381411658
46468,0.9057543889881251
46469,0.956459445553987
46470,0.9527881267534675
46471,0.9797766521441054
46476,0.9328371521085801
46477,0.9852434678356514
46478,0.9432299985558824
46479,0.9357429939433471
46482,0.960125497910721
46483,0.930528863238974
46484,0.9855447433688242
46485,0.9848149964329923
46486,0.9080403297691831
46489,0.9521418939639628
46490,0.9754643873867628
46491,0.9359287772397599
46492,0.9117996994382912
46493,0.966241660292943
46496,0.9252944283901028
46497,0.9793854542747422
46498,0.9828481557630333
46499,0.9338534088167469
46500,0.9327807779928272
46503,0.9226795518556402
46504,0.9137379727128804
46505,0.8892365222481996
46506,0.9343397565919795
46507,0.9539983283357071
46510,0.9057450069120633
46511,0.9590472358165105
46512,0.9414270929952585
46513,0.9793685707492927
46514,0.9850718331182502
46517,0.8876806933111431
46518,0.9000349037210854
46519,0.9139756792689379
46520,0.9435646051549308
46521,0.9686636629201505
46524,0.9703012920204682
46525,0.9600131921674814
46526,0.9279886628140374
46527,0.9105963744968482
46528,0.9160580098892915
46531,0.95624623189944
46532,0.884951688574238
46533,0.9070528954222448
46534,0.9262336360697319
46535,0.9199712899736063
46538,0.9402258221021944
46539,0.9590967510650141
46540,0.9469811922099244
46541,0.9034261922489527
46542,0.9854079990492497
46545,0.973578752073674
46546,0.9816144735731414
46547,0.9821893290669522
46548,0.8916888312226543
46549,0.9077060066044652
46552,0.9323997268575052
46553,0.9752717923528453
46554,0.9301803586999042
46555,0.9320748676191155
46556,0.966299805699114
46559,0.9360258413572695
46560,0.9399301265816886
46561,0.9152574837388525
46562,0.9129466179883061
46563,0.9810520295637354
46566,0.9419868355393552
46567,0.9131460521695035
46568,0.9269268879743864
46569,0.8871240605110924
46570,0.9089393773258
46573,0.9663860630193692
46574,0.9775435154010695
46575,0.9099301660570656
46576,0.9828757589112158
46577,0.9160943768079804
46580,0.8754760528885895
46581,0.9166609334561582
46582,0.9385662329225489
46583,0.90847819104423
46584,0.9299892882201406
46587,0.9192426894032896
46588,0.873523751506808
46589,0.9380073074784734
46590,0.8708523373034425
46591,0.8769262109740295
46594,0.9609042839835634
46595,0.976777857640556
46596,0.9727399803329695
46597,0.983240169208685
46598,0.9734454366607411
46601,0.9007185179403937
46602,0.9762382783407931
46603,0.9447431862010549
46604,0.8811009456520579
46605,0.9823310359268204
46608,0.8838483490008199
46609,0.9488377463703634
46610,0.9697685447086417
46611,0.8973024150709258
46612,0.9053342316975403
46615,0.8749569429106381
46616,0.8917695227147211
46617,0.8833500580421675
46618,0.9479875047971519
46619,0.9614867341784922
46622,0.8887612905475463
46623,0.8817500936059743
46624,0.8595909069391456
46625,0.9304756781286478
46626,0.9355764546100958
46629,0.8842734317796536
46630,0.9391917081406327
46631,0.865116522045747
46632,0.8736553797994071
46633,0.9273929017572634
46636,0.8860895329447309
46637,0.88544415582715
46638,0.9702872558380939
46639,0.8667815593607953
46640,0.9165995835722922
46643,0.8753246570829186
46644,0.9405006422624238
46645,0.8663501883133109
46646,0.9310631090008124
46647,0.9827108589266286
46650,0.8640502410777032
46651,0.9712753459182983
46652,0.9398008424094535
46653,0.8578446628745697
46654,0.8575525579175021
46657,0.9052104568488564
46658,0.8973880446719101
46659,0.921566869930901
46660,0.9425940155529312
46661,0.9376185527514131
46664,0.8910501516676748
46665,0.8804494775330848
46666,0.8751796500921905
46667,0.8752387483807894
46668,0.970463246032361
46671,0.913764219629016
46672,0.975152072942115
46673,0.9060000617590585
46674,0.9206138975924821
46675,0.8609316176888248
46678,0.9327596543223878
46679,0.9661530531907059
46680,0.9623204157864014
46681,0.876242376231949
46682,0.8952983418207833
46685,0.9681764353412131
46686,0.9706433912183644
46687,0.8832489711129181
46688,0.97223726026472
46689,0.8666763586892672
46692,0.8816483601910804
46693,0.970729555911281
46694,0.970160045997378
46695,0.8436766765802218
46696,0.9274830690738816
46699,0.9276745427431666
46700,0.8657093903602328
46701,0.8475104874130649
46702,0.8421638272262342
46703,0.873217276367344
46706,0.9260834513758709
46707,0.9697554564925552
46708,0.8690162624199809
46709,0.8994379607687707
46710,0.9186262180055933
46713,0.8503819228175113
46714,0.965155709217137
46715,0.9080412528865186
46716,0.9805930707377929
46717,0.9112642826673893
46720,0.9734040609956532
46721,0.9636005688055388
46722,0.9637469688147494
46723,0.8842772870201026
46724,0.8703505038826812
46727,0.8931332752990375
46728,0.8395153365189434
46729,0.9237367141021761
46730,0.9371870043838675
46731,0.8517995366310812
46734,0.9464398780386997
46735,0.8378166497765219
46736,0.9798715807567514
46737,0.8364525697829881
46738,0.9747985372847232
46741,0.8465665908076253
46742,0.8991343104581238
46743,0.8319085026581163
46744,0.9696046024209629
46745,0.8947887343782972
46748,0.8340843926382662
46749,0.8988389913800757
46750,0.8827529018028303
46751,0.8727702032008107
46752,0.9088811175745874
46755,0.88222277557964
46756,0.8885662139108226
46757,0.8417902393606286
46758,0.973677807684173
46759,0.9352890139407575
46762,0.8336738821240505
46763,0.8421034644121386
46764,0.907187220229174
46765,0.8817435241309409
46766,0.9352335061246756
46769,0.9495226670858165
46770,0.9051642148672296
46771,0.9225388910235167
46772,0.8862330839984242
46773,0.9676598174417715
46776,0.827149169059006
46777,0.8252189913923433
46778,0.8677273550339835
46779,0.8925927861629003
46780,0.9287165074354606
46783,0.8493446075049574
46784,0.8687494154450803
46785,0.9526943850320873
46786,0.8342728354135627
46787,0.8472541611897948
46790,0.8276765649932312
46791,0.8612319104294347
46792,0.8785157144832149
46793,0.9095897149691984
46794,0.8293450619344409
46797,0.8387089782323351
46798,0.9722153868223189
46799,0.975491480115205
46800,0.9156472583881935
46801,0.8463615569075036
46804,0.8190537653330541
46805,0.9535237640804213
46806,0.8794060118347258
46807,0.9141382052348196
46808,0.8207664434050438
46811,0.8395644710301605
46812,0.8399517799918854
46813,0.8988382204142624
46814,0.9076720933464967
46815,0.9315365037270542
46818,0.9694611776163882
46819,0.8344824303506856
46820,0.8423476452911244
46821,0.8134076725188041
46822,0.8136514376882532
46825,0.8828679896402943
46826,0.8481387451561667
46827,0.8204777986067172
46828,0.8350360258122134
46829,0.9348669597871397
46832,0.8994740223834032
46833,0.9556328315976381
46834,0.8175469345939429
46835,0.8729890175228628
46836,0.9376083752182036
46839,0.8615578707812968
46840,0.87023236366219
46841,0.9143328650493631
46842,0.9579753175482121
46843,0.860913929618455
46846,0.8857820876660032
46847,0.8437416719523085
46848,0.8855309019393485
46849,0.8304862314061456
46850,0.8798464489924819
46853,0.8778771320053991
46854,0.8255706138603752
46855,0.9048498010766329
46856,0.9534304239884713
46861,0.9729831440039337
46862,0.843826467526967
46863,0.866269828180396
46864,0.8519718792587633
46867,0.9380733102953194
46868,0.9522958687630945
46869,0.9754573313271638
46870,0.912637667288396
46871,0.8702484282232569
46875,0.904579670391444
46876,0.8963434351446637
46877,0.8164612674338986
46878,0.9122321870553224
46881,0.8820862865595119
46882,0.8354282446439913
46883,0.902900657893755
46884,0.8626862549127196
46885,0.8217257823979579
46888,0.8067733179675226
46889,0.9490155200903956
46890,0.8101128109726814
46891,0.8846505354913187
46892,0.9276173069742883
46895,0.8900976526909301
46896,0.8000814634079723
46897,0.8837706192787926
46898,0.9138126750269878
46899,0.8583553197418744
46902,0.9302328084750444
46903,0.9621909575761559
46904,0.9516764524000497
46905,0.951784121197057
46906,0.9470423835531904
46909,0.9494320680282444
46910,0.8552939685536957
46911,0.9408474406103409
46912,0.9092159954835456
46913,0.8103811378312532
46916,0.88472309280716
46917,0.8494208985356693
46918,0.9422601122280901
46919,0.9382498843014656
46920,0.9685397940109234
46923,0.9426040913594929
46924,0.9209497645943081
46925,0.9408651277163527
46926,0.958560909059927
46927,0.9520449216530658
46930,0.8854183510308229
46931,0.9346073407050723
46932,0.9035779469063445
46933,0.87702230376847
46934,0.8425295033381911
46937,0.9682462067615129
46938,0.8223821531947493
46939,0.8530837136172542
46940,0.9593327580852996
46941,0.8087969499288927
46944,0.7999845210389793
46945,0.9634085071476953
46946,0.9193461414951631
46947,0.8195136512588252
46948,0.8297062210646459
46951,0.9375926447705294
46952,0.9324585185213132
46953,0.9001359786676527
46954,0.8778561646983214
46955,0.8523984864795536
46958,0.8999097664749343
46959,0.8814644126227912
46960,0.8277428748826815
46961,0.9679454606186257
46962,0.9229044437677769
46965,0.8331380473115899
46966,0.800057450813273
46967,0.8709176346558547
46968,0.8668393652066699
46969,0.9526110807443132
46972,0.8828191639846138
46973,0.8660547454967051
46974,0.9239693780527077
46975,0.9183674556609673
46976,0.8963113434046178
46979,0.9709310268357857
46980,0.9070830937044986
46981,0.929884304570043
46982,0.9057814027943407
46983,0.9491905346152085
46986,0.79694149946492
46987,0.852261801181922
46988,0.8357262074750023
46989,0.8149142310462183
46990,0.8704650644414433
46993,0.9557907551718419
46994,0.8622874700210453
46995,0.8523937017668219
46996,0.8218406559873324
46997,0.8829687316817045
47000,0.9465683436977939
47001,0.9130697352764826
47002,0.8964396408713207
47003,0.839693784689056
47004,0.8542388180165834
47007,0.8973674868643577
47008,0.7751649857453701
47009,0.846611012578814
47010,0.9221976384050805
47011,0.9516531707096653
47014,0.9402223760227938
47015,0.9199223045599174
47016,0.9383808008140524
47017,0.9326455221486615
47018,0.9112776448161592
47021,0.935269874166451
47022,0.788727639847868
47023,0.955897142783306
47024,0.8607170174819205
47025,0.8840955123806821
47028,0.7717364852271059
47029,0.9484441195521534
47030,0.8861622744430698
47031,0.7734820984136881
47032,0.7926435713284035
47035,0.8012811944807001
47036,0.9156060746706242
47037,0.9347764138253106
47038,0.8296989011816146
47039,0.7792878212151032
47042,0.8516631196983804
47043,0.8484852089823792
47044,0.9100868562936312
47045,0.8086749229602525
47046,0.9305553074357077
47049,0.9000735251169177
47050,0.8780512584801503
47051,0.8606042847247848
47052,0.9177208861185946
47053,0.9465483705342821
47056,0.8386150195107435
47057,0.9070290747678432
47058,0.8443570512744224
47059,0.9371277887939793
47060,0.8650116500775646
47063,0.8537765254223479
47064,0.9607364630541557
47065,0.89567757124235
47066,0.941312534209856
47067,0.9578884336871498
47070,0.7616169539920286
47071,0.8982478046031219
47072,0.795942930738251
47073,0.913267474454439
47074,0.82134905578107
47077,0.8049306034048835
47078,0.8384636711307822
47079,0.8646759761192007
47080,0.8775482084973841
47081,0.8913595062948855
47084,0.770312992304811
47085,0.7894748821608203
47086,0.7630812741391204
47087,0.9425118295077196
47088,0.8089881638750379
47091,0.7672218060783428
47092,0.928776651494755
47093,0.9560622683666725
47094,0.8058859076236554
47095,0.840480511235383
47098,0.784855546715468
47099,0.938153914270033
47100,0.7938460256788323
47101,0.9233605912629312
47102,0.9322800209614075
47105,0.9319450739445572
47106,0.7888705014251204
47107,0.8194882388767939
47108,0.8497750932587714
47109,0.8862618748910162
47114,0.7748026955830812
47115,0.8779861628760863
47116,0.7866598589790307
47120,0.8668684991816438
47121,0.8808737600233268
47122,0.8613414885552331
47123,0.8981615284062718
47126,0.7991297803957381
47127,0.8517714363113827
47128,0.9140964833966796
47129,0.76746592399095
47130,0.8783194985793852
47133,0.8419135209713281
47134,0.7651204826630432
47135,0.8239473497623542
47136,0.9416696897798449
47137,0.7578451087982206
47140,0.8224452751042132
47141,0.8885938542751383
47142,0.9357857827949143
47143,0.7865127861970532
47144,0.8235142793563046
47147,0.8422735294563866
47148,0.7649982982997737
47149,0.7865985593386164
47150,0.9322309831736477
47151,0.893134498066956
47154,0.9081163958722913
47155,0.7950186969012003
47156,0.9619048284000087
47157,0.8327426526921008
47158,0.7905690771213243
47161,0.7660689226968402
47162,0.8848279389396694
47163,0.7772685444116564
47164,0.9417834428846762
47165,0.7716297415944737
47168,0.9372783874936645
47169,0.8709723236380755
47170,0.7810925190508139
47171,0.931408824347368
47172,0.9114330601981416
47175,0.7963794397461533
47176,0.7966984468399048
47177,0.8139208221957802
47178,0.8020837858994234
47179,0.8358748859584683
47182,0.9050406312383948
47183,0.8818764580893745
47184,0.9225449032105674
47185,0.754980148665785
47186,0.8256158224976718
47189,0.8679351400239192
47190,0.8532536367508915
47191,0.7457724538575842
47192,0.9292651403127319
47193,0.8239772042648892
47196,0.8421790835336874
47197,0.8176438065815619
47198,0.9646047858301855
47199,0.7599947213246699
47200,0.7471817231788408
47203,0.8274368312688978
47204,0.797350408211311
47205,0.7482381749776339
47206,0.7946663281197122
47211,0.9283272081898153
47212,0.823598071609904
47213,0.8164088790201461
47214,0.8595226453436556
47217,0.786365023897602
47218,0.7432555981862164
47219,0.7449234499819023
47220,0.8523455221151254
47221,0.9381568826965998
47224,0.7314973491942348
47225,0.7624181195494592
47226,0.9348402422890871
47227,0.7444073884470593
47228,0.7551514857375705
47231,0.8345988900661583
47232,0.8172847187378302
47233,0.8635864973776934
47234,0.9533907371545718
47235,0.8793811956755047
47238,0.7680519717541773
47240,0.9670774248799487
47241,0.87923282541218
47242,0.8628179031279857
47245,0.8283090120198835
47246,0.7410295779359127
47247,0.875376483691591
47248,0.8751229940369211
47249,0.780883103454804
47252,0.84823282856125
47253,0.906489151884354
47254,0.8479422247218583
47255,0.9288487114157273
47256,0.9191663685160294
47259,0.8359916134574323
47260,0.8556294533863733
47261,0.7392988900668293
47262,0.869774045600029
47263,0.8154745919902547
47266,0.8026999033326803
47267,0.9639158926464854
47268,0.7950088222366171
47269,0.9178709819187235
47270,0.727572721553459
47273,0.9256594182306017
47274,0.8551593543023324
47275,0.9431608863031935
47276,0.7187073259570613
47277,0.8327817616256085
47280,0.8095230040983683
47281,0.9480584598612524
47282,0.772620257320207
47283,0.908234892738371
47284,0.7387227738666702
47287,0.9092500341082467
47288,0.9131436069012702
47289,0.9564828523813376
47290,0.838731931350069
47291,0.815455893894398
47294,0.9479093039928739
47295,0.7645488570312368
47296,0.8427909137703146
47297,0.8246965869071875
47298,0.845765947285622
47301,0.8557731173620002
47302,0.8152523377589269
47303,0.9220321954708668
47304,0.9144970994164391
47305,0.7430538778261913
47308,0.7236037584229698
47309,0.8621275090600878
47310,0.889553006397534
47311,0.7932455683492027
47312,0.8524971776793727
47315,0.9588661146291517
47316,0.9209865008262074
47317,0.7749762097106654
47318,0.7885736728273873
47319,0.9582311589898346
47322,0.9020608470560427
47323,0.8994475775207149
47324,0.7845160166487112
47325,0.9602325346752175
47326,0.9353706157605965
47329,0.7531493763971596
47330,0.913742980560429
47331,0.7881456894094866
47332,0.8967743715781128
47333,0.9363864698549778
47336,0.8950670017765374
47337,0.7703017906886762
47338,0.7386029027220435
47339,0.7443509429899422
47340,0.8525283513458252
47343,0.7825803938135807
47344,0.9052618117310457
47345,0.8803890427563579
47346,0.7278077100719358
47347,0.961585192685884
47350,0.9396932039435426
47351,0.9039371547192527
47352,0.9573251456844488
47353,0.911407375623777
47354,0.8022908182546074
47357,0.8441795158685726
47358,0.7264882654670781
47359,0.7439253219564878
47360,0.8655384145321391
47361,0.8884953199274356
47364,0.8547356839086981
47365,0.7989248678475355
47366,0.8856351635574776
47367,0.7900286342677059
47368,0.8462158159713069
47371,0.8079718163966978
47372,0.8385420267201514
47373,0.8775627080366709
47374,0.7107247647077922
47375,0.7541875698101786
47378,0.9219992841787755
47379,0.728403195523641
47380,0.8238390280558694
47381,0.7219243517749349
47382,0.7442504125493425
47385,0.8400463978360718
47386,0.9574854593653473
47387,0.8837214716826979
47388,0.80846641407077
47389,0.7844944964624815
47392,0.8864270416912827
47393,0.921371022515202
47394,0.7337771455946263
47395,0.6985642802027967
47396,0.8116558071363738
47399,0.9113035671665598
47400,0.8815938091377686
47401,0.9582972970977752
47402,0.7135216706837862
47403,0.9273790939904101
47406,0.7968967648478061
47407,0.8805019142256482
47408,0.8025325549595753
47409,0.7769923246385122
47410,0.7323006779293997
47413,0.8999771066435706
47414,0.9602551669026798
47415,0.9208758599776742
47416,0.7143857272750678
47417,0.7204466174070002
47420,0.7894843054979046
47421,0.7885288701682875
47422,0.7715773000543703
47423,0.9086574004935176
47424,0.7095368650491303
47427,0.8372003968626365
47428,0.8471607943210717
47429,0.8092995844673616
47430,0.9482596794125863
47431,0.9109240606580552
47434,0.7510974060898399
47435,0.9366845711512036
47436,0.785756864683786
47437,0.8865522705331884
47438,0.8443696615567114
47441,0.8733213505348453
47442,0.853628748493771
47443,0.7545286413317298
47444,0.8705683321626461
47445,0.794369263173745
47448,0.8187794196799287
47449,0.7679579288115598
47450,0.6995190962775945
47451,0.749824902668027
47452,0.8946266335516776
47455,0.9524670950631712
47456,0.8799603464616691
47457,0.785025530566471
47458,0.9457774998458252
47459,0.8117960005522862
47462,0.7838663334226142
47463,0.8578725508002805
47464,0.7379886560614074
47465,0.9276997888366232
47466,0.9377722024806354
47469,0.7481552160809727
47470,0.8107048687755003
47471,0.7582174925838303
47472,0.8276755749372339
47473,0.8834289405324725
47476,0.723844215341522
47479,0.7283212372031922
47480,0.7552154604812703
47483,0.8747525946188699
47485,0.7825324957375046
47486,0.8477427776261994
47487,0.9314894817454813
47490,0.6970833629221596
47491,0.9166276824474928
47492,0.6887162891174291
47493,0.8221014652298068
47494,0.9010114433915026
47497,0.7943319429763654
47498,0.7066471489804212
47499,0.7424657962965726
47500,0.7230675878140285
47501,0.7616819109407208
47504,0.7522674515330726
47505,0.7114137445370023
47506,0.8798425224781576
47507,0.8079691198929637
47508,0.8886262926892654
47511,0.6762275998224246
47512,0.6866307060567712
47513,0.9477410321002955
47514,0.7472248082459497
47515,0.6907185087905977
47518,0.9009010768188994
47519,0.7841767994136702
47520,0.6922529548787519
47521,0.9493232209336969
47522,0.7482078414515254
47525,0.8634284802314368
47526,0.6889908420118004
47527,0.6773406422683804
47528,0.683727271893168
47529,0.8097693932165384
47532,0.7036071297217102
47533,0.7079005669040224
47534,0.8558854538855266
47535,0.7115825329098293
47536,0.9477623911671458
47539,0.7735614030204638
47540,0.8834711566815869
47541,0.9192438546329682
47542,0.9338880274275264
47543,0.7453887998249407
47546,0.848345051304969
47547,0.737095235056857
47548,0.9375904501253403
47549,0.8557152556467151
47550,0.7882763260674829
47553,0.7186060667912044
47554,0.854180514030237
47555,0.763067151715144
47556,0.6934460350257103
47557,0.7656054151028979
47560,0.8810286721629207
47561,0.9513051894543233
47562,0.6964887965915665
47563,0.9523410222198627
47564,0.6949701000991572
47567,0.7892042080053336
47568,0.6779503338390754
47569,0.713919562675186
47570,0.6629768558528506
47571,0.8425968094492968
47574,0.7215407434699488
47575,0.8263248536221661
47576,0.8026025545282028
47577,0.7595658959007816
47578,0.6928735179043574
47581,0.6644121330388197
47582,0.7199998115461714
47583,0.820616900861839
47584,0.8194087374130169
47585,0.7278450426335458
47588,0.8770226368116371
47589,0.920205556621641
47590,0.8395419846788178
47591,0.8609728320267466
47596,0.8576127416974996
47597,0.8780526402808996
47598,0.9438050274596441
47599,0.9524434509763647
47602,0.6597456125351866
47603,0.8153833801509919
47605,0.8287089374336664
47606,0.7407615043367816
47609,0.8822931671020304
47610,0.6678433291337704
47611,0.7105808026041891
47612,0.9264541844822695
47613,0.8174706784228685
47616,0.6850843026111849
47617,0.6679549369185938
47618,0.8015199500773676
47619,0.7578545158094327
47620,0.8989656036891067
47623,0.6551356105525398
47624,0.8766912280637748
47625,0.667077597080314
47626,0.7464373279449595
47627,0.7584258353549296
47630,0.7863048865997809
47631,0.8765112794009978
47632,0.8949412662653814
47633,0.879816434982119
47634,0.8913945017426502
47637,0.7083556343105817
47638,0.8363826380687234
47639,0.9366091008061381
47640,0.6577206662808716
47641,0.6796827972450833
47644,0.6676699466931717
47645,0.6502831329098459
47646,0.8949700015533304
47647,0.8206494668937294
47648,0.7125512553619917
47651,0.7296095495695941
47652,0.9016124110275365
47653,0.6959352283825851
47654,0.876949009908479
47655,0.8770903743455493
47658,0.7755019027591813
47659,0.7585293460111028
47660,0.7622364119577794
47661,0.92345859085204
47662,0.6778744606977998
47665,0.8620564567347354
47666,0.9094888126006881
47667,0.674040557267034
47668,0.6563094973742813
47669,0.6808300048630254
47672,0.6946540260362436
47673,0.7382477365474647
47674,0.7692780942258625
47675,0.9244609676289979
47676,0.813725813943479
47679,0.8250589743919966
47680,0.862860176469966
47681,0.7174008252133901
47682,0.7852808904320164
47683,0.9262898187550695
47686,0.876117990218874
47687,0.7281030571799634
47688,0.9278916039065069
47689,0.6805360515186234
47690,0.7845701240745593
47693,0.7888096469797399
47694,0.7540954244235967
47695,0.6868426762697141
47696,0.8316570768853818
47697,0.7282111000521198
47700,0.7614460442699276
47701,0.8586843293731756
47702,0.6709807698598101
47703,0.6931551728605945
47704,0.7329855145361351
47707,0.6778069433371354
47708,0.6730791991850451
47709,0.7176408998588961
47710,0.6810583524806431
47711,0.7205251147471983
47714,0.7251802915948223
47715,0.7433953829739564
47716,0.70381852709009
47717,0.8960725861978627
47718,0.667756466673673
47721,0.6697278045102102
47722,0.9443317342968751
47723,0.6821030051208766
47724,0.9066032909321843
47725,0.8332441435797218
47728,0.7046744802321621
47729,0.8945674502967379
47730,0.6831963740434293
47731,0.6790810212134407
47732,0.7757257209129191
47735,0.9528240113359482
47736,0.8488676031700982
47737,0.7409722541572179
47738,0.6375921846199462
47739,0.7361742085180389
47742,0.8579642484019161
47743,0.7349688373860701
47744,0.7639653390946225
47745,0.6916769236742006
47746,0.9136661978398428
47749,0.6964838345608952
47750,0.7628241053756528
47751,0.6401818986851987
47752,0.8284446566693602
47753,0.7340419001682311
47756,0.6476325734165337
47757,0.9148287064153628
47758,0.6458974524992229
47759,0.7165223370562734
47760,0.9280197339789538
47763,0.8417045277824079
47764,0.7097663019309661
47765,0.9280040055237537
47766,0.7479362788569912
47767,0.8256684824904537
47770,0.7353630048378704
47771,0.9362206389152984
47772,0.6615855654419628
47773,0.6336584479010915
47774,0.6347197003797851
47777,0.6956313776380894
47778,0.9032473438318135
47779,0.6928130745009693
47780,0.9442950429291325
47781,0.9452470248191364
47784,0.8318959467025
47785,0.7756407778671107
47786,0.6882224944048453
47787,0.7139692326929318
47788,0.7894867350813743
47791,0.849123661283449
47792,0.6241405675121772
47793,0.7955944061702567
47794,0.7869962934857522
47795,0.8895321202131534
47798,0.679317410247968
47799,0.7091403070899515
47800,0.8677794953024327
47801,0.9205998370533732
47802,0.712726558067585
47805,0.7202867557758866
47806,0.8480497109706124
47807,0.6340478985299358
47808,0.8935563134162469
47809,0.7918141051547974
47812,0.6351960486169338
47813,0.7956969745074355
47814,0.7240324991186637
47815,0.8031136502527104
47816,0.846897225173168
47819,0.6230812546383202
47820,0.798547665217821
47821,0.6474287201720192
47822,0.8627824676802986
47823,0.8690270672299738
47826,0.9401691783836955
47827,0.7181874106248644
47828,0.8119895718795189
47829,0.6545495231656651
47830,0.7756828425502864
47833,0.6250114063402599
47834,0.8787593709572266
47835,0.6523914840384762
47836,0.6789478777500629
47837,0.6804826090906784
47840,0.6584306661007692
47841,0.6828408939268944
47844,0.7239214603153431
47847,0.8990909879400772
47848,0.9388698497460506
47850,0.63527684742692
47851,0.7260508156480474
47854,0.6703621168114121
47855,0.7700665859468457
47856,0.9041490330438836
47857,0.9009600771489529
47858,0.7034029299378343
47861,0.7870219422230695
47862,0.8711589079907928
47863,0.7657436791437434
47864,0.9252571381998026
47865,0.735449861677662
47868,0.8446798101197994
47869,0.6678121784890229
47870,0.8291314810348235
47871,0.7773095961947806
47872,0.9468411018221872
47875,0.9214270544263117
47876,0.7988075095151468
47877,0.7681375959562375
47878,0.727927094149114
47879,0.8353060639555646
47882,0.6971503214926748
47883,0.647329565979615
47884,0.6708729992944659
47885,0.934663873969951
47886,0.7669352847283546
47889,0.9075026716111598
47890,0.8532129639884772
47891,0.6103470903605874
47892,0.89214821998322
47893,0.7598379593389395
47896,0.7197226443756279
47897,0.6927318636887071
47898,0.7387215185867545
47899,0.9468585845240898
47900,0.8205579483727562
47903,0.752258086657562
47904,0.913813587913256
47905,0.8111825068992703
47906,0.9366556382043325
47907,0.9175374197452701
47910,0.7938424113171002
47911,0.895060109524921
47912,0.7343715654433494
47913,0.6946100396932147
47914,0.6602018462972967
47917,0.8676331045489138
47918,0.8805987415572445
47919,0.9062034694777135
47920,0.710664579152899
47921,0.6881417826831597
47924,0.9367491907839464
47925,0.6188962888486113
47926,0.9279714711602728
47927,0.7414009428735312
47928,0.6863568058164031
47931,0.636748691733215
47932,0.6842184376420182
47933,0.6570428338557815
47934,0.8126793313945851
47935,0.6527972016816894
47938,0.9155588320304882
47939,0.6285590927711457
47940,0.7377039171980087
47941,0.6511591408643319
47942,0.7706741575951056
47945,0.7050598343628586
47946,0.7442563575035838
47947,0.6766211995651011
47948,0.9144843694801255
47953,0.9233587588799033
47954,0.84647660218747
47955,0.8816152524595884
47956,0.6326654631087381
47959,0.8571833442899242
47960,0.6020800724081299
47961,0.8112123996261411
47962,0.8719577784978894
47963,0.6563017136277985
47966,0.697351942043947
47967,0.7516713573323982
47968,0.731686488990995
47970,0.6773209066126021
47973,0.8524960975627947
47974,0.5940796424276856
47975,0.5999669119327797
47976,0.698781141446619
47977,0.8638941224599984
47980,0.6884767785080028
47981,0.9171244981700903
47982,0.9352516766485099
47983,0.840101609352948
47984,0.7624674586702586
47987,0.62897463233539
47988,0.6722874971748827
47989,0.6672173787939653
47990,0.7753515681678718
47991,0.8050686865474964
47994,0.7952539010580763
47995,0.5931263612820493
47996,0.930598822657914
47997,0.6278282185123755
47998,0.7200512602796545
48001,0.7693942358416308
48002,0.6709564696390687
48003,0.7517419377666629
48004,0.6248586659482731
48005,0.6166165040986965
48008,0.7749049725639903
48009,0.8304693296854407
48010,0.713890646292708
48011,0.6122621308904342
48012,0.8569986390260262
48015,0.7028592405341432
48016,0.6998358094833366
48017,0.6663624968545843
48018,0.8898119570207015
48019,0.6716507478915932
48022,0.6115459835063971
48023,0.8691405313309941
48024,0.8451488767038452
48025,0.5929601610350576
48026,0.868410683585886
48029,0.6268245842914565
48030,0.746726127069888
48031,0.8406870592975915
48032,0.6214301052582207
48033,0.7635838316890363
48036,0.7379401487253181
48037,0.7957490217397747
48038,0.7102245340524932
48039,0.8749921883262833
48040,0.7832422189894557
48043,0.590688460100516
48044,0.8352709398575796
48045,0.687633459573552
48046,0.8082345159127082
48047,0.6492931372169699
48050,0.8884111744693507
48051,0.5893129372890938
48052,0.7584398495997043
48053,0.8436609800831617
48054,0.9135220777594675
48057,0.8712570771328755
48058,0.733651357501405
48059,0.8024354074648128
48060,0.6300623703503228
48061,0.7660673897193516
48064,0.8376273541179363
48065,0.6985274144869582
48066,0.6682181960053333
48067,0.871820825228498
48068,0.8715127537357984
48071,0.929577759499729
48072,0.6577064591821818
48073,0.6816106841144848
48074,0.7483607967301225
48075,0.6231411962183603
48078,0.6347031177618956
48079,0.7078499089040382
48080,0.6150064721736067
48081,0.8543627658300619
48082,0.8951064173643135
48085,0.8273626877417548
48086,0.9196749940543321
48087,0.7262154475526778
48088,0.5932689610064092
48089,0.9277314447261733
48092,0.8900739123389078
48093,0.7547202416772134
48094,0.5931590781437146
48095,0.8076253369069974
48096,0.7339170183888135
48099,0.9263520400579207
48100,0.8780416510747254
48101,0.5766297942763423
48102,0.5827299092608342
48103,0.943403849497922
48106,0.5860192225439103
48107,0.6856578787044231
48108,0.6109704972974948
48109,0.7520820609007203
48110,0.7292739215118804
48113,0.7388395155243753
48114,0.6752481173227752
48115,0.8810582301954314
48116,0.9312005332675003
48117,0.8091130415510253
48120,0.6616824692177933
48121,0.8534179855217096
48122,0.671972483533311
48123,0.578085027284341
48124,0.9012405084694117
48127,0.6716060286220205
48128,0.754291811747875
48129,0.6078118078951187
48130,0.8636100211730406
48131,0.6642829340573063
48134,0.6164405515666458
48135,0.5837204182525471
48136,0.6668075931792588
48137,0.7330980821725932
48138,0.6891832526977626
48141,0.6058168621203129
48142,0.7055354404200447
48143,0.9301294055101959
48144,0.5864444270551415
48145,0.6634951868679038
48148,0.6675450026407939
48149,0.8455548673838226
48150,0.6733547965785919
48151,0.7714462794630573
48152,0.6757524921419005
48155,0.8939684206437755
48156,0.672948624937713
48157,0.564225881968246
48158,0.9211381351304693
48159,0.5704234403300691
48162,0.765216958534713
48163,0.6020293229287059
48164,0.6300230089633045
48165,0.7041206864191258
48166,0.6442297666835628
48169,0.5987417793941627
48170,0.7655332939735672
48171,0.7966762863566571
48172,0.667524199569076
48173,0.6205165094256012
48176,0.6349620938942994
48177,0.6231986842760895
48178,0.7523409384778241
48179,0.6164585544652679
48180,0.8864584932345884
48183,0.710304410045403
48184,0.9408175753032981
48185,0.7964895773094598
48186,0.7791681237151998
48187,0.7670698627401464
48190,0.6555850893806534
48191,0.7697497849043761
48192,0.7457817041670711
48193,0.8329582447787768
48194,0.7756671705641212
48197,0.8371772874698431
48198,0.9076971328153299
48199,0.6868474541320935
48200,0.6637287819917222
48201,0.6808341905865413
48204,0.7387634085382223
48205,0.7719850598238923
48206,0.5981305760975514
48211,0.7166582271771064
48212,0.7318290082417379
48213,0.930193139762774
48215,0.7869511344650569
48218,0.7706037247254782
48219,0.7629320630078019
48220,0.6928191356806085
48221,0.7100481903217682
48222,0.6824516876371542
48225,0.6274288470035776
48226,0.6114337594028508
48227,0.6429730940312051
48228,0.5664561388157782
48229,0.9333709286435534
48232,0.8488877377897182
48233,0.9385851824611993
48234,0.6667539252678718
48235,0.5830617103807606
48236,0.8272533138368532
48239,0.5735036408155906
48240,0.9122638608543129
48241,0.5709403411247364
48242,0.7802313740114808
48243,0.8922279984125682
48246,0.7256035148389899
48247,0.8205731444244182
48248,0.8081944382461979
48249,0.7984273951976031
48250,0.6113680308631534
48253,0.7043318015342508
48254,0.7962885304663891
48255,0.6775821615340811
48256,0.6398526383475955
48257,0.8128432760560368
48260,0.7529890300323341
48261,0.8815722694609499
48262,0.8536952748700429
48263,0.6511757487102434
48264,0.8534386190087985
48267,0.7081090843649949
48268,0.6407540982321255
48269,0.8883774729495325
48270,0.6917551118224264
48271,0.8188837606172357
48274,0.5573941581847561
48275,0.7234282216493987
48276,0.6068142519535047
48277,0.6974086623262767
48278,0.9192079498063186
48281,0.6661062107994301
48282,0.5597261955038777
48283,0.6774363897518709
48284,0.6013636286827437
48285,0.5802227068479152
48288,0.8304763757035116
48289,0.83773450642358
48290,0.6731376841950255
48291,0.7510126650902549
48292,0.5934916549629268
48295,0.5737929420360949
48296,0.7746726756216425
48297,0.8258498927963285
48298,0.6123214690839608
48303,0.8083400045868099
48304,0.5974810480802953
48305,0.7444207134490259
48306,0.6505839874122673
48309,0.8920450234584429
48310,0.6659844271109648
48311,0.7323847296364091
48312,0.679613656499403
48313,0.856773323163725
48316,0.6248471247965294
48317,0.5825624280993013
48318,0.8336257410825355
48319,0.8915018711749468
48320,0.9278751689269038
48323,0.657756645304403
48324,0.6705239065697317
48325,0.6933321099273811
48326,0.8260597918503317
48327,0.7559695430424608
48330,0.6745443891592195
48331,0.7122361188400894
48332,0.5413299797957974
48333,0.8708230311168345
48334,0.6371909701248001
48337,0.7493871658311403
48338,0.7393386334819503
48339,0.6286009735799309
48340,0.6373981866924345
48341,0.5389616685330576
48344,0.8741784051411982
48345,0.886132131970068
48346,0.6253291789398425
48347,0.6786633179159087
48348,0.8051782276112722
48351,0.8982538288945898
48352,0.8950598336784246
48353,0.5674175595269091
48354,0.8429438458548147
48355,0.7826108936304608
48358,0.8262926615834865
48359,0.768418382000478
48360,0.902962758583326
48361,0.7001558778316987
48362,0.9038082863285524
48365,0.5966258841280407
48366,0.8224461760022909
48367,0.6912408030651691
48368,0.5698560765931221
48369,0.6488737007321934
48372,0.6934608259524195
48373,0.7806759415833703
48374,0.7767525952016412
48375,0.6413145969416092
48376,0.5329828513331986
48379,0.6436210217060747
48380,0.6828433566485431
48381,0.618604944708955
48382,0.7196615713167868
48383,0.9068325624946435
48386,0.6804096828062123
48387,0.5426038522383395
48388,0.8488140363262574
48389,0.6321191837211935
48390,0.8363253629557361
48393,0.6900152675816238
48394,0.8876084948411018
48395,0.724476409911764
48396,0.6077126414105981
48397,0.7683402585259133
48400,0.6399180811555818
48401,0.5934916665653964
48402,0.5500212266608515
48403,0.819423824172419
48404,0.745178250932225
48407,0.8589440089026481
48408,0.528860232218078
48409,0.5490924829408059
48410,0.6865068548124994
48411,0.576435773664365
48414,0.69365110593943
48415,0.6535349581204072
48416,0.8904952380053962
48417,0.6053027343631326
48418,0.8707100154846915
48421,0.5804367230132963
48422,0.5953341261650311
48423,0.6210895090761481
48424,0.9179696379194209
48425,0.785960265782387
48428,0.8042382695256162
48429,0.7599826163561929
48430,0.8906484974677976
48431,0.5428492136607374
48432,0.6785855799683832
48435,0.7840602378140475
48436,0.7431958342956688
48437,0.7216108168564277
48438,0.6596245618514305
48439,0.693090158328242
48442,0.546905339231189
48443,0.7002986344977963
48444,0.523804574315807
48445,0.568707545137416
48446,0.829036644824455
48449,0.5423529110909691
48450,0.8748845961980204
48451,0.5793542708377375
48452,0.7488772107976508
48453,0.5588314272773008
48456,0.5616946516518949
48457,0.582501548937596
48458,0.5878529237638715
48459,0.7825194450069302
48460,0.8928752060200613
48463,0.7380657862308256
48464,0.8451582826861742
48465,0.6208817454956712
48466,0.7630315730766493
48467,0.5256599116270979
48470,0.6404240506319737
48471,0.5749901025070253
48472,0.8654727779125009
48473,0.5614027278008172
48474,0.5413940356986999
48477,0.7008493835150293
48478,0.6528107463097887
48479,0.5939590132677459
48480,0.8435499364965463
48481,0.6940017216374996
48484,0.7380000251081682
48485,0.8576857059857101
48486,0.7516415967532644
48487,0.8985430799788213
48488,0.9215139028338242
48491,0.8631216252274939
48492,0.5260660943587222
48493,0.6735521834651365
48494,0.5249363944532323
48495,0.7222019207141389
48498,0.7760696415856354
48499,0.6906315211812385
48500,0.7186876609826495
48501,0.8780066497741574
48502,0.6366905903425657
48505,0.8214649387748638
48506,0.64439691416704
48507,0.6325229374968144
48508,0.8535262225629534
48509,0.9013650079322643
48512,0.5840963776826502
48513,0.7086949904154245
48514,0.9029073103159212
48515,0.5129452543558726
48516,0.9030408991125127
48519,0.6142223482023345
48520,0.5157242767777428
48521,0.8089972389542075
48522,0.8578123947280631
48523,0.8686655805423732
48526,0.7778245383615732
48527,0.8792472303102034
48528,0.6141946814451139
48529,0.9000837694514275
48530,0.6860126667997806
48533,0.5098656881563014
48534,0.5696527746430776
48535,0.6427451597855077
48536,0.7756224878896283
48537,0.639128699808658
48540,0.6776440006649052
48541,0.7205767401711258
48542,0.8627956898203828
48543,0.54382612426085
48544,0.7099386722727072
48547,0.82947840413489
48548,0.746058961462409
48549,0.7250987630217036
48550,0.5628823515181459
48551,0.5960751210326183
48554,0.5828065072099811
48555,0.9278067256889703
48556,0.7235422623165393
48557,0.6950640359006256
48558,0.9230841857226816
48561,0.7960420935065139
48562,0.5850308901085792
48563,0.8583288209026546
48564,0.6716615752723168
48565,0.8179198603233823
48568,0.9268206117029195
48569,0.8046461013361765
48570,0.5112670436426642
48571,0.5692181556265474
48572,0.5161628172716924
48575,0.6904535241858661
48576,0.8722939160987027
48577,0.6650443805381413
48578,0.704601729525192
48579,0.5533224354020958
48582,0.8783336504376705
48583,0.6894726269609531
48584,0.8503700872989034
48585,0.7629444741369925
48586,0.5903714577848066
48589,0.6941175454880352
48590,0.7386234747761591
48591,0.7300403819699218
48592,0.7010115616798814
48593,0.5722653502690961
48596,0.5349500467610934
48597,0.5141260184200525
48598,0.570960724292878
48599,0.7662188375170397
48600,0.6070226159860905
48603,0.7095535712843177
48604,0.7954724832761229
48605,0.5511443134397132
48606,0.9106299703808094
48607,0.5302727341483302
48610,0.6983488136486526
48611,0.6253728415491572
48612,0.6166256321846668
48613,0.5316918559285857
48614,0.6252355468259033
48617,0.6338871940904999
48618,0.8942092618756098
48619,0.672918280686997
48620,0.8483367424669754
48621,0.5860360080842429
48624,0.6750238825205321
48625,0.6070592540118984
48626,0.9080965091130324
48627,0.8836798041032409
48628,0.5930314273628547
48631,0.8906358127206909
48632,0.8910618722044426
48633,0.9249990657902593
48634,0.508772231973036
48635,0.584294291818323
48638,0.7449930474610796
48639,0.7721888134925717
48640,0.7465010220283465
48641,0.5699643458077219
48642,0.6123367002922352
48645,0.8283217344149577
48646,0.8341210350760135
48647,0.875219349102664
48648,0.6120531120871457
48649,0.5727056807421862
48652,0.7868152698899072
48653,0.9192430306807668
48654,0.8840044069985137
48655,0.5023132271594597
48656,0.7714074340512452
48659,0.5697018496289231
48660,0.6247322279449664
48661,0.7295237426107731
48662,0.8165169872083694
48663,0.8617208523772134
48666,0.6279240126637315
48667,0.5667440942360741
48668,0.6161755232793962
48669,0.6626398106816712
48670,0.9064305565494027
48673,0.4997115394160372
48674,0.5571862880797229
48675,0.7712392203645345
48676,0.4956381614894321
48677,0.6320070343884097
48680,0.6396432003014316
48681,0.5747699133162569
48682,0.5515247592466964
48683,0.6094935496239403
48688,0.8567636671321479
48689,0.7478652159937724
48690,0.5106264366174815
48691,0.8047530741952567
48694,0.7312169580898817
48695,0.7032900944552022
48696,0.699863350184163
48697,0.6252886376874877
48698,0.5046485904715662
48701,0.7957347684274425
48702,0.8597321537531207
48703,0.8182645480089056
48704,0.5225983124847107
48705,0.6111873187727535
48708,0.7721779640456118
48709,0.5466569225261005
48710,0.5305905722254951
48711,0.5356258939518936
48712,0.5107974812412973
48715,0.7887987545624786
48716,0.567932797535554
48717,0.6882999219223099
48718,0.5363220980847893
48719,0.5775093991326842
48722,0.5593125174584385
48723,0.6050221516400532
48724,0.8277557960600562
48725,0.6504888855223336
48726,0.48751122659051244
48729,0.5024708631158333
48730,0.9036545919455575
48731,0.8342273468172472
48732,0.8525053933591352
48733,0.5767892042180618
48736,0.5426364768219826
48737,0.8075767280777069
48738,0.6660876225750982
48739,0.5341374406557354
48740,0.5733726851236534
48743,0.6497923106452932
48744,0.6293797532625668
48745,0.6642777251308934
48746,0.7634173356878211
48747,0.6396695433714393
48750,0.5890483902089473
48751,0.5212598911151969
48752,0.6096797952540816
48753,0.5611983461696155
48754,0.8355445832737002
48757,0.6839680913744982
48758,0.923192158833863
48759,0.7886015247115966
48760,0.5734002418139184
48761,0.48063758441448257
48764,0.8694928174373512
48765,0.711047512307707
48766,0.545311594271811
48767,0.8107382511409236
48768,0.6416665028447213
48771,0.5695834659083642
48772,0.6157197032430306
48773,0.8190638224532579
48774,0.7324382216172525
48775,0.550157897615768
48778,0.640981029963621
48779,0.9251508470127413
48780,0.5579977705777385
48781,0.9066609472171803
48782,0.5634838676087482
48785,0.8104492457958525
48786,0.4883014395757898
48787,0.7252108306314877
48788,0.7453535069350286
48789,0.8398720345684256
48792,0.755784913751812
48793,0.5148197958975981
48794,0.4748964702271691
48795,0.7243461401931157
48796,0.6861636928116627
48799,0.5704852574512674
48800,0.5106476019634119
48801,0.6220733732467875
48802,0.7125038226994105
48803,0.7023481672765226
48806,0.5799342011328864
48807,0.9256650702621512
48808,0.6102702377066181
48809,0.7294419269271994
48810,0.54209666448962
48813,0.8709275753079612
48814,0.6227098196046867
48815,0.6695230870122466
48816,0.6000716661597586
48817,0.8875250494971999
48820,0.6255460288991241
48821,0.6333459080560181
48822,0.6335956509765608
48823,0.615319323906883
48824,0.5854334825663333
48827,0.536091701314887
48828,0.7715634999708094
48829,0.528578586563599
48830,0.6602385409457568
48831,0.8796388234911015
48834,0.890692530862817
48835,0.737890280488557
48836,0.5423927739337543
48837,0.5716398129149567
48838,0.5407776487724213
48841,0.6506313794138522
48842,0.6857569227387416
48843,0.8377923185545004
48844,0.7402192832447805
48845,0.6883850654928804
48848,0.8720160916714073
48849,0.7964802599105143
48850,0.614614372185182
48851,0.5591813126741141
48852,0.4667885468473687
48855,0.4877978315231842
48856,0.5955308023127237
48857,0.6933405857830387
48858,0.5979322732011836
48859,0.5393633269674243
48862,0.8537387446755157
48863,0.6982337981558123
48864,0.5190175326989465
48865,0.7107242750715212
48866,0.6241460989690345
48869,0.6170165758529105
48870,0.8152215116336776
48871,0.7208887092306864
48872,0.7347595428569469
48873,0.9093711486790743
48876,0.9105423674310315
48877,0.5203519785059958
48878,0.7662203892440826
48879,0.6464487873991808
48880,0.7525638303664639
48883,0.4817561925519229
48884,0.7731468136688324
48885,0.6867724794181405
48886,0.5046631574243692
48887,0.5154616168963929
48890,0.8131136823008385
48891,0.5292610506456041
48892,0.6726306254257293
48893,0.6610221345557933
48894,0.8432458402648234
48897,0.8747836806062376
48898,0.5567142609461361
48899,0.6542481639824467
48900,0.6819645519996751
48901,0.5557591908719063
48904,0.5415994805773389
48905,0.82782432677437
48906,0.6035326462469368
48907,0.8414798928237567
48908,0.5465173068085696
48911,0.5835562907221572
48912,0.47283115786853397
48913,0.8812938855627693
48914,0.8886494734998739
48915,0.7586670219765563
48918,0.7694455413381
48919,0.777384190102556
48920,0.48885182133223587
48921,0.7758439016556388
48922,0.7636357774309682
48925,0.541474834214076
48926,0.673426194869486
48927,0.534674726360742
48928,0.8829415707914922
48929,0.6554132787638098
48932,0.902813674720894
48933,0.8844435199724647
48934,0.4870750115374852
48935,0.8377407306809052
48936,0.6342892117864012
48940,0.6907778767263593
48941,0.7226088657187683
48942,0.4883794176728249
48943,0.9100364754897105
48946,0.5768952072968491
48947,0.4662440219221667
48948,0.6207258399225862
48949,0.47487998091322775
48950,0.8903548295785165
48953,0.6858552335905167
48954,0.7677488638374216
48955,0.5490598073461452
48956,0.45923936318043984
48957,0.7695247922977866
48960,0.5793139054860718
48961,0.8019989574635199
48962,0.617011300964569
48963,0.6632333481757564
48964,0.46130251716029813
48967,0.5977451809117181
48968,0.719292904547589
48969,0.8511648833538048
48970,0.82878212941519
48971,0.7859194978677146
48974,0.7714099279067771
48975,0.5017777917651851
48976,0.6173884855523631
48977,0.6342722941829722
48978,0.8503286817421424
48981,0.49764731273550045
48982,0.5491420262136236
48983,0.8793740863163219
48984,0.554862205644361
48985,0.6243621716339581
48988,0.8703239349138131
48989,0.663479536325731
48990,0.6508851579766445
48991,0.8190331157177501
48992,0.46663608732066353
48995,0.49963466916426497
48996,0.5692546884257027
48997,0.6608246967972476
48998,0.6853062890699597
48999,0.576398607025953
49002,0.6217984615011537
49003,0.882037530231374
49004,0.6365986025502963
49005,0.5144366494766427
49006,0.6614474315198778
49009,0.8884354165559442
49010,0.5214146881310917
49011,0.7970554018437777
49012,0.7645359957729833
49013,0.8184386583997668
49016,0.7254880841332182
49017,0.5319100463452363
49018,0.6320560297843031
49019,0.794527383579594
49020,0.48671105063112097
49023,0.4857345333316645
49024,0.48881425803930506
49025,0.7747523447381899
49026,0.6634510944953648
49027,0.44932743222083626
49030,0.5245510566116277
49031,0.9038781019597829
49032,0.8790586276319909
49033,0.6566835792604485
49034,0.47404017201859766
49037,0.6213400971111188
49038,0.6401310046365452
49039,0.853236855427084
49040,0.5695453565575772
49045,0.5039589220540758
49046,0.6969419388583181
49047,0.5212324509133405
49048,0.4535720214758413
49051,0.7931992106892217
49052,0.6269015499663781
49053,0.7458577174394875
49054,0.5138678295298285
49055,0.6020499785278721
49058,0.5769763017097538
49059,0.5113829755451816
49060,0.6878213029809128
49061,0.46879509371847977
49062,0.6214542629698708
49066,0.8195755215494254
49067,0.5504789998413546
49068,0.5121125549484749
49069,0.7285349759479622
49072,0.4879885336545561
49073,0.4704834433832526
49074,0.7499903323071943
49075,0.4440191939232997
49076,0.8295776196110695
49079,0.7925065242313407
49080,0.8029889045564765
49081,0.473800514835559
49082,0.5660799499841715
49083,0.8222212851443591
49086,0.6633225496568029
49087,0.5822088561839984
49088,0.865074314348118
49089,0.47695759955742606
49090,0.5056928592748199
49093,0.6313735662180552
49094,0.4471867821413781
49095,0.6737663827441525
49096,0.4413154376880391
49097,0.5587616495095153
49100,0.5724997034560367
49101,0.8127955019509107
49102,0.475614912560378
49103,0.6681797640603282
49104,0.8148967554026318
49107,0.9114321457453721
49108,0.6046897172328398
49109,0.6194424186974572
49110,0.5362678194161056
49111,0.4716099541748422
49114,0.8666337582299981
49115,0.530852245217464
49116,0.7989698356793606
49117,0.48241149204295386
49118,0.49669871468610816
49121,0.6120684509408765
49122,0.5386357236588106
49123,0.7257137663707394
49124,0.6447383194565086
49125,0.4949405852619469
49128,0.6501830857332852
49129,0.7018518040207766
49130,0.6330683805480469
49131,0.4917950626302524
49132,0.7136895375858898
49135,0.8061348445164549
49136,0.5363912251690837
49137,0.491957090221083
49138,0.8518515591610228
49139,0.7665432974475871
49142,0.8253956261624427
49143,0.7059748837927807
49144,0.6531240425181901
49145,0.5206604468496303
49146,0.5606205528101414
49149,0.5733206936959943
49150,0.7030422484527746
49151,0.48463359647070337
49152,0.6420933411907984
49153,0.43623257844784447
49156,0.5668628105224961
49157,0.8345514455778406
49158,0.5487878257128882
49159,0.7170747478955027
49160,0.5443448412829477
49163,0.8711110792773749
49164,0.8038067121079815
49165,0.47779849272650554
49166,0.772208713175372
49167,0.4844447043830629
49170,0.7417861109118511
49171,0.5615336738713702
49172,0.5398188908874446
49173,0.6201963207824718
49174,0.7268575777302813
49177,0.7801479687023333
49178,0.8952141691424569
49179,0.727245437720004
49180,0.5561883565676506
49181,0.4467398132194321
49184,0.47001834948297266
49185,0.5094660572848108
49186,0.5006629969572525
49187,0.550426218236943
49188,0.7514026408374354
49191,0.45639226180939985
49192,0.5474698742106674
49193,0.5959321843320076
49194,0.8426120109996439
49195,0.6501793315635868
49198,0.6432704608080353
49199,0.4707217177061425
49200,0.6016179925100026
49201,0.6839817441030812
49202,0.43129177501675214
49205,0.8422797788558182
49206,0.6616275573777962
49207,0.8881942072073754
49208,0.5173138812874848
49209,0.4505201078990446
49212,0.7383571868577407
49213,0.47140873444660214
49214,0.7312700083664812
49215,0.4523930752135563
49216,0.5108396317976795
49219,0.4906942166897412
49220,0.9044911168148998
49221,0.433793244011101
49222,0.521133740577059
49223,0.7235247309983658
49226,0.48066266202275715
49227,0.7364378075109919
49228,0.46447450823658637
49229,0.8399559501843704
49230,0.5296839561434089
49233,0.6011925184296402
49234,0.8503125529100846
49235,0.7590026196273411
49236,0.9079968243746993
49237,0.6355535639412573
49240,0.7242370706381173
49241,0.5739278978741202
49242,0.7263764596798289
49243,0.7247798399571034
49244,0.5120995444053846
49247,0.8826093866255351
49248,0.451426847541301
49249,0.46960345507575235
49250,0.5426278638089641
49251,0.5752395630807573
49254,0.4545178227472022
49255,0.7921320118090253
49256,0.8611680729211489
49257,0.7589722570774999
49258,0.49035960826403685
49261,0.8915338955711204
49262,0.5788717888352664
49263,0.4181057236207213
49264,0.4666688170680951
49265,0.6072581044806621
49268,0.8711600059907461
49269,0.47515040227372374
49270,0.5707436249951914
49271,0.8364562690161189
49272,0.8504572027542497
49275,0.4460083140470996
49276,0.5393290609768735
49277,0.47505181951345987
49278,0.4566184413717992
49279,0.5822567933806111
49282,0.6075732888843698
49283,0.6508782793373711
49284,0.7120910903281752
49285,0.6485557259087628
49286,0.49537501081074886
49289,0.5675187305889683
49290,0.4504083640303116
49291,0.6435229054604834
49292,0.5648940294633378
49293,0.554017805999432
49296,0.5714546389641683
49297,0.5230398420939851
49298,0.7575390328321887
49299,0.6084340324731947
49300,0.8422645927900113
49305,0.6732016359345202
49306,0.6198866101115464
49307,0.5434422876083604
49311,0.4277581186003828
49312,0.5658041735366399
49313,0.5045482250851244
49314,0.6100033874248248
49317,0.5503543383501133
49318,0.8642191265752227
49319,0.7459601562297987
49320,0.684292977385681
49321,0.6260915697953245
49324,0.8817090112505663
49325,0.8173012069029546
49326,0.7321772749905937
49327,0.4188394327189915
49328,0.7006318603369899
49331,0.6204055720194704
49332,0.7808875317928373
49333,0.5591430993937893
49334,0.7293405700371554
49335,0.7738861048398865
49338,0.6027474271925485
49339,0.9102045866816503
49340,0.9085944607115001
49341,0.7660175648609436
49342,0.8874706885200956
49345,0.8376770583998906
49346,0.6950222536297631
49347,0.4776065870757143
49348,0.5754024328753083
49349,0.6036266311206077
49352,0.7205604645509974
49353,0.42956695570610093
49354,0.6624350483448626
49355,0.8515545158033369
49356,0.554026876071755
49359,0.8331035225852724
49360,0.6903677089135073
49361,0.6050910822210739
49362,0.4490819753319754
49363,0.6117615108777029
49366,0.5160057356973794
49367,0.40727580854566214
49368,0.8208102680157849
49369,0.7304095290548901
49370,0.6624229425117517
49373,0.6476269595774251
49374,0.6532734621025587
49375,0.4356385808442728
49376,0.5100484873656731
49377,0.5560842230881944
49380,0.7092870503356103
49381,0.4658202740496774
49382,0.4183295486019641
49383,0.46659341668453796
49384,0.9119621455359572
49387,0.5422998265583991
49388,0.8755877757676952
49389,0.7393190110048411
49390,0.8695200889231276
49395,0.5561850117611203
49396,0.5195499412950534
49397,0.8309063335428543
49398,0.6659614795521086
49401,0.627252332577465
49402,0.6737792261284555
49403,0.8261743572356663
49404,0.646524566854135
49405,0.4917803827390867
49408,0.8606813428808119
49409,0.8541620331146722
49410,0.681112694317407
49411,0.41974225325185827
49412,0.5256714447173987
49415,0.5210072515767238
49416,0.6766372211114333
49417,0.5586897883880125
49418,0.9046751474168537
49419,0.5392467237697883
49422,0.42850887957938577
49423,0.5494409642842816
49424,0.442559833998333
49425,0.5008494660934024
49426,0.8254063299246863
49429,0.4316108018708791
49431,0.8630538535088607
49432,0.5855296301915307
49433,0.8104309816855437
49436,0.9030058964646798
49437,0.6420931493217042
49438,0.7134837500927893
49439,0.6086756967007003
49440,0.5641318298003368
49443,0.8790590260925267
49444,0.8228811179944044
49445,0.5724334480430233
49446,0.6848914916259666
49447,0.4964294482058905
49450,0.5289806678720337
49451,0.4500962293211473
49452,0.5113330799700158
49453,0.6365334262575801
49454,0.5195339827837018
49457,0.7239266562518778
49458,0.7053760914783328
49459,0.4710336588521221
49460,0.6272268978454955
49461,0.46713722727167545
49464,0.4575161965458798
49465,0.4441399093322655
49466,0.4225852537644535
49467,0.6347844406223909
49468,0.6972713242049412
49471,0.5588219311520787
49472,0.667030190943111
49473,0.5498451631734831
49474,0.5035397695567126
49475,0.5107595213879574
49478,0.6646619675183195
49479,0.7914714634452092
49480,0.6339255077498372
49481,0.8076946752260061
49482,0.43038629207896667
49485,0.6803503014209211
49486,0.7994053442131848
49487,0.8912249517062448
49488,0.5280843113507513
49489,0.5319746795729469
49492,0.6828481078428174
49493,0.8568924537957157
49494,0.6440155298464738
49495,0.6997881774596438
49496,0.5135256270754646
49499,0.5451654172271461
49500,0.6685253996170419
49501,0.756857358358117
49502,0.39417412817375397
49503,0.619537475960646
49506,0.5077039010971709
49507,0.8077793834897301
49508,0.6027334601288371
49509,0.8889874829309576
49510,0.5924792722665697
49513,0.40110372104037023
49514,0.6563946897366297
49515,0.8801879253271165
49516,0.886194219857869
49517,0.6540476713191156
49520,0.7938570144955236
49521,0.8917954885132658
49522,0.47764410271998403
49523,0.6154374835398783
49524,0.710868553212507
49527,0.4220206195555417
49528,0.8237117829319889
49529,0.40217678202121576
49530,0.695607383725006
49531,0.4258268184306316
49534,0.5431182965893837
49535,0.44845344069373333
49536,0.3919048099229045
49537,0.7104668948712115
49538,0.3994382062249135
49541,0.6512840908832815
49542,0.6534226660802235
49543,0.6791065342940407
49544,0.5715335987374421
49545,0.7965377379728016
49548,0.5651656756486382
49549,0.5709282950233552
49550,0.4724786900838083
49551,0.4441404350462936
49552,0.6225338085678253
49555,0.7007635137113684
49556,0.7270971285532964
49557,0.7686653489430626
49558,0.8647917447977843
49559,0.6766960886081245
49562,0.7198965895563296
49563,0.39500411922277373
49564,0.5617456990182494
49565,0.6734313635430487
49566,0.5506414674148098
49569,0.8056204843195073
49570,0.619082390970001
49571,0.5288415318573192
49572,0.595379849814625
49573,0.6418569523479843
49576,0.3844093468154058
49577,0.4239843556248725
49578,0.5294637672929422
49579,0.5547241180120076
49580,0.5305322208343546
49583,0.7627247258434771
49584,0.6446667383254379
49585,0.8775574861276724
49586,0.6010713671262968
49587,0.5667970701603888
49590,0.7450057728410062
49591,0.3928910295661779
49592,0.4118675931886137
49593,0.48459011217552755
49594,0.5709228775559188
49597,0.42573294488443486
49598,0.810184585823679
49599,0.4560169259742413
49600,0.8142138291288886
49601,0.4543466103829177
49604,0.7136153370222106
49605,0.42227821209493416
49606,0.3982168846698138
49607,0.7970269089594908
49608,0.6059325855608396
49611,0.38506448042574576
49612,0.5947141774604434
49613,0.42647617107436564
49614,0.5422195507325867
49615,0.6534020827125053
49618,0.7064402723872232
49619,0.7593404209033132
49620,0.4654547962399816
49621,0.6465489108480954
49622,0.5795121073623297
49625,0.5889558744017558
49626,0.5465635005428695
49627,0.42428707917407793
49628,0.38338923494111565
49629,0.6340859221568097
49632,0.4381936368500864
49633,0.46304154713372425
49634,0.5476250828245585
49635,0.39107130634445053
49636,0.7601770684504485
49639,0.8235760878929862
49640,0.427311252827199
49641,0.6157445481986569
49642,0.42974896133833695
49643,0.41252521421784666
49646,0.857981112536117
49647,0.41563340940825105
49648,0.6101995930725195
49649,0.5775456789692441
49650,0.521135084313062
49653,0.39956778944346966
49654,0.8912043725445169
49655,0.5944190926740109
49656,0.49315363919288857
49657,0.4780211391161575
49660,0.49066967192957506
49661,0.8044463033397026
49662,0.694968412643515
49663,0.6592923612842495
49664,0.4439565196869106
49667,0.7074578292022335
49670,0.7513340435602666
49671,0.3869022809681716
49674,0.898790867668374
49676,0.3727572320472419
49677,0.4959065482383461
49678,0.43318648933079035
49681,0.6965916529265225
49682,0.8942219190767684
49683,0.4690879106914804
49684,0.430400716867155
49685,0.467802469704708
49688,0.7971206267616536
49689,0.4620342493754094
49690,0.4555856029460466
49691,0.5027047501002607
49692,0.45653186636444815
49695,0.4247996122349228
49696,0.5228341030534681
49697,0.8363071386715858
49698,0.5850488225593992
49699,0.8444695374228073
49702,0.6282165054112093
49703,0.6283820581410753
49704,0.8531319090310843
49705,0.6619418366583362
49706,0.8193074606794336
49709,0.4379729257219166
49710,0.38631904593279504
49711,0.8480518888229109
49712,0.38354851474858537
49713,0.5656985542349109
49716,0.6910743610085294
49717,0.8443603945659064
49718,0.5765387762034269
49719,0.44241337321391605
49720,0.47855550754329496
49723,0.8646399505385063
49724,0.8471061536332828
49725,0.6290152099631054
49726,0.6930429379568963
49727,0.7334521888049272
49730,0.7017619973549776
49731,0.4376692910464614
49732,0.3905680433853722
49733,0.6271127094539807
49734,0.39861315287631677
49737,0.6760558861198954
49738,0.587525482139685
49739,0.7369354557226294
49740,0.5062671099341611
49741,0.37249414463240565
49744,0.5231425507811126
49745,0.6535931691295822
49746,0.5023478050793955
49747,0.8086736806411534
49748,0.4035579225616015
49751,0.5723957261543133
49752,0.6009451448300885
49753,0.5307494768028757
49754,0.5122106780284686
49755,0.8467821231865321
49758,0.48559527653622514
49759,0.7251369963710758
49760,0.471750372374399
49761,0.42723941434995116
49762,0.4344318606542759
49765,0.5460170215668451
49766,0.5622660394851073
49767,0.7931684072054414
49768,0.44532138722473286
49769,0.705271045252765
49772,0.5739180078857614
49773,0.6967655818928149
49774,0.7994045821951901
49775,0.5080402990193292
49780,0.8594446398369584
49781,0.4550498195582841
49782,0.6752319433300834
49783,0.9030912895097515
49786,0.565184623809369
49787,0.8651146801141258
49788,0.700940225190836
49789,0.4719875384875367
49790,0.8525281305563043
49793,0.41760644533887054
49794,0.8997664533265728
49795,0.7196245929493154
49797,0.45674934166607345
49800,0.6747656630354378
49801,0.8219177516411312
49802,0.6478543332903968
49803,0.7036712956783936
49804,0.41523852057211563
49807,0.6760875986319574
49808,0.43594694750344226
49809,0.3963579599398042
49810,0.6047550917378104
49811,0.38960771349440537
49814,0.636819894443403
49815,0.3702222170554406
49816,0.8308944201573971
49817,0.47807040479431
49818,0.5714960206983405
49821,0.6302277340966517
49822,0.5022292582693374
49823,0.4701176975907641
49824,0.898549423019418
49825,0.7728558974693692
49828,0.46566047064206256
49829,0.4861594817967106
49830,0.36807975457877673
49831,0.4451029129819259
49832,0.37313821100573025
49835,0.46955944753304757
49836,0.6836885177579956
49837,0.8177212682782734
49838,0.4359260141222231
49839,0.4953680855910683
49842,0.8621920356086152
49843,0.6448847247097627
49844,0.36988558986332676
49845,0.5657169788594656
49846,0.6024474651466641
49849,0.5883441197084617
49850,0.7419388170610193
49851,0.6391026629325554
49852,0.6383677298477183
49853,0.8584719849598177
49856,0.44002370579479466
49857,0.6107500015155831
49858,0.41794319980568534
49859,0.4069856139970808
49860,0.7391995067744751
49863,0.4871014510040876
49864,0.5791466111712313
49865,0.39521887599128214
49866,0.7362577214850429
49867,0.47749037677306355
49870,0.5096165167399764
49871,0.6830386218857846
49872,0.7926225381665227
49873,0.48879330336085797
49874,0.4503942765102497
49877,0.669716816227095
49878,0.49146759442051674
49879,0.6213630425340853
49880,0.46069594766730176
49881,0.7468859100809917
49884,0.3896812462370672
49885,0.6871674877300357
49886,0.6370140153635622
49887,0.8526762226290356
49888,0.8107887284309406
49891,0.5536760938639343
49892,0.6996502323494852
49893,0.40942085207890266
49894,0.8880611811276258
49895,0.6295815102776432
49898,0.6546688955289802
49899,0.8840439240598459
49900,0.800469243595322
49901,0.6089090200390772
49902,0.564887125264041
49905,0.614004648852146
49906,0.544566538376217
49907,0.512371414384408
49908,0.8916945061833397
49909,0.5798897227705395
49912,0.3610210768118204
49913,0.5501396602150077
49914,0.47326625179233855
49915,0.6694305045213005
49916,0.43170064351456827
49919,0.4318567154990454
49920,0.5483609980930949
49921,0.3559032643662949
49922,0.7985498074384009
49923,0.885362969941624
49926,0.43233352449753165
49927,0.41728385328884887
49928,0.8023411420627153
49929,0.6985728306014096
49930,0.884657598479961
49933,0.6800987607978297
49934,0.43035652851645406
49935,0.5488230350942859
49936,0.6452720966425265
49937,0.630805095338104
49940,0.8981642840313875
49941,0.675355333454497
49942,0.48488553422945013
49943,0.354426330675365
49944,0.4001218626958964
49947,0.8790838763011791
49948,0.3805208379040253
49949,0.424841985892727
49950,0.42589762237027606
49951,0.5798227243056299
49954,0.6138794599492977
49955,0.672386945315101
49956,0.8440489273312115
49957,0.7221707294146572
49958,0.7094960513742472
49961,0.5646899312413558
49962,0.43842517159634004
49963,0.5701198326796934
49964,0.8501435235822057
49965,0.35794539083344284
49968,0.36288322341916823
49969,0.4221629042915935
49970,0.34612019373380176
49971,0.5320094605979655
49972,0.35557697569752295
49975,0.8353347359282276
49976,0.631560184002958
49977,0.7229497731102785
49978,0.7437848048303694
49979,0.7842738725068478
49982,0.49257793194300586
49983,0.4224333936783827
49984,0.5138333645442965
49985,0.7793301406261329
49986,0.4101706051966518
49989,0.48555446454514883
49990,0.616955741964251
49991,0.46777425234576225
49992,0.6983237757309017
49993,0.642925376750628
49996,0.36916960989949477
49997,0.6776109082488865
49998,0.5693542448838647
49999,0.37879945955960337
50000,0.45199325699729576
50003,0.8451804487728326
50004,0.7781313285818957
50005,0.8909163822319003
50006,0.486408205285901
50007,0.581082227548558
50010,0.7877490839576633
50011,0.3535822434186896
50012,0.536170406137522
50013,0.709305858961309
50014,0.5513746033455453
50017,0.46294326859716406
50018,0.8331677441037669
50019,0.6866274406934697
50020,0.4086645695732336
50021,0.5732214710980887
50024,0.5263938786993979
50025,0.5881089504447709
50026,0.8595721473503309
50027,0.7631218260858081
50028,0.5806109586545671
50031,0.7312018186638751
50032,0.854282626508712
50033,0.39310537840479
50038,0.3431698182049783
50039,0.41245677127566877
50040,0.38858068374924776
50042,0.7074595354208318
50045,0.34950307086822263
50046,0.7391738811578076
50047,0.35248555420356487
50048,0.3376992862005764
50049,0.44578870742788934
50052,0.34189465998131197
50053,0.5122321894587303
50054,0.6946220896936236
50055,0.5833447755437906
50056,0.5000197394225689
50059,0.8341799380282994
50060,0.48571118893977394
50061,0.34105548700523614
50062,0.7432512681346293
50063,0.4104770072014798
50066,0.3661179966276414
50067,0.35332632528623903
50068,0.3475536470123518
50069,0.5356805149641002
50070,0.3415318629474286
50073,0.4240898552227163
50074,0.7637485780683669
50075,0.5592737667733164
50076,0.4404665629505427
50077,0.7015767435241709
50080,0.4752861109796163
50081,0.4631322123839038
50082,0.7625610208407311
50083,0.5119126916047833
50084,0.4171347513208406
50087,0.5462607948444427
50088,0.885002884063261
50089,0.8876697876909657
50090,0.6285230948310639
50091,0.35728049955776264
50094,0.713626607873094
50095,0.47691850290652915
50096,0.7182013685211748
50097,0.6504739766465574
50098,0.3854492564323258
50101,0.4336541110753466
50102,0.8142696585860968
50103,0.5843762747549189
50104,0.8696720940998128
50105,0.5546385591664655
50108,0.46265722327676917
50109,0.7954508177758441
50110,0.6711532980149708
50111,0.6020001502080823
50112,0.3577361260115712
50115,0.33210347819695857
50116,0.8557558123364081
50117,0.4185644698913627
50118,0.6173662613718646
50119,0.6046365096964905
50122,0.4209431290615771
50123,0.3571318029898258
50124,0.34561910381733724
50125,0.5022543958858185
50126,0.6258591412779685
50129,0.4065337998639491
50130,0.6957414315822646
50131,0.5083469943221097
50132,0.6245128518086756
50137,0.4627924446775319
50138,0.7026835356259742
50139,0.7379114414649439
50140,0.3556607991549859
50143,0.8073579780303266
50144,0.5377659358597159
50145,0.7161962451879363
50146,0.8599264340735306
50147,0.8624166780212805
50150,0.7495587843163738
50151,0.373536321987774
50152,0.6727056430898233
50153,0.34316656761300257
50154,0.49752749361797066
50157,0.5755799059099603
50158,0.4979573521205313
50159,0.5307568980563241
50160,0.4156470037325843
50164,0.6719109118353243
50165,0.6256155070664007
50166,0.3620498011019115
50167,0.3432976559807615
50168,0.36243289656469524
50171,0.5845594790998176
50172,0.40561724854729686
50173,0.5516984228095215
50174,0.539899828700656
50175,0.7262399010708861
50178,0.4907394615240785
50179,0.739793611008423
50180,0.6383005403677705
50181,0.3752869538067632
50182,0.7240819111825915
50185,0.8310412506235935
50186,0.8328210789052466
50187,0.34348539532021866
50188,0.5336555339301041
50189,0.5891636992165284
50192,0.3914970937904749
50193,0.3815989062352157
50194,0.6369197903707273
50195,0.44082643309845043
50196,0.40729773684765
50199,0.4583162259828275
50200,0.7651198471784088
50201,0.3656476566402409
50202,0.5153326990541793
50203,0.6693886073359379
50206,0.5784664890992467
50207,0.8591789542724398
50208,0.7834775924894546
50209,0.40846710918583895
50210,0.8926874718128605
50213,0.5830718501057411
50214,0.5231389610136988
50215,0.8440668165200359
50216,0.32983254816491975
50217,0.7081566917400135
50220,0.6535811049582303
50221,0.6536857002826387
50222,0.7047569965259014
50223,0.8910334250601655
50224,0.4225367659699658
50227,0.330973262347699
50228,0.7088402367699921
50229,0.4518173349087722
50230,0.4166093558967583
50231,0.37336669973561754
50234,0.5778695086777166
50235,0.6534287651068631
50236,0.638512731719325
50237,0.4287087492703976
50238,0.38508018948563927
50241,0.7398748304410618
50242,0.6088096968824526
50243,0.3523474402735475
50244,0.38856746115386376
50245,0.3233374432264503
50248,0.40978352763298376
50249,0.5945029410359681
50250,0.4849055421914287
50251,0.450868512921967
50252,0.8223267241503697
50255,0.5081296673831506
50256,0.4285158628966194
50257,0.7500145741952334
50258,0.39791192351893845
50259,0.4875987470292733
50262,0.3329063469278725
50263,0.8531240686389581
50264,0.6773506845690251
50265,0.4782143921599044
50266,0.6556748348127474
50269,0.42513648743514937
50270,0.4058585868630878
50271,0.8013588646899593
50272,0.5230934612363827
50273,0.5257122965674971
50276,0.6073999526725241
50277,0.33830915159173147
50278,0.37734572100237923
50279,0.4319256841957357
50280,0.42422859783069145
50283,0.5512927838740306
50284,0.34191540735516623
50285,0.43258391504603677
50286,0.417300356058873
50287,0.36340144827025517
50290,0.6695924755145001
50291,0.38430529116428985
50292,0.7267655519375223
50293,0.6214892919275696
50294,0.627754407038626
50297,0.32093846278570515
50298,0.364397830610149
50299,0.4284330659704408
50300,0.41692847795211163
50301,0.4951948302654923
50304,0.33103027720866274
50305,0.5300981039683859
50306,0.5981781816257542
50307,0.7508011231881282
50308,0.3912738837438755
50311,0.41277839852837017
50312,0.5953471922020462
50313,0.8670095942826918
50314,0.3697386910644251
50315,0.8795513316949506
50318,0.42567544954598713
50319,0.32182481964079673
50320,0.5624295552386069
50321,0.695573250190074
50322,0.42481115202943676
50325,0.37735272376192996
50326,0.5013120148825637
50327,0.3222277196382509
50328,0.8427997803072513
50329,0.5234787236246131
50332,0.4179443539066245
50333,0.35905490910524324
50334,0.7367508019417762
50335,0.3833365249714064
50336,0.4972039231268729
50339,0.5858105743845645
50340,0.7742614959082846
50341,0.35736447249664055
50342,0.7535902569247717
50343,0.6416082115637475
50346,0.6549091694763811
50347,0.3545519109319404
50348,0.43719079390988574
50349,0.3834754550878036
50350,0.6825925523480629
50353,0.459413178931384
50354,0.4858639076725258
50355,0.36859988013666345
50356,0.3410419562347084
50357,0.8777497231320665
50360,0.43557040164582367
50361,0.8415353182088912
50362,0.4971143916770162
50363,0.6554820014772114
50364,0.6422572589773942
50367,0.6113773393240359
50368,0.45990790091880906
50369,0.6236211447531239
50370,0.40848742822751727
50371,0.5785521136767341
50374,0.8264704638905598
50375,0.38651925016006816
50376,0.6559497738964343
50377,0.5610188648507558
50378,0.42881613260068946
50381,0.6238570345570574
50382,0.8365869943540447
50383,0.5967956466168071
50384,0.3251049763181017
50385,0.44862681022959044
50388,0.4343900567062394
50389,0.45283240723941365
50390,0.7185262263370368
50391,0.5686501520466251
50392,0.39878846928923506
50395,0.7971134397657149
50396,0.660215062948109
50397,0.6612335983072714
50398,0.559888153825391
50402,0.3113967988832558
50403,0.8261615738771231
50404,0.5099108665033197
50405,0.732929588166136
50409,0.31405270184367223
50410,0.7863758768748318
50411,0.5761886634598523
50412,0.40268976354128844
50413,0.4172454588837826
50416,0.5641323766983645
50417,0.6120992391638237
50418,0.5793875698025627
50419,0.6684279621763957
50420,0.7120174661905404
50423,0.5282599415796556
50424,0.6650697197444618
50425,0.6516181961694252
50426,0.4380945741441313
50427,0.3132680627226981
50430,0.46350778020826067
50431,0.8167716115321229
50432,0.8179616809948433
50433,0.3185839842938856
50434,0.6441878327592504
50437,0.8033768617518849
50438,0.4651514664368449
50439,0.45289666541707413
50440,0.4408396443918451
50441,0.6648231603042595
50444,0.8726452445127912
50445,0.31295811775024607
50446,0.6764645545771978
50447,0.427368606486164
50448,0.41339079678619495
50451,0.45862644268455754
50452,0.6322548336585652
50453,0.6614311307789007
50454,0.46454115780394156
50455,0.3473887097434232
50458,0.31811521508654544
50459,0.7905547213579615
50460,0.7497110855568061
50461,0.3185550420360472
50462,0.39908008142776225
50465,0.3402599064766641
50466,0.7115474932344827
50467,0.4685847159965693
50468,0.4141874363183706
50469,0.42366469509118804
50472,0.5689260823922977
50473,0.871588815787691
50474,0.47039584395689554
50475,0.6730980787062164
50476,0.5431940085925264
50479,0.3126659482499391
50480,0.5740095773309044
50481,0.3552413822439711
50482,0.7216537039464621
50483,0.4260439037273337
50486,0.3055532133473933
50487,0.7928308274880224
50488,0.8779260306271165
50489,0.5521639004628099
50490,0.8007586503222177
50493,0.3914083480798272
50494,0.32641066877160446
50495,0.5514552285715961
50496,0.6677263514076834
50497,0.5510767954280246
50500,0.40162756664141736
50501,0.8768858073600132
50502,0.4648171748739269
50503,0.45277601121650113
50504,0.44077200717162235
50507,0.6793571588110919
50508,0.40511337628468386
50509,0.8010766862377651
50510,0.7117464750673932
50511,0.3384874462971582
50514,0.39382023487914375
50515,0.8720236922509933
50516,0.6741095993356956
50517,0.6996482820049958
50522,0.6573532780865601
50523,0.674296100728607
50524,0.8262770653182694
50525,0.5343952792166303
50528,0.39526220449472405
50529,0.4539426298805637
50530,0.42200158866482046
50531,0.8092695153222053
50532,0.3104038967870209
50535,0.3512783802863098
50536,0.36436332170196023
50537,0.35716702870718947
50538,0.31639970038218085
50539,0.4854586352004106
50542,0.709213367184453
50543,0.44782333678010217
50544,0.38955989769612803
50545,0.3916185360676281
50546,0.49727785457760404
50549,0.8199993584444324
50550,0.5868129622689261
50551,0.31953475243746204
50552,0.4633775301207575
50553,0.4875448547995375
50556,0.6566697861368681
50557,0.588056599426978
50558,0.3280725939769741
50559,0.42263180338990763
50560,0.3695708339445682
50563,0.534263207782941
50564,0.439527638732935
50565,0.6711825540031969
50566,0.4041949649446494
50567,0.550048168737318
50570,0.5407810049388256
50571,0.4297641869080574
50572,0.3124016144672454
50573,0.8231906193513235
50574,0.3534444180113481
50577,0.63845270161016
50578,0.5393658084229607
50579,0.8624345066682891
50580,0.6321388172145306
50581,0.5050385772640495
50584,0.8300069022537617
50585,0.5112610699589134
50586,0.31447098563237424
50587,0.7856070691028094
50588,0.3768016320074699
50591,0.5593745068924305
50592,0.4252896050536083
50593,0.6607207176269873
50594,0.7392936400537571
50595,0.7384438559845383
50598,0.8163656650028147
50599,0.717759473178587
50600,0.42037543449806514
50601,0.32958363732542667
50602,0.3553622702232627
50605,0.41025929035740993
50606,0.7803973148150786
50607,0.638831186990468
50608,0.6241894862733264
50609,0.6673928407092438
50612,0.49575192408860325
50613,0.4843889448518114
50614,0.5917280789792363
50615,0.5937181151344809
50616,0.3485417990820769
50619,0.3639920429885924
50620,0.6248216465604634
50621,0.31636333797087923
50622,0.3027192836476567
50623,0.6114735406709966
50626,0.5925462775843847
50627,0.49984449588518587
50628,0.3062444216131007
50629,0.32931596001893937
50630,0.7863012408474385
50633,0.5670788562745634
50634,0.47317977403316436
50635,0.5006454831244588
50636,0.7092233749937549
50637,0.3352219028719423
50640,0.4112316164220605
50641,0.34289260803016264
50642,0.33484111065447825
50643,0.37917353574076496
50644,0.5373640318430932
50647,0.4426485775074553
50648,0.7359085202874048
50649,0.4120443144590231
50650,0.7202710748955595
50651,0.4025398366951452
50654,0.6802083108559493
50655,0.7720677554093225
50656,0.731431951793602
50657,0.8798462654768767
50658,0.3908569038365917
50661,0.3846186930504115
50662,0.49198012960253007
50663,0.7343394727496841
50664,0.801993625551145
50665,0.8627242758149577
50668,0.7304496569643322
50669,0.3207891075852345
50670,0.6701520877945838
50671,0.589596163999496
50672,0.7820926896028236
50675,0.6846156081168265
50676,0.48852974658328835
50677,0.441692501234642
50678,0.6667872394018304
50679,0.8252990345551626
50682,0.5647272912159633
50683,0.6750057259519574
50684,0.6862990878608531
50685,0.29537727019189064
50686,0.43671608490826114
50689,0.46706423673446346
50690,0.5484786200511732
50691,0.5402344953611852
50692,0.47541540377332736
50693,0.3980699113373456
50696,0.3952449624089315
50697,0.7240733305659707
50698,0.4976040152669549
50699,0.5502312213014058
50700,0.3258209755915719
50703,0.42792669486420737
50704,0.47907879441592793
50705,0.7717954672580714
50706,0.44049214238852546
50707,0.77011347871918
50710,0.5985434272146831
50711,0.7476647298615475
50712,0.39855028168318174
50713,0.6951915690023616
50714,0.5619617483004518
50717,0.31526053866112974
50718,0.6964640069096638
50719,0.49167406854394086
50720,0.5441577205297036
50721,0.8621678517640413
50724,0.3541926627350964
50725,0.8130855298675415
50726,0.5104485627330625
50727,0.4621278773794415
50728,0.4274399753503598
50731,0.398628225451388
50732,0.6576115642060381
50733,0.869952728360741
50734,0.38274810483982785
50735,0.4750009406804311
50738,0.3358891679164163
50739,0.34155744714949954
50740,0.3329552821055178
50741,0.503021147219227
50742,0.5988950544952382
50745,0.35302708203130523
50746,0.5226404408024509
50747,0.7118369141847376
50748,0.32789101882697064
50749,0.3175375735748871
50752,0.5132256074928997
50753,0.805855391881492
50754,0.5617934407758197
50755,0.3473981115848575
50756,0.3100289888708114
50759,0.6949245699273972
50760,0.813771440212888
50761,0.31852007138418564
50762,0.5602159005916982
50763,0.4695538912528218
50766,0.2863912280142594
50767,0.8139069268296056
50768,0.414661488097701
50769,0.806751537938922
50770,0.5687811486097893
50773,0.3458795480001264
50774,0.5314958756863495
50775,0.2762104858685369
50776,0.4592546390530042
50777,0.6053011712457878
50780,0.6805072723578889
50781,0.5847444360225114
50782,0.5699046077954459
50783,0.8113066908608106
50784,0.5717330403236398
50787,0.5119069584218933
50788,0.3788296631741267
50789,0.40900868260846157
50790,0.38488593322130027
50791,0.8700828365002669
50794,0.6816686283655707
50795,0.40619122672025504
50796,0.4996138559147502
50797,0.8730293054395982
50798,0.34366153686804124
50801,0.3563685904749927
50802,0.4630018720171787
50803,0.812720496034788
50804,0.3587636728415753
50805,0.44408219439167296
50808,0.35203934430479766
50809,0.36461776164144405
50810,0.3433305378485734
50811,0.4790672415441945
50812,0.7451425875089012
50815,0.40018317136190806
50816,0.42457105940831896
50817,0.3680677251568302
50818,0.7195160171190458
50819,0.6986193161150581
50822,0.3090511017068247
50823,0.3642883406041487
50824,0.3025092389753624
50825,0.3604200448271368
50826,0.4355626294900471
50829,0.40716244850012345
50830,0.3089057428011462
50831,0.4446640967008207
50832,0.4174608811952485
50833,0.7301806209492829
50836,0.5026053864928721
50837,0.37783952933100773
50838,0.6379774836775742
50839,0.6916165251484961
50840,0.606463227207511
50843,0.6601745290783357
50844,0.681117636663777
50845,0.5318272282933009
50846,0.30097939003055424
50847,0.4825867001064641
50850,0.7028099749105784
50851,0.8010230629432479
50852,0.3857889665448631
50853,0.5582950012331509
50854,0.3324705784005555
50857,0.40245244618171216
50858,0.342359435612645
50859,0.6359622128409673
50860,0.3869075503726803
50861,0.6417955811710034
50864,0.2887553649657168
50865,0.4129922641252784
50866,0.5972143677364316
50867,0.6373153110481037
50872,0.6991761207732009
50873,0.3848701339341202
50874,0.6764210446384857
50875,0.4328004826577118
50878,0.6403516093625548
50879,0.3996063379739349
50880,0.3332018918143201
50881,0.3480472500385119
50882,0.35513887535116606
50885,0.7011634740217951
50886,0.7889514387889184
50887,0.3818411136102749
50888,0.5655530608865174
50889,0.5240525414821832
50892,0.8442972391930363
50893,0.6433231975133928
50894,0.8417023110436384
50895,0.30761246284116134
50896,0.6556574532436327
50899,0.4509386059115908
50900,0.8362208200671527
50901,0.3956268115971552
50902,0.5959632350284062
50903,0.3002300004349865
50906,0.3035349556783704
50907,0.5940376459880357
50908,0.29876999768501944
50909,0.2666047857279868
50910,0.3268130712021575
50913,0.3190819320814465
50914,0.6502505804073768
50915,0.43945920594782945
50916,0.8079432694422125
50917,0.7816187707024873
50920,0.2649368171477064
50921,0.5921867650549122
50922,0.357477776218272
50923,0.3332316051051214
50924,0.31328208414565417
50927,0.2648306523825592
50928,0.6553168426595978
50929,0.8339514926581699
50930,0.5345708860308496
50931,0.7488088422919355
50934,0.8519261997028295
50935,0.5677917572326612
50936,0.3415251081768488
50937,0.44338942095816863
50938,0.6010243418708947
50941,0.3985477964941797
50942,0.6620195379958457
50943,0.8599509954362716
50944,0.3489634700415314
50945,0.4131772504194235
50948,0.34952389790391114
50949,0.8347472768568736
50950,0.3192771359535658
50951,0.41482957853424796
50952,0.4437664391137615
50955,0.4119965485486366
50956,0.3085024773518717
50957,0.4309887438487407
50958,0.43403671219633966
50959,0.2647337334037003
50962,0.35082332334774524
50963,0.5126875880853501
50964,0.3721971002857255
50965,0.5464701724206622
50966,0.6631895274645665
50969,0.4249755709170077
50970,0.28465915002540704
50971,0.28425693100619465
50972,0.5781617513729024
50973,0.4617453792706166
50976,0.676606537868753
50977,0.2618676306140542
50978,0.2664377804735382
50979,0.3980226672956733
50980,0.329859073251579
50983,0.367326611284193
50984,0.42576664951120674
50985,0.8191954519649135
50986,0.5034088261979157
50987,0.3854237173967657
50990,0.38391817250232874
50991,0.555478107543793
50992,0.2784527826671974
50993,0.7130271369162833
50994,0.4757506814814452
50997,0.3772231291722207
50998,0.37429256338863365
50999,0.39695222609692465
51000,0.6250027680685802
51001,0.722368832912346
51004,0.40275878706223683
51005,0.4210551904653637
51006,0.7020566319998744
51007,0.3699971775188214
51008,0.5016167011161475
51011,0.38693523437810584
51012,0.3145872709372752
51013,0.7099923166138411
51014,0.8530924852070234
51015,0.3375270952090309
51018,0.4147998719063875
51019,0.3715915916589231
51020,0.31369723823261364
51021,0.32746075019869886
51022,0.26987747168243503
51025,0.4533788168348239
51026,0.4803792354429445
51027,0.5339762259374656
51028,0.7233066903613651
51029,0.4332093949004596
51032,0.6217861650194494
51033,0.28246813452486236
51034,0.42727000403710347
51035,0.4221769715191163
51036,0.5649588685208289
51039,0.8187662055085159
51040,0.8393131592075239
51041,0.519192775104253
51042,0.7865973705757543
51043,0.4144076852774835
51046,0.2958270425591436
51047,0.2950503167433202
51048,0.38832995186292596
51049,0.6730212098136413
51050,0.302137897805584
51053,0.2934676527217899
51054,0.684922631889837
51055,0.35217361188893936
51056,0.6131466883753439
51057,0.3248831287588159
51060,0.25549699157788985
51061,0.8404684546313586
51062,0.28878163867999074
51063,0.4049914609227701
51064,0.26283079037064283
51067,0.49150375156278814
51068,0.3066808988136057
51069,0.8073515661992989
51070,0.5765609384111119
51071,0.8026912636183053
51074,0.2614951906719831
51075,0.31789150003663613
51076,0.30415717350545246
51077,0.27363270740680035
51078,0.7847103532487855
51081,0.5411302565400671
51082,0.7983267912457215
51083,0.6715692200178762
51084,0.6562632787634204
51085,0.48776923063308547
51088,0.6249670673472448
51089,0.769026100596684
51090,0.7081763158583696
51091,0.726085141125866
51092,0.26096907247436063
51095,0.3398979977634642
51096,0.2624140831359463
51097,0.5049949249842023
51098,0.6168327029194078
51099,0.32356379968199767
51102,0.5810074617070528
51103,0.6006559731881498
51104,0.65261204221312
51105,0.7414699354175097
51106,0.633365007922194
51109,0.5599643380416225
51110,0.3767165119099274
51111,0.8057310286754913
51112,0.6702637122177169
51113,0.31827187643875754
51116,0.7252487901990183
51117,0.5683489056478799
51118,0.2966284917885287
51119,0.7179170780610798
51120,0.7854300162201421
51123,0.47588132876342154
51124,0.5971157118927932
51125,0.43117298763816203
51126,0.3194071109578512
51127,0.7336330110942126
51131,0.4215427795541533
51132,0.46296718989162916
51133,0.7270422883976456
51134,0.39913965290763154
51137,0.6181697907756756
51138,0.47288099442207726
51139,0.7851730400629142
51140,0.489745556156746
51141,0.593073299131371
51144,0.3108003569956704
51145,0.8102058740503322
51146,0.5150990399983701
51147,0.48997028134390813
51148,0.3508035686785608
51151,0.42349724009613826
51152,0.3768569296185799
51153,0.32830043251888646
51154,0.2949776005180678
51155,0.5867375171349847
51158,0.4426979980949786
51159,0.3029115805939641
51160,0.2510520202539513
51161,0.28454990172847044
51162,0.5453846944257636
51165,0.6804482100197371
51166,0.47000787278512923
51167,0.34219807196956536
51168,0.467995145809171
51169,0.47348474433985055
51172,0.3027039815780683
51173,0.5516162247372365
51174,0.29445676760140677
51175,0.5208367434628769
51176,0.574953919323015
51179,0.4905117877929518
51180,0.3324288716662787
51181,0.7415620641316689
51182,0.6785023345393205
51183,0.26174291932167354
51186,0.6964526484874015
51187,0.42442911631053937
51188,0.418194397344135
51189,0.46827275587267714
51190,0.384888385223447
51193,0.6499065183701446
51194,0.43208331526710214
51195,0.5427625813437796
51196,0.3763178447621704
51197,0.7267403232545062
51200,0.42182140687567654
51201,0.6871555614846746
51202,0.610490312468571
51203,0.6585671316242812
51204,0.689125016972555
51207,0.3050359270838183
51208,0.6046988267018386
51209,0.26810728400424483
51210,0.2538773988019588
51211,0.4208373355473361
51214,0.7243361103062431
51215,0.539840610744746
51216,0.31540981424902453
51217,0.5446391638028819
51218,0.777520949148505
51221,0.4279301908707662
51222,0.2965728123182575
51223,0.3156392632237025
51224,0.6949104177387898
51229,0.3687139258620785
51230,0.6556231738585862
51231,0.6574895596873377
51232,0.28516391213025283
51235,0.6314462032951111
51236,0.6205570088199084
51237,0.8672076953224235
51238,0.2859866829649599
51239,0.3158508963620015
51242,0.38974222100150113
51243,0.3330865588715521
51244,0.7146740337875135
51245,0.4833397235935104
51246,0.5541042794865564
51249,0.7696681120855803
51250,0.46613743655732387
51251,0.26741334686111934
51252,0.8242593084569702
51253,0.5976291664087849
51256,0.6651725841915265
51258,0.6395180902750667
51259,0.2711069434442567
51260,0.47634144199265555
51263,0.47721816327009525
51264,0.32725199384126796
51265,0.7114690193377692
51266,0.46436433011362294
51267,0.4996790629018741
51270,0.403191567298083
51271,0.2404637618512394
51272,0.3229904821881523
51273,0.5202952216844733
51274,0.2996417647634709
51277,0.696253464983755
51278,0.8336763353831038
51279,0.6666157497142522
51280,0.5596822878359309
51281,0.4496551521825568
51284,0.3928908183832211
51285,0.26858934541427293
51286,0.44973104487781507
51287,0.45465460673713587
51288,0.8124325102275347
51291,0.8285374893956956
51292,0.4260319142547502
51293,0.49271900169628935
51294,0.2938215829003195
51295,0.7044314404142047
51298,0.8390169184558547
51299,0.48546922395144626
51300,0.6377587025370508
51301,0.8126714699244916
51302,0.34001960277836174
51305,0.7500344892965198
51306,0.3948037880653979
51307,0.6024845114784029
51308,0.692256847975471
51309,0.5302198808224583
51312,0.3072177278010928
51313,0.5215696288382144
51314,0.3278874733597592
51315,0.736266209502386
51316,0.31854671130606804
51319,0.6371677512136824
51320,0.3601199101557117
51321,0.4160627931698576
51322,0.25978132694242445
51323,0.5241538749439167
51326,0.7946279823150829
51327,0.844547758954604
51328,0.29618675457639626
51329,0.43823582897386265
51330,0.31655883424839687
51333,0.6384783025844465
51334,0.5529620615428531
51335,0.8324080946984249
51336,0.24819705767848976
51337,0.3634019033788209
51340,0.25722313573506705
51341,0.6127765904001695
51342,0.3906895386357135
51343,0.3579972653299984
51344,0.5724876862907529
51347,0.28684133648796817
51348,0.25207090702217483
51349,0.2733076128642259
51350,0.33038689883839634
51351,0.6027353938288894
51354,0.5993099719242374
51355,0.2463522155674362
51356,0.8535795803143732
51357,0.339957278321675
51358,0.34426315385902745
51361,0.383704997751569
51362,0.23745648855794113
51363,0.575585376296993
51364,0.5547910076335226
51365,0.7801464187385763
51368,0.48480307507518666
51369,0.614749692590693
51370,0.5519508040037158
51371,0.29031237508140245
51372,0.25435277475181023
51375,0.678062255465606
51376,0.530947697606099
51377,0.25631466219321997
51378,0.7973601352519943
51379,0.7660492429875579
51382,0.6984010054860786
51383,0.3961962708119634
51384,0.7096761328309893
51385,0.24289518796279563
51386,0.48113497817346434
51389,0.447563350761874
51390,0.6252647505803788
51391,0.46574167247852705
51392,0.3624053008244194
51393,0.3222560378181011
51396,0.32091382152017256
51397,0.40433205793331595
51398,0.2632030413004237
51399,0.29500565273843454
51400,0.3193021360965996
51403,0.8030378640060689
51404,0.8561836444633166
51405,0.6531987993981674
51406,0.3606742579376495
51407,0.5027158530205723
51410,0.5083757116923815
51411,0.26927290692922223
51412,0.2653405674111196
51413,0.2605571349468384
51414,0.5710251379173988
51417,0.3470796369039171
51418,0.6035042133744905
51419,0.6715462092647124
51420,0.676815071160684
51421,0.5497326400659023
51424,0.4893389353864135
51425,0.28805507426814303
51426,0.7369422999776629
51427,0.3268808554459756
51428,0.427670659288078
51431,0.5898989121283074
51432,0.44981186872739065
51433,0.5804950319511927
51434,0.392241329813563
51435,0.4861143274291695
51438,0.6942784592580298
51439,0.739630647673316
51440,0.41832573508354476
51441,0.26105695460887834
51442,0.5471009166791536
51445,0.32648840153867453
51446,0.3602448406228307
51447,0.25078104787890015
51448,0.29033487948047315
51449,0.4068234213162145
51452,0.36061486634133294
51453,0.26167078840780966
51454,0.5074940004300804
51455,0.5589032636384189
51456,0.8504330877027121
51459,0.2874650512284314
51460,0.2973390529785766
51461,0.750730765550972
51462,0.4004419049889764
51463,0.465253528348352
51466,0.7364230632261501
51467,0.23373237469477445
51468,0.6479805580242639
51469,0.7885527876616087
51470,0.3904283608534181
51473,0.32206279136865723
51474,0.8258090923762955
51475,0.3582404680843959
51476,0.42395697203447896
51477,0.7512837487031715
51480,0.684839266684332
51481,0.40391488147769034
51482,0.5803902982007405
51483,0.24623738479101873
51484,0.2888056923328243
51487,0.23154753509856582
51488,0.6091939156083233
51489,0.23574559968223455
51490,0.48422198948765693
51491,0.5415158483155842
51494,0.8056862540474621
51497,0.8029886144689503
51498,0.3411265118776786
51501,0.4665214024957321
51503,0.6359995833546739
51504,0.37830066102658044
51505,0.6138296307696104
51508,0.3969167372676713
51509,0.5320037066997351
51510,0.28524106102030666
51511,0.286270750639875
51512,0.4538130115928515
51515,0.5376591437867189
51516,0.5291840216344814
51517,0.29169021577035525
51518,0.5540819581435064
51519,0.6502395840725173
51522,0.768462375787604
51523,0.45963216993842904
51524,0.45011808979234746
51525,0.27769383070070397
51526,0.6393130413985637
51529,0.5154263816273679
51530,0.28978181961239774
51531,0.2838365976943281
51532,0.5127316736881826
51533,0.46368400701224644
51536,0.5718818458432946
51537,0.24471466632879266
51538,0.7334891480928182
51539,0.24419484909137595
51540,0.3420399738155876
51543,0.4198822870260732
51544,0.8235256087337242
51545,0.45271664287892843
51546,0.49610300953321473
51547,0.6921302314136013
51550,0.35428026211430663
51551,0.23143517712219216
51552,0.4022767129352044
51553,0.3272087479130242
51554,0.7843190291925035
51557,0.4887978845415974
51558,0.7349290101456953
51559,0.3751952067080299
51560,0.24132531949070332
51561,0.35098181354128927
51564,0.775146306252066
51565,0.5318249376519432
51566,0.4076640638042287
51567,0.4978278574175758
51568,0.2776271644748608
51571,0.2846696674328767
51572,0.3748161393744976
51573,0.5179522656933916
51574,0.607990801750105
51575,0.7447580063550361
51578,0.5308644843354787
51579,0.4903842122023956
51580,0.3430996281165408
51581,0.35137072745501907
51582,0.7815834472826236
51585,0.5020934658496023
51586,0.6712731630625132
51587,0.694425769768219
51588,0.27873275532706326
51589,0.8119155302893312
51592,0.485568575750894
51593,0.6834598173167937
51594,0.2592933718543856
51595,0.4022279031083623
51596,0.6269276346853843
51599,0.43305090525395756
51600,0.3167771073914087
51601,0.23246527994138355
51602,0.636031407317076
51603,0.2563156028270759
51606,0.2398340470055878
51607,0.2457018688735959
51608,0.36060997124578925
51609,0.36331012077482433
51614,0.49486745144247074
51615,0.3068855804473355
51616,0.41521093184572017
51617,0.33989308897546466
51620,0.47768888120704933
51621,0.31539364290384736
51623,0.2775587743008331
51624,0.7026500245429843
51627,0.2741057831560625
51628,0.409338134694045
51629,0.26960365085719334
51630,0.4751964798577832
51631,0.5104507435214346
51634,0.2444827250183023
51635,0.6081181159830364
51636,0.2693269515190629
51637,0.4415921639901171
51638,0.4236582099783582
51641,0.5617633993556692
51642,0.39044174375805446
51643,0.5488657880710942
51644,0.8131856185133679
51645,0.5904159122611715
51648,0.8507112223742035
51649,0.22323662906840602
51650,0.22708392461707144
51651,0.4980442112872113
51652,0.3147205539514754
51655,0.5328212252747198
51656,0.3402879178235153
51657,0.2827138143426721
51658,0.23261307339925671
51659,0.4940898469625217
51662,0.29114991156828224
51663,0.5943703814762593
51664,0.21869385661413354
51665,0.8278358595513052
51666,0.37283688933129666
51669,0.3449123327298407
51670,0.33151434404217756
51671,0.7262312472927394
51672,0.23441523424345623
51673,0.6676181264348396
51676,0.3624151930869292
51677,0.6301964359722946
51678,0.5605872065785079
51679,0.40255148604105107
51680,0.4813368495004334
51683,0.6867821377448327
51684,0.6766239200793918
51685,0.4803899197507842
51686,0.30024215134905463
51687,0.2470090786577003
51690,0.7628474348423155
51691,0.49697527786451884
51692,0.7459111313898289
51693,0.8376502562384085
51694,0.3422254807339455
51697,0.371361816679223
51698,0.6834372531579366
51699,0.619402401814695
51700,0.8292298814040503
51701,0.2686705428980637
51704,0.2210856984212927
51705,0.7097940026832086
51706,0.6210490799687542
51707,0.2560955691245427
51708,0.23617183328974442
51711,0.47777589556198785
51712,0.7984205184178271
51713,0.8109694952057386
51714,0.3852409053714299
51715,0.4956386928194898
51718,0.8230435760489729
51719,0.3799576741719252
51720,0.8431324552143471
51721,0.2857584291451706
51722,0.5586587833955027
51725,0.8096294734621944
51726,0.3768115613028385
51727,0.49160319643230804
51728,0.2199427771908317
51729,0.4005629850741513
51732,0.5829387600390968
51733,0.31778284749050345
51734,0.5858874467544093
51735,0.24194419325861008
51736,0.5070656558129413
51739,0.39675755649539607
51740,0.7975845559968693
51741,0.4715996497159613
51742,0.2670769938781466
51743,0.277187247974213
51746,0.6251881551296713
51747,0.6235969600101314
51748,0.27238993939886935
51749,0.23242268309566405
51750,0.7487675330237963
51753,0.4553106413387413
51754,0.5331184901693363
51755,0.2523359192930802
51756,0.7610707025686225
51757,0.6362886283003216
51760,0.2975263136770837
51761,0.7961110729666084
51762,0.4284126043753962
51763,0.4597873878843637
51764,0.5348179810364226
51767,0.49128657527112257
51768,0.40610519301500625
51769,0.6817465873750875
51770,0.38266392739613675
51771,0.27552223097121825
51774,0.2934468371918605
51775,0.6886719137983763
51776,0.6931497365960477
51777,0.586247530578522
51778,0.5143104459919949
51781,0.4809298396637835
51782,0.3281154460191877
51783,0.7893941405685249
51784,0.8142341907780417
51785,0.4920282151981723
51788,0.31975540304627387
51789,0.6507134884197122
51790,0.345744917435578
51791,0.5924181020948235
51792,0.24470856468244162
51795,0.24123366269352842
51796,0.5616278886548622
51797,0.6175846589731696
51798,0.4779558475646377
51799,0.6083522601836742
51802,0.33023600020445365
51803,0.2656699942045061
51804,0.32977784286413353
51805,0.2661920747854675
51806,0.4872320142860826
51809,0.6847960631495975
51810,0.30048974237797493
51811,0.5127738985881507
51812,0.33011871083355854
51813,0.5822362845417686
51816,0.7613555135153729
51817,0.2091246330383782
51818,0.6845018434880881
51819,0.21024791628426764
51820,0.2135391953065908
51823,0.276829114531167
51824,0.33494146122080337
51825,0.3760200572094072
51826,0.24965663999732676
51827,0.5661525928853313
51830,0.4393443309051232
51831,0.3540800838824481
51832,0.4759439026358805
51833,0.46498369764501973
51834,0.5338369641666911
51837,0.3825724575827638
51838,0.2544971883735439
51839,0.6408506788757325
51840,0.2257537188412524
51841,0.3200545565115507
51844,0.2642133205379878
51845,0.38646533411106576
51846,0.28108222642621045
51847,0.8340640679907843
51848,0.26581741391346725
51851,0.8059678187806443
51852,0.23981206512016123
51853,0.20726878452390882
51854,0.56092836562267
51855,0.6320812226288508
51858,0.28606577523706866
51859,0.594491928611058
51862,0.24769112575625615
51865,0.7364767638609343
51866,0.7124975254898549
51868,0.21024246992720141
51869,0.3253111599509635
51872,0.2537895379178595
51873,0.5361272382923183
51874,0.3237680383149169
51875,0.36416700676619906
51876,0.35948728265458896
51879,0.3206621059971079
51880,0.37383266185849084
51881,0.46098637957527716
51882,0.574105067447444
51883,0.2832143449562622
51886,0.6162606329473054
51887,0.3156794731475374
51888,0.6099455620260311
51889,0.34742486400905753
51890,0.29165159325737805
51893,0.6226258975369596
51894,0.7821020549994252
51895,0.7061794579618804
51896,0.3567604966759046
51897,0.2513687418238355
51900,0.7988948243297653
51901,0.29643500622252944
51902,0.5215547314205908
51903,0.42805683915390785
51904,0.22384790385226572
51907,0.5283274765367989
51908,0.4359501736656568
51909,0.8354671752522467
51910,0.757565929846701
51911,0.5869964367084882
51914,0.8184466362238809
51915,0.34278731388167794
51916,0.4606086725214724
51917,0.3863719952072826
51918,0.6621474470650909
51921,0.5556885755270551
51922,0.326680240629855
51923,0.21134094515316215
51924,0.7919339845548575
51925,0.23536955738068657
51928,0.36999291927218864
51929,0.3769261548760417
51930,0.4131814551633527
51931,0.7702842481289643
51932,0.7477686551578374
51935,0.35692515330990576
51936,0.5198510500065545
51937,0.22571701635607003
51938,0.472627560062545
51939,0.6918870477704242
51942,0.3023039998800095
51943,0.5565383252980748
51944,0.3975299674177113
51945,0.30960471606190015
51946,0.23082252642610782
51949,0.26979035955075026
51950,0.31908131577607174
51951,0.3175084595895313
51952,0.21570139887970977
51953,0.5539934867557674
51956,0.8496274514979548
51957,0.57330507148569
51958,0.6200836407194146
51959,0.3253178909352166
51964,0.3385738527821099
51965,0.3589182102958638
51966,0.8309020963730364
51967,0.29467973515372603
51970,0.5311899382331114
51971,0.3230561347851779
51972,0.3782597074465729
51973,0.5163769042811228
51974,0.6991788424578884
51977,0.741180779212785
51978,0.2531206892672724
51979,0.22295846847122913
51980,0.32975973278161136
51981,0.7313524109869282
51984,0.472999100937266
51985,0.29351426664644914
51986,0.27245087944154445
51988,0.7154703447314315
51991,0.8501467976775491
51992,0.30037255486032505
51993,0.5048891136811816
51994,0.5860818480933412
51995,0.8342157868768508
51998,0.3857183932458552
51999,0.24475785524948496
52000,0.2094024139880185
52001,0.3714425930156004
52002,0.40032517201376494
52005,0.7503455376108757
52006,0.38041684217214994
52007,0.48710335675381217
52008,0.3491819690647401
52009,0.4807839898049202
52012,0.5974235858436513
52013,0.7392373650198859
52014,0.5354098571489829
52015,0.7373437108922634
52016,0.6554243968682872
52019,0.1994684362080474
52020,0.4426485893116184
52021,0.3890803784829767
52022,0.23552603092460084
52023,0.19685786717964948
52026,0.36078705869357874
52027,0.2573571951090398
52028,0.5252585662245023
52029,0.5418255391521153
52030,0.46978660062019595
52033,0.3157652250183014
52034,0.31123769564259446
52035,0.5339777487115458
52036,0.6979598441151088
52037,0.33471241276788155
52040,0.7028291389566935
52041,0.362107383673509
52042,0.305651748367317
52043,0.3023708421222923
52044,0.279652876639263
52047,0.23436283935915486
52048,0.40608771413778577
52049,0.28908978368465527
52050,0.34049366878865756
52051,0.6444656758727898
52054,0.8171344374631718
52055,0.5575638787139274
52056,0.44116881960246584
52057,0.3411044254946972
52058,0.24178053288834606
52061,0.6349144771718732
52062,0.7048031869616842
52063,0.20418147871496284
52064,0.7232009242755401
52065,0.4181155723510649
52068,0.3566969253876013
52069,0.38073836919848114
52070,0.746910551133411
52071,0.7796439159794828
52072,0.7256349099424624
52075,0.3562556194021412
52076,0.3786396575681966
52077,0.5998700824432521
52078,0.32956850217361416
52079,0.25148061225690577
52082,0.7973493353811412
52083,0.40504929172120635
52084,0.3049704297205115
52085,0.5831680046650792
52086,0.537042366154894
52089,0.34090107946742987
52090,0.22345207582826543
52091,0.25459571555892874
52092,0.3565159383235313
52093,0.28647462014691777
52096,0.4928629349955035
52097,0.3268595745687854
52098,0.42380170710568216
52099,0.6390578123683998
52100,0.2984401594292548
52103,0.37025171617472596
52104,0.49696657709824477
52105,0.21822112001141186
52106,0.8214991385941185
52107,0.5295301556212668
52110,0.7785531300742887
52111,0.27037490380343465
52112,0.2975594442358249
52113,0.5170467889594694
52114,0.3094024609177126
52117,0.4693507203679212
52118,0.27413565660873374
52119,0.4301700523627174
52120,0.45786926568027997
52121,0.20988466767199193
52124,0.5823784065129184
52125,0.7075894478847246
52126,0.3536995655014178
52127,0.19900343448844687
52128,0.48155592285065935
52131,0.7719029920309727
52132,0.5098756335442253
52133,0.3973543113996766
52134,0.6646786689077794
52135,0.3163482120746441
52138,0.190154458220906
52139,0.4305451928207784
52140,0.49779219517189754
52141,0.4646155262545865
52142,0.7125387217353878
52145,0.22531195174830038
52146,0.4545973530754939
52147,0.47370588205697467
52148,0.3148186244794928
52149,0.4362521215494209
52152,0.3200337150219009
52153,0.7718619514878755
52154,0.24955203362058834
52155,0.20625692602711285
52156,0.3195388260870341
52159,0.20173649826065046
52160,0.6740567811015623
52161,0.4129871260461969
52162,0.3425191785301435
52163,0.3529476262356786
52166,0.46262457294143516
52167,0.5088310261717037
52168,0.699115590395394
52169,0.4692616173382495
52170,0.6623338827035621
52173,0.28000702525911103
52174,0.6176828573983236
52175,0.7744930218069961
52176,0.3680947627857616
52177,0.3450190318493739
52180,0.2272448637957344
52181,0.35439534422703795
52182,0.5023525487724265
52183,0.2519442208440292
52184,0.37437682482570356
52187,0.7502802763363732
52188,0.3599716845770571
52189,0.21472199840018702
52190,0.4648229836852649
52191,0.5405106699002888
52194,0.6807147345718242
52195,0.6725178203473746
52196,0.439574458328945
52197,0.34358548292274316
52198,0.7483808913446385
52201,0.20409986920184692
52202,0.2697113911515346
52203,0.34796146382995047
52204,0.2412895487620463
52205,0.7486187834990731
52208,0.41053867142571937
52209,0.3254558595394105
52210,0.2408762065985317
52211,0.2578820541051524
52212,0.5553409609926111
52215,0.20295700140033898
52216,0.6997739699304661
52217,0.22411872690207474
52218,0.19376077606137607
52219,0.6457920660900919
52222,0.2823835485606933
52223,0.7946864532006866
52224,0.45649230987995254
52229,0.3854817808695496
52230,0.3495099483117119
52231,0.20364056790122798
52233,0.3039140338012691
52236,0.4061239793768521
52237,0.24638589460075977
52238,0.19880817602640402
52239,0.816541496095798
52240,0.1892609861026304
52243,0.7405428738538923
52244,0.24423557859600845
52245,0.5508426363059274
52246,0.6902681392693522
52247,0.43189068861067903
52250,0.31627044812800204
52251,0.47222090658667537
52252,0.7767256810579497
52253,0.3382917597359009
52254,0.2130605940500265
52257,0.4702498268103711
52258,0.6066163106005262
52259,0.42939909449603697
52260,0.783861384179778
52261,0.24103353583901646
52264,0.2387228029336744
52265,0.3435460815560186
52266,0.49186025483701207
52267,0.248442082998085
52268,0.3613116233943339
52271,0.2384858307481897
52272,0.32105849255583563
52273,0.2540151961670032
52274,0.33751296456081703
52275,0.44752432863599223
52278,0.19451640320810312
52279,0.3682364904316913
52280,0.33380451469660494
52281,0.6016484556351104
52282,0.323336280578494
52285,0.3510775482732235
52286,0.6351942745036078
52287,0.7696652426363252
52288,0.3337068263028017
52289,0.2612921481356522
52292,0.3775949570153768
52293,0.5952869585040644
52294,0.3030077132491414
52295,0.7455402192055365
52296,0.42772372689899374
52299,0.6558793096438342
52300,0.6349157304094797
52301,0.6177009717826538
52302,0.4651737497378963
52303,0.7791901924447735
52306,0.4570829488150793
52307,0.38354918879883665
52308,0.4006301398919035
52309,0.46758897771003194
52310,0.23158736385005238
52313,0.6737188980916029
52314,0.38670088896440064
52315,0.7658574224550785
52316,0.7551448766685784
52321,0.3477432798542363
52322,0.35191825430575957
52323,0.21744048305064684
52324,0.35624934296461097
52327,0.19147396080607912
52328,0.7813674495812379
52329,0.7240528591243998
52330,0.7869110890398635
52331,0.6326832248122624
52334,0.3649055743125297
52335,0.31052839192103976
52336,0.7848849852190781
52337,0.19509322950819294
52338,0.22900152370423496
52341,0.5321903866378067
52342,0.7472563295581938
52343,0.6473639554507721
52344,0.6918049315892428
52345,0.6956954471438374
52348,0.37711719438132696
52349,0.5752653250806985
52350,0.4833671304531663
52351,0.1817028596608437
52355,0.2913354926610913
52356,0.19322549774336312
52357,0.6747398124267419
52358,0.46527204025245583
52359,0.35592923082596917
52362,0.7470605898710276
52363,0.8361110006725717
52364,0.29715724507272634
52365,0.3105998986544414
52366,0.4445896671204549
52369,0.3931656779012145
52370,0.4411582402679458
52371,0.8105631438650445
52372,0.4995099703631514
52373,0.6388324599781238
52376,0.7218324013575808
52377,0.18986749186066906
52378,0.331015543389622
52379,0.27063068602676654
52380,0.5148582746785147
52383,0.4559753230298311
52384,0.5815227407803153
52385,0.723138058473834
52386,0.6363069548178133
52387,0.24269212515538663
52390,0.29241192839924546
52391,0.358398531221683
52392,0.4008240882907879
52393,0.19945613969742007
52394,0.7506506144979475
52397,0.5425947486159199
52398,0.48688417757926183
52399,0.24781007256760754
52400,0.17846199544452315
52401,0.5772871738517845
52404,0.21443179423141667
52405,0.2295265581795271
52406,0.5916618669998359
52407,0.45024188001349286
52408,0.44296541213540885
52411,0.18195182032928878
52412,0.6332786723079703
52413,0.2406626464985309
52414,0.49812382582883014
52415,0.2676914879629476
52418,0.4352924248433634
52419,0.33963580557159784
52420,0.22801692174188468
52421,0.23835352011869607
52422,0.2161499608836457
52425,0.7651714034550816
52426,0.28384258150859093
52427,0.6745041408541255
52428,0.43759075435213396
52429,0.35526944408462563
52432,0.44643392518402736
52433,0.3715600839159224
52434,0.17570829797846768
52435,0.6792385633156162
52436,0.29076054144835034
52439,0.45078562666900984
52440,0.6813919297728211
52441,0.6543504978944409
52442,0.18884346495997031
52443,0.21064878122317915
52446,0.20160253864196173
52447,0.1764663652414595
52448,0.6049649347508301
52449,0.47989678125953755
52450,0.2928326111089374
52453,0.39189200926079376
52454,0.43435277294559993
52455,0.47777731174750954
52456,0.32940568303676726
52457,0.33892278814569066
52460,0.6507265722248465
52461,0.3989479177922625
52462,0.3506568844915626
52463,0.34142403693600726
52464,0.6024977960010857
52467,0.2600951557326592
52468,0.8064266619518642
52469,0.4792532679692564
52470,0.24481768517450012
52471,0.34442545433395594
52474,0.5553699537354602
52475,0.2798152676280283
52476,0.34224181601733755
52477,0.2383255604068923
52478,0.2624833513448386
52481,0.3196167682172838
52482,0.3875371711842237
52483,0.6794452697307083
52484,0.5547106505425473
52485,0.4321125708713152
52488,0.3247289120285975
52489,0.3717978030161064
52490,0.5313226406969263
52491,0.830074732789901
52492,0.38205424222320294
52495,0.5332191008725151
52496,0.26167232756552167
52497,0.8072428754385396
52498,0.3316853624928117
52499,0.1883654114071297
52502,0.6356935291153072
52503,0.3966039409575312
52504,0.7250884361005714
52505,0.310483785709011
52506,0.34976654755456904
52509,0.4388629180121387
52510,0.3661089304819511
52511,0.2016657473369488
52512,0.6135325589859546
52513,0.8085867315971884
52516,0.21291255409560791
52517,0.3346849420509306
52518,0.20321874700547354
52519,0.32418214915288124
52520,0.2308740642010037
52523,0.42279425236385515
52524,0.2539078582080337
52525,0.19576433222139983
52526,0.3368427151518175
52527,0.6281635241498735
52530,0.5458403250048199
52531,0.6103588998631362
52532,0.565163368138
52533,0.513920833680212
52534,0.3456267168075008
52537,0.3278142014915003
52538,0.4240915217063212
52539,0.3136663404652214
52540,0.7352514335407194
52541,0.7279603101876461
52544,0.6364334184906689
52545,0.3660400789230245
52546,0.5948913233277101
52547,0.5325021228462674
52548,0.44162971760160513
52551,0.22862985288424859
52552,0.8188639240141585
52553,0.2963416784449923
52554,0.2871883675674017
52555,0.23330057731763165
52558,0.18811047390923097
52559,0.810503985705164
52560,0.6543582922171838
52561,0.20252160691235138
52562,0.4016132077345984
52565,0.33869989981139664
52566,0.2892247107353791
52567,0.2818305668390916
52568,0.18793169775288146
52569,0.16923295712499456
52572,0.2635974856053368
52573,0.5278134629835379
52574,0.20396506015089175
52575,0.7731464603734922
52576,0.5774092224449431
52579,0.19802896400346853
52580,0.5544005214930893
52581,0.5869159401851702
52582,0.6700634165280649
52583,0.21037945222045112
52586,0.3744081689824182
52587,0.28262438489096037
52588,0.5694657544589908
52589,0.24715526468522095
52593,0.24616383623481689
52594,0.5056470803707992
52595,0.43175279700089153
52596,0.5966318161341838
52600,0.17340841055949
52601,0.2954785466001241
52602,0.18545612627638175
52603,0.5127280853316235
52604,0.23707068489368194
52607,0.2431191006546936
52608,0.27396858736261465
52609,0.17606515750913745
52610,0.4429936645251996
52611,0.676913548565861
52614,0.28259830754440257
52615,0.2574517690343368
52616,0.33020385407502456
52617,0.598411210834479
52618,0.3699694900662572
52621,0.5045555357780581
52622,0.4187405446063645
52623,0.2944508445560384
52624,0.2504482546070046
52625,0.5739642874727049
52628,0.4336658294256847
52629,0.5404832576399605
52630,0.6057738241669354
52631,0.23509539077728
52632,0.19171768451122367
52635,0.4586174924959432
52636,0.24737268994690476
52637,0.19531681064934
52638,0.2120448963095537
52639,0.6210754924458406
52642,0.1771942262920583
52643,0.45341951889002935
52644,0.48174170486088735
52645,0.7546651934438691
52646,0.37949008805879003
52649,0.6995952081347383
52650,0.557781838446903
52651,0.49911202361489443
52652,0.22454005873410574
52653,0.2014560667416417
52656,0.5107203922063108
52657,0.2068267945492596
52658,0.2072709771886304
52659,0.24087304972949686
52660,0.6576330593008499
52663,0.2715901984449989
52664,0.17942997820569065
52665,0.274942021856816
52666,0.4865648419502704
52667,0.36955218116676464
52670,0.29164063530750667
52671,0.3633691688295395
52672,0.6863841105562704
52673,0.5019272166983493
52674,0.22577513386322406
52677,0.20492949146595163
52678,0.6670185732004009
52679,0.17659782663783904
52680,0.48804037361203745
52681,0.2832743584094806
52684,0.2446424945102308
52685,0.22173376959924238
52686,0.17819377225174235
52687,0.5004951137276865
52688,0.20536349383926192
52691,0.6726261134725522
52692,0.26362315698134337
52693,0.24813469394636312
52694,0.2755465895867704
52695,0.5521434683751291
52698,0.20006106045945987
52699,0.6326545164266189
52700,0.7638013278317185
52701,0.2578521560958512
52706,0.38279691818242934
52707,0.20760619958578447
52708,0.44496455575799154
52709,0.6328186205176858
52712,0.21170539905712146
52713,0.3390518575596164
52714,0.6112807693557326
52715,0.255888335109062
52716,0.36054997984137094
52719,0.3092973031984668
52720,0.39126824241223296
52721,0.2139582414155977
52722,0.21360920207667966
52723,0.260120840229901
52726,0.700821793066354
52727,0.21013088704934316
52728,0.27676386552150456
52729,0.26513619481089573
52730,0.4589087501273657
52733,0.19634604336351505
52734,0.25281208191931526
52735,0.6922541191962638
52736,0.4260208469767441
52737,0.19387689823012785
52740,0.7706821544347303
52741,0.17118701781979465
52742,0.27234003330107015
52743,0.2945709292174753
52744,0.5334575292533571
52747,0.5527748807222788
52748,0.17640735947846303
52749,0.5094074498160966
52750,0.231998960993632
52751,0.43559991068716947
52754,0.6617850599070438
52755,0.8179914210843947
52756,0.33928086231720417
52757,0.16647307125525604
52758,0.4527889716184626
52761,0.46163990450942893
52762,0.4716780413090121
52763,0.35242918029730197
52764,0.40205916916794965
52765,0.19461343030816367
52768,0.3610056254687115
52769,0.35961883125919036
52770,0.6620967079683805
52771,0.1639522453324998
52772,0.5504739036521953
52775,0.7370297660576598
52776,0.27780556988332866
52777,0.3107142779763233
52778,0.4186029618853767
52779,0.4136958067696705
52782,0.22676412955004005
52783,0.6016375255741436
52784,0.21383103162629732
52785,0.2840230320861816
52786,0.4155276751664112
52789,0.38932632549746793
52790,0.5435451321505199
52791,0.23902093522058343
52792,0.3553310783729233
52793,0.48850760303174956
52796,0.3093364428857587
52797,0.15933328410391231
52798,0.4038082395838975
52799,0.18037168641093063
52800,0.4689496486227508
52803,0.7592264275241825
52804,0.5922313935252143
52805,0.41468620601741935
52806,0.5771857274724632
52807,0.8310753177923349
52810,0.1815772807559975
52811,0.204322088667124
52812,0.24187399898624906
52813,0.6287860291167138
52814,0.6803884209135092
52817,0.7427084250484501
52818,0.24902556632138814
52819,0.177047531069045
52820,0.40579429099470526
52821,0.6815031671789197
52824,0.35386992401846457
52825,0.46466949745757047
52826,0.44491931492482245
52827,0.2949734269730417
52828,0.25072341249260227
52831,0.6908837595412671
52832,0.7829316369276601
52833,0.15814551148578973
52834,0.5634244401305907
52835,0.7593760138457472
52838,0.6050069001048916
52839,0.7783442448163767
52840,0.4317505418547673
52841,0.21743793166268338
52842,0.46969033989098735
52845,0.3953211202021359
52846,0.2684763486309771
52847,0.35468941087846995
52848,0.19668700709394932
52849,0.19513627118338098
52852,0.8167100522826112
52853,0.22587087689304666
52854,0.38404865019872064
52855,0.15865109719006834
52856,0.3697491430594263
52859,0.15899603137517504
52860,0.23456960021881737
52861,0.5473821660306503
52862,0.3368107401060735
52863,0.15743552106473677
52866,0.19712944811404312
52867,0.704999883726725
52868,0.25388202793969084
52869,0.46488550041014914
52870,0.8202911250511083
52873,0.42164809987973273
52874,0.5596106659676827
52875,0.20989580181395368
52876,0.47099729286200254
52877,0.20677273408031968
52880,0.828894807820881
52881,0.4946663896355871
52882,0.5532368893777226
52883,0.5602980127591907
52884,0.7397949005120799
52887,0.6056059869671881
52888,0.32587213231155426
52889,0.5081323435274967
52890,0.4110051116922674
52891,0.43995339654888416
52894,0.1898515079472935
52895,0.18064079645591052
52896,0.36161762775598505
52897,0.475617133650605
52898,0.6927811648637837
52901,0.16632556927974101
52902,0.749189516230462
52903,0.5020760296957658
52904,0.501673541546372
52905,0.4830836902800166
52908,0.6284195228230236
52909,0.2211975622516828
52910,0.6742381174963045
52911,0.2839517428736776
52912,0.6726281766879704
52915,0.735857168019304
52916,0.17844347434204358
52917,0.601212678481788
52918,0.20700208956873012
52919,0.3302522456101366
52922,0.7265797218395804
52923,0.1647970739929566
52924,0.5458468508249872
52925,0.19367719174529516
52926,0.6228687448272047
52929,0.1953677973709031
52930,0.8102488870133107
52931,0.34845725451837195
52932,0.22524913721058643
52933,0.17021284515608517
52936,0.17761604605793277
52937,0.20666807985632257
52938,0.18395991585028781
52939,0.5910557657942022
52940,0.511753610405432
52943,0.5074709348223913
52944,0.43701804440628517
52945,0.42507542240509244
52946,0.328855768055924
52947,0.6314608630892581
52950,0.25621354306123906
52951,0.6231086886372523
52952,0.4889808653811183
52953,0.3522915443560342
52954,0.21413000964744686
52958,0.23568380663429384
52959,0.27641795347717396
52960,0.6353314948520069
52961,0.32667357452621654
52964,0.7134284977693801
52965,0.4356855371720349
52966,0.40964829760092675
52967,0.773542179952182
52968,0.5192908505386337
52971,0.1626741031879845
52972,0.163190740862187
52973,0.4542237493056945
52974,0.7690213895233953
52975,0.6099853798678074
52978,0.42413061249795736
52979,0.1645241243150361
52980,0.6504559487670177
52981,0.22512866350522506
52982,0.6874520286136191
52985,0.1551486658503432
52986,0.43144281564886844
52987,0.220386424862212
52988,0.46104273170720855
52989,0.28338591986336814
52992,0.5959490703599847
52993,0.6445999926457732
52994,0.16662323841577084
52995,0.1724925589346291
52996,0.18157353851500452
52999,0.28395305363065915
53000,0.20769486976177365
53001,0.734908893369361
53002,0.46650373064418943
53003,0.48358068936275767
53006,0.27868030136147254
53007,0.44965995789547236
53008,0.6412533304441278
53009,0.29784561467195264
53010,0.20506625880575258
53013,0.42965660174615783
53014,0.6590870623479802
53015,0.5901825036091041
53016,0.5502955294088668
53017,0.49443229508398007
53020,0.2745764158752806
53021,0.2949490306761249
53022,0.2505047914512856
53023,0.44382239799659595
53024,0.2010687017622215
53027,0.5822048561294069
53028,0.36943553918526406
53029,0.20894646318696253
53030,0.6064807770689356
53031,0.6842403449617166
53034,0.18105599575694403
53035,0.4583582264016045
53036,0.2551043280740442
53037,0.7909474254693871
53038,0.2523112515853593
53041,0.4796773902577434
53042,0.7505398564062817
53043,0.28936452128778617
53044,0.5458456615663881
53045,0.4245524674597806
53048,0.7189471361561649
53049,0.6410535324602747
53050,0.49441358994790296
53051,0.7075721306510365
53052,0.17202557170181706
53055,0.817199911462199
53056,0.3586805719624283
53057,0.6676898959497883
53058,0.4858215080699187
53063,0.16710013578140182
53064,0.624584750406681
53065,0.15593706673071422
53066,0.5787356818195251
53069,0.22942829454622654
53070,0.3211498823005384
53071,0.17917410545970255
53072,0.31701431433339466
53073,0.32778416591687165
53076,0.5887067971268611
53077,0.6191664702600759
53078,0.16923730188622546
53079,0.4681636597295456
53080,0.4336342446660245
53084,0.2215940795903751
53085,0.4590498792702968
53086,0.15880986911556233
53087,0.2300056490067862
53090,0.2931771163684022
53091,0.17940660623197038
53092,0.7569994893255887
53093,0.5284334423114477
53094,0.3685120024246328
53097,0.5565195732780961
53098,0.2271108260402779
53099,0.1675474458956617
53100,0.3955128584937175
53101,0.4556132980689834
53104,0.15548128131367084
53105,0.3810526932353527
53106,0.3528673200351875
53107,0.44784756832393413
53108,0.16999183807306836
53111,0.3069127325392729
53112,0.21936792778591618
53113,0.20120125102751524
53114,0.45517605180580895
53115,0.3879816524164574
53118,0.18856105341215265
53119,0.4382999441820039
53120,0.20722249569131493
53121,0.16041867212398755
53122,0.2787562300453015
53125,0.226718716131337
53126,0.20296336384487906
53127,0.18928751059042373
53128,0.41425772509901365
53129,0.7537117443592141
53132,0.4091587203318885
53133,0.25474927744770304
53134,0.37592200984909596
53135,0.22336843163726577
53136,0.44223835482227397
53139,0.27236612098608554
53140,0.5951736489891075
53141,0.22292635172752145
53142,0.3179651647659638
53143,0.5770029788310613
53146,0.4948611018012083
53147,0.22293861388505753
53148,0.35465075677745755
53149,0.5648067960477914
53150,0.15207411118782538
53153,0.23606999430649758
53154,0.15462725939679692
53155,0.39037229796945844
53156,0.35891073976403504
53157,0.17134621754626633
53160,0.32869714442117626
53161,0.23894250697240035
53162,0.5296452054168731
53163,0.37679739520600547
53164,0.6633391660326668
53167,0.5739995348973607
53168,0.821848012446926
53169,0.7684840735362339
53170,0.14863796050510533
53171,0.5383996595767212
53174,0.2574048130542688
53175,0.18911610599344467
53176,0.3134792512620144
53177,0.6292164865360264
53178,0.22958101983126586
53181,0.2871279599434119
53182,0.22813322049621726
53183,0.21318828717182517
53184,0.1485681890540179
53185,0.3006862344583944
53188,0.4515943832885592
53189,0.2634483055292498
53190,0.7295284251672715
53191,0.17006940336139528
53192,0.6670168790572798
53195,0.4623187686908433
53196,0.19607435047922644
53197,0.28780655141043365
53198,0.4116793447581331
53199,0.35773258638829997
53202,0.18288503316070873
53203,0.45213904455347026
53204,0.17800370581641417
53205,0.704206901632327
53206,0.20950903915593166
53209,0.1848450365093295
53210,0.5969440906414274
53211,0.3852756672563701
53212,0.6142656721063481
53213,0.23672961449929386
53216,0.3199609062042702
53217,0.26821290981445434
53218,0.5813655934468794
53219,0.5658872172050657
53220,0.7640182117566167
53223,0.465640801446617
53224,0.30608702192980114
53225,0.18080196554366726
53226,0.25323958984496353
53227,0.38104124846643006
53230,0.15264114035951662
53231,0.23066335069514354
53232,0.15887529358888944
53233,0.323500365828082
53234,0.5200172902641035
53237,0.7483885058152625
53238,0.2275641687330314
53239,0.6629802851398989
53240,0.4809296126868153
53241,0.3203143214857033
53244,0.30256415669871706
53245,0.28375603834233953
53246,0.6120237464282804
53247,0.4193692040624181
53248,0.2753866044076834
53251,0.1473777297849205
53252,0.22628669204268223
53253,0.16015239270511883
53254,0.21274770699204062
53255,0.2877449056385901
53258,0.5842099798602834
53259,0.2517493475462187
53260,0.27179566172408764
53261,0.28201538049220976
53262,0.34436363802641395
53265,0.3212642483393798
53266,0.45343632275321843
53267,0.3265349961586057
53268,0.5780668426000294
53269,0.19648436057880814
53272,0.5901113581941567
53273,0.7058202878464914
53274,0.3780642502893832
53275,0.25474322957100376
53276,0.3769753462712377
53279,0.501705847062495
53280,0.30411460741766366
53281,0.44268815827826086
53282,0.15609645045442097
53283,0.15892073041058186
53286,0.33553922140054576
53287,0.45770447246519314
53288,0.22084039652336598
53289,0.7685572550377258
53290,0.35223366083848917
53293,0.45058075470401926
53294,0.15907254113477373
53295,0.80298459340807
53296,0.30622243660834036
53297,0.21904182594081892
53300,0.34535444995300835
53301,0.7043165432779622
53302,0.14470419494716483
53303,0.3254681337699194
53304,0.2740983509806771
53307,0.5375393862262293
53308,0.34588594009137014
53309,0.38108127026579475
53310,0.7173451122373388
53311,0.6783523034570129
53314,0.18358931922701088
53315,0.5340978032056913
53316,0.5786393027670966
53317,0.3324566466054685
53318,0.20739829160339593
53323,0.7337211870449635
53324,0.29201198620378044
53325,0.6621960960973347
53329,0.7677837503539465
53330,0.7456908185648923
53331,0.18394757902231004
53332,0.6634024577307853
53335,0.7557539031034597
53336,0.37380416300600927
53337,0.18048220518425895
53338,0.5118804601309851
53339,0.384656697178179
53342,0.7626702404136886
53343,0.3660350333323851
53344,0.2906028763667417
53345,0.2940713124279845
53346,0.4510976830907166
53349,0.4648380907927199
53350,0.6763735154931304
53351,0.42386022918085753
53352,0.6850171181127986
53353,0.20662642886010227
53356,0.14422632490455528
53357,0.14320643547698672
53358,0.17291387225136196
53359,0.27803130422937966
53360,0.2321998720338078
53363,0.4901814957788484
53364,0.2632008191581593
53365,0.3606347193843707
53366,0.343872283050859
53367,0.20929766440396186
53370,0.492754710095685
53371,0.46167478100649345
53372,0.15479831859661938
53373,0.7397438543747725
53374,0.341239147198491
53377,0.15793587937959713
53378,0.27236552059900593
53379,0.30559998620132034
53380,0.5216824357640367
53381,0.44066759183889065
53384,0.17592025168079836
53385,0.29832618901123037
53386,0.3232051465828691
53387,0.6836682404424538
53388,0.794923799031577
53391,0.14356121088908172
53392,0.4141264487800525
53393,0.2751708738849753
53394,0.708392072679446
53395,0.23809414090959852
53398,0.1515866640938478
53399,0.28891683422107006
53400,0.6512003749470442
53401,0.285673092657997
53402,0.204538804360454
53405,0.392037049746743
53406,0.16642053597278558
53407,0.25280845412732567
53408,0.16059616168468904
53413,0.26430754204400597
53414,0.6445985735380558
53415,0.4665334576026411
53416,0.5672180405883771
53419,0.1573999513505917
53420,0.20595255361396317
53421,0.23978734601239743
53422,0.4736304879047883
53423,0.5854607313211102
53426,0.2071663457625555
53427,0.3457141236485336
53428,0.5425426663269537
53429,0.2668563167586445
53430,0.759607431045972
53433,0.4519323572781184
53434,0.3488968270455377
53435,0.6245843748321739
53436,0.13655591901139924
53437,0.5588343724646048
53440,0.6446923901652926
53441,0.5643368326900968
53442,0.20177799963813933
53443,0.3768280720171169
53444,0.29211917160818346
53447,0.7862954311235489
53449,0.7672680167362994
53450,0.36280705387164863
53451,0.18466800391494292
53454,0.16286987070520342
53455,0.6974222825813988
53456,0.3062644211249169
53457,0.1546570209733272
53458,0.402705570055391
53461,0.179959836407078
53462,0.6399362656154854
53463,0.14830531971330815
53464,0.20738218066379283
53465,0.14663135899407745
53468,0.23751400390946617
53469,0.420604862067379
53470,0.1472865514961816
53471,0.49364625488252095
53472,0.4451306986330571
53475,0.22693839620571635
53476,0.20166954710856966
53477,0.14939694609646914
53478,0.5614172739722576
53479,0.18985345002561801
53482,0.21151149875431058
53483,0.726270326772296
53484,0.4019698247332792
53485,0.48653909923356364
53486,0.4675366499745393
53489,0.13503570615297214
53490,0.2516128068647481
53491,0.2193344514357995
53492,0.13649904874962193
53493,0.40896146122488614
53496,0.18780489311643012
53497,0.36800962784791075
53498,0.16582259297904792
53499,0.5858567082528472
53500,0.14362380428007904
53503,0.5461555536867796
53504,0.44844450757169796
53505,0.20379145307795524
53506,0.3961101194640084
53507,0.26723900141000984
53510,0.3606577275282421
53511,0.2087599378883941
53512,0.5362619732599185
53513,0.7324729518557356
53514,0.4701179180794886
53517,0.3411584970249083
53518,0.5987992073689545
53519,0.42481686323985657
53520,0.39092053143834515
53521,0.7336642248239763
53524,0.27891851561145525
53525,0.16031735038179315
53526,0.6166568544822755
53527,0.2714376705765944
53528,0.23994854761126597
53531,0.3767201101711451
53532,0.22424404972198517
53533,0.38263391421091547
53534,0.3218394511969997
53535,0.804010606861411
53538,0.22787749680002534
53539,0.2409472309823467
53540,0.7591928937177582
53541,0.4133681165853464
53542,0.13408280414834198
53545,0.37506016510951606
53546,0.32285234506596255
53547,0.15210385531445111
53548,0.21696010799994114
53549,0.27836170016749895
53552,0.18683863900951367
53553,0.16520013314207588
53554,0.3504319515930408
53555,0.3387916564516404
53556,0.3992925999505625
53559,0.13654547381518006
53560,0.22461568530814452
53561,0.6983061833261948
53562,0.1652719834180477
53563,0.335007410673458
53566,0.7170693382858024
53567,0.29461676896623945
53568,0.3764093997227207
53569,0.1605415791128891
53570,0.5582419333247849
53573,0.17635434108656556
53574,0.2899705482335455
53575,0.7357992090986384
53576,0.13464267181255246
53577,0.31505611829371
53580,0.47488103173450325
53581,0.341105120486638
53582,0.16604231137657205
53583,0.4625583091899253
53584,0.5694568734128171
53587,0.6405953409011363
53588,0.46839983069977603
53589,0.19149982828887674
53590,0.339266265535757
53591,0.5335682240309072
53594,0.5977073749508793
53595,0.43873249134957154
53596,0.14210182773106717
53597,0.43032983928968555
53598,0.1298682806011313
53601,0.33027722154860967
53602,0.5831475138610861
53603,0.15530335471365797
53604,0.34575140888302164
53605,0.21749574748464204
53608,0.13058377378734248
53609,0.7408628247812703
53610,0.679429728002735
53611,0.21291699120718388
53612,0.4814164161363748
53615,0.5770610618084482
53616,0.7557157141072344
53617,0.7807345187030065
53618,0.1922643501511277
53619,0.6330299352454167
53622,0.3401760011931811
53623,0.26292823233020846
53624,0.3659645047511381
53625,0.7729160060250901
53626,0.18873047078195276
53629,0.7970952716748184
53630,0.19631881636673434
53631,0.1536110659432556
53632,0.3625274948890573
53633,0.29927576487580704
53636,0.3336783779845813
53637,0.39302405085870895
53638,0.15503750391877108
53639,0.15312707488002647
53640,0.43406785464406683
53643,0.25754890700730126
53644,0.14380001790393457
53645,0.13462409448636298
53646,0.31386770561842614
53647,0.34853403114953707
53650,0.48246316081608437
53651,0.13521387495309903
53652,0.6219409690885528
53653,0.2746057756968051
53654,0.4788112712999733
53657,0.4818554376133921
53658,0.3806123244386841
53659,0.12521282670454928
53660,0.7327593956670823
53661,0.27489381408272234
53664,0.6957159168369007
53665,0.6079540451768058
53666,0.3563605408225346
53667,0.31198271947133865
53668,0.49993345958732455
53671,0.4485779179710967
53672,0.6897423221496755
53673,0.45975675248464776
53674,0.13247208968945806
53675,0.1379784673915571
53678,0.4330155718457335
53679,0.27803683223431513
53680,0.147187517728665
53681,0.8023483604049888
53682,0.1771377933144644
53685,0.13667627714968522
53688,0.6835815368750474
53689,0.5991482254626548
53692,0.1332885745356446
53694,0.29526763457647404
53695,0.7900267917084102
53696,0.4997480282143426
53699,0.3479041565806242
53700,0.22019235066024395
53701,0.20408480878338553
53702,0.12453588774842074
53703,0.47210883172510587
53706,0.294324271019105
53707,0.297004210641347
53708,0.37771645826043193
53709,0.5897087630623362
53710,0.12854351451898458
53713,0.16230934910309192
53714,0.31690777015435684
53715,0.25998289909157474
53716,0.5282485097963654
53717,0.29073725109371806
53720,0.21846959346064668
53721,0.30667491186979007
53722,0.12506480941120832
53723,0.25567901242327373
53724,0.40244801129309216
53727,0.18857143513705105
53728,0.5874897790719349
53729,0.39204907340524103
53730,0.42082991948475557
53731,0.3584444652780005
53734,0.18488815564961913
53735,0.324481297940785
53736,0.18058024351573423
53737,0.272419600355693
53738,0.42435636622030787
53741,0.175011448363345
53742,0.5162165073995825
53743,0.5299387728172466
53744,0.3118190992691679
53745,0.49450531183351976
53748,0.7964039854741783
53749,0.23729157941158965
53750,0.3076695721202516
53751,0.34831903993130914
53752,0.12965385290654935
53755,0.2743265762314895
53756,0.1576066607583621
53757,0.6218194493868701
53758,0.27522627448759296
53759,0.15614037686790597
53762,0.26788294021858555
53763,0.20734224488456568
53764,0.3997265334168573
53765,0.6795082139463087
53766,0.339526968232672
53769,0.3828244705542687
53770,0.1559984705854402
53771,0.509377452445777
53772,0.12902378737274117
53773,0.13111365759171545
53776,0.5056472846972675
53777,0.41773291127769635
53778,0.14748652924204922
53779,0.1288114085715161
53780,0.3483096667206752
53783,0.4394996648999276
53784,0.2974563234292327
53785,0.21864104409024734
53786,0.4809520903895864
53787,0.19920338595026885
53790,0.7334761355155733
53791,0.7367547845464756
53792,0.3877313640943493
53793,0.41269263426862274
53798,0.44330750722038914
53799,0.3172786454701127
53800,0.43892476277964637
53801,0.5607226419183483
53804,0.4482679176529738
53805,0.12591888457927758
53806,0.369157030956525
53807,0.34618357426018265
53808,0.2691311375611435
53811,0.1237077468768057
53812,0.5098778831782861
53814,0.22010628656042147
53815,0.20594663243808348
53818,0.2533260416958877
53819,0.6827020096023074
53820,0.22170962220573387
53821,0.7153495807643937
53822,0.25861758140303315
53825,0.19645613954976646
53826,0.5399934261996657
53827,0.16154314160976774
53828,0.7628320869511935
53829,0.1607916259841025
53832,0.3348367393831791
53833,0.5328969763444281
53834,0.6256276916639109
53835,0.13018694086748758
53836,0.7032444665922467
53839,0.5518544946805282
53840,0.4149464938618387
53841,0.24612886480930354
53842,0.2843741306429002
53843,0.6351169386271728
53846,0.46354430459829293
53847,0.5111145136347434
53848,0.5363963201523946
53849,0.36709687253364554
53850,0.20922673803137756
53853,0.5321717769986476
53854,0.39955811589721296
53855,0.38134155205666964
53856,0.1238411486762395
53857,0.12909990460905924
53860,0.17359669097824057
53861,0.5076534004498579
53862,0.7086928305252409
53863,0.4392114587173051
53864,0.48357843631152625
53867,0.3052148011716544
53868,0.18091783574701792
53869,0.15489951951248548
53870,0.15892506626391867
53871,0.40416885103888733
53874,0.21506264175518816
53875,0.44210624121276226
53876,0.7180477225898871
53877,0.20908501997531545
53878,0.7922107165935617
53881,0.3669717027088667
53882,0.42792003757896535
53883,0.21215524713371836
53884,0.1843190994031278
53885,0.44914795454468504
53888,0.168727739076672
53889,0.45786438127065
53890,0.3412042616168064
53891,0.1985083150399125
53892,0.21196376860330066
53895,0.1199984727548065
53896,0.5224883311370416
53897,0.22464188578468747
53898,0.24862688725907436
53899,0.13782184297286837
53902,0.5964640304778033
53903,0.1887593101414814
53904,0.2690546310900325
53905,0.4744615064482563
53906,0.32245092702911565
53909,0.42305445437870276
53910,0.26310414228283474
53911,0.1445177311827936
53912,0.2681561791307542
53913,0.23761391394965575
53916,0.29552257600934595
53917,0.7304421169532732
53918,0.513822112483455
53919,0.3110839231497784
53920,0.4422514403762739
53923,0.5670394533984416
53924,0.3036321822303748
53925,0.43138238010777596
53926,0.4889547877799361
53927,0.3280516083184826
53930,0.6226074230374896
53931,0.13339847525266157
53932,0.14983400881736658
53933,0.2043378360535056
53934,0.6560169169599869
53937,0.1788436264411461
53938,0.16801147625891863
53939,0.18160270676528673
53940,0.646010706541846
53941,0.23087118199998835
53944,0.15940684764698518
53945,0.26253878335918535
53946,0.22953907316231556
53947,0.3307154534953198
53948,0.2884210926350434
53951,0.7536489426975033
53952,0.23262465095050092
53953,0.6876822854382767
53954,0.3457385744102752
53955,0.45597388309143166
53958,0.27874855512793495
53959,0.6213605860064219
53960,0.20964571830064296
53961,0.17140318292874426
53962,0.5860761839369119
53965,0.6573568232563042
53966,0.6066330110601366
53967,0.14587068266233938
53968,0.28780280682120024
53969,0.32402895573015145
53972,0.6540472506915762
53973,0.226986840227445
53974,0.14823684630939707
53975,0.16016481353048123
53976,0.2374983679970883
53979,0.6951492689796533
53980,0.6465543235806778
53981,0.7312182207665512
53982,0.48706531846495416
53983,0.6177490146263356
53986,0.48445218370224913
53987,0.37947854780091433
53988,0.12761015404625603
53989,0.24430659729952578
53990,0.1575067433901563
53993,0.20080308670863278
53994,0.64592168748798
53995,0.1909356188584812
53996,0.46997415765370015
53997,0.23063129079543224
54000,0.41300643275232424
54001,0.11427530202522213
54002,0.48043872288076855
54003,0.4659703466528082
54004,0.13017944897952202
54007,0.7666052600490031
54008,0.20562177184281627
54009,0.19436903090866126
54010,0.15634284129156523
54011,0.1192694311418939
54014,0.11890250599563093
54015,0.7077378216642907
54016,0.1606369529803742
54017,0.2265583479566781
54018,0.22605811371621928
54021,0.6252239205964296
54022,0.22463199674622508
54023,0.11702576322729875
54024,0.13439285245624347
54025,0.3396940115708706
54028,0.743395619714104
54029,0.3947891409914395
54030,0.15869601218624038
54031,0.20275765627281656
54032,0.3261631597099085
54035,0.7214010642022264
54036,0.347441364426814
54037,0.3197913439835645
54038,0.12958542772732476
54039,0.22795819217037014
54042,0.4354656329522676
54043,0.28603071955877507
54044,0.7057641154891083
54045,0.11862473463382284
54046,0.39574173336238594
54049,0.31373504986199047
54050,0.39929403759105153
54053,0.20955627469799964
54056,0.21796920429997604
54057,0.19628510669720262
54059,0.4736104960398203
54060,0.43122298343237525
54063,0.6274973197473306
54064,0.2205409782396852
54065,0.7425926877525633
54066,0.24709235045670344
54067,0.14446145312768505
54070,0.13845953223879245
54071,0.3310441018916118
54072,0.3243587745235813
54073,0.6898466453246047
54074,0.21359351160766712
54077,0.15858006667684033
54078,0.495221437480489
54079,0.3493039874866972
54080,0.15306082268047236
54081,0.14187629694413623
54084,0.49640622367484716
54085,0.2703137375746838
54086,0.548639904855708
54087,0.6562622671296602
54088,0.132423510595911
54091,0.15830581585734532
54092,0.17838786366428622
54093,0.7287681587782492
54094,0.15109043870449293
54095,0.3372076204076661
54098,0.4073615463546258
54099,0.27189277919352356
54100,0.6696305150784653
54101,0.17924242885776545
54102,0.253073198698124
54105,0.5543075299555793
54106,0.5524656322169154
54107,0.5568047637237182
54108,0.7165403582015054
54109,0.25009637481974173
54112,0.1514638210313858
54113,0.7747972831996942
54114,0.7278208347415667
54115,0.2574009078016498
54116,0.15771569174887165
54119,0.4192372921559409
54120,0.4005769519225745
54121,0.24537867154683662
54122,0.4651865340220586
54123,0.7606610061759709
54126,0.18603799091866335
54127,0.2312544081089066
54128,0.2527927245512053
54129,0.1835508606179088
54130,0.2094321387717239
54133,0.5323467622975241
54134,0.39766634375527543
54135,0.6238029091867748
54136,0.619133634619537
54137,0.20874689364463048
54140,0.1451032374509873
54141,0.11790677789003362
54142,0.22938986855945326
54143,0.5555097839519947
54144,0.649404336640421
54147,0.15868467261490146
54148,0.2529374271501612
54149,0.23373749750278486
54150,0.1688137027842394
54155,0.19708192381570178
54156,0.15167981927723712
54157,0.7162120288314182
54158,0.18032299432474655
54161,0.14662616303581905
54162,0.45252412335524833
54163,0.22305956332491222
54164,0.427814053486533
54165,0.11827910576946858
54168,0.7492301844257714
54169,0.25151422205897117
54170,0.5742593892985522
54171,0.1929703009231779
54172,0.5635099313791749
54175,0.500212164222723
54176,0.298003912924652
54177,0.12852767333973406
54178,0.524325752895378
54182,0.5999271056628328
54183,0.1753055620045209
54184,0.293948836204288
54185,0.12905327577960646
54186,0.5969316472135937
54189,0.21956420003810942
54190,0.502083456891119
54191,0.5847362446326877
54192,0.20355845203899392
54193,0.24361189085628515
54196,0.17627733477549556
54197,0.43037161978598826
54198,0.32598388278489393
54199,0.3549329679321871
54200,0.11121252899311387
54203,0.44521607586960094
54204,0.44288374608770686
54205,0.39281912100397015
54206,0.25767478433364355
54207,0.48217095246417163
54210,0.12734278825243608
54211,0.4692361973862503
54212,0.13235497893479334
54213,0.6498469674358489
54214,0.21392259939223707
54217,0.12925658365530726
54218,0.5697978101935466
54219,0.11420510915848667
54220,0.3218034541603302
54221,0.11945342431118232
54224,0.20499333666070918
54225,0.4359762851208086
54226,0.5475164271056985
54227,0.43400761460764214
54228,0.6631406953184309
54231,0.5985271680135502
54232,0.6476465335620735
54233,0.34118264232682793
54234,0.1610768173969045
54235,0.6013782506396966
54238,0.6148184008525515
54239,0.21862254863979555
54240,0.5372494116990214
54241,0.6566008982718409
54242,0.5710387571804327
54245,0.12408942209149616
54246,0.1524717568539699
54247,0.3913108738513685
54248,0.21286860120446088
54249,0.2703313053702966
54252,0.20375606715681263
54253,0.20144833857719002
54254,0.224577487021772
54255,0.466929734295657
54256,0.7385118412696924
54259,0.31833267564095497
54260,0.13207255184456085
54261,0.2528074226160577
54262,0.14859651740141958
54263,0.10768415547626935
54266,0.5738379095269641
54267,0.1972319045431676
54268,0.20428945774867308
54269,0.1100759205168276
54270,0.1087968957892656
54273,0.19904078222311702
54274,0.4878053200109687
54275,0.15864818270898942
54276,0.6430416780303927
54277,0.16441421325065583
54280,0.12640388449420265
54281,0.36772484797041993
54282,0.22257443070872063
54283,0.33403612205858896
54284,0.32887311762088495
54287,0.42558929097330994
54288,0.17030868433372037
54289,0.11964685165235607
54290,0.11851167455381298
54291,0.5600424004390786
54294,0.135351435255767
54295,0.1787902891815999
54296,0.4778413724219008
54297,0.6962676549003539
54298,0.4632799227379778
54301,0.12522455994819048
54302,0.22061943054239144
54303,0.18452733118227357
54304,0.47333200382271917
54305,0.18507707456651312
54308,0.7535766859308816
54309,0.3721106504264319
54310,0.2231916017292144
54311,0.5928325432681184
54312,0.1497080893666574
54315,0.49461860339078845
54316,0.2116672562194445
54317,0.3498333793388222
54318,0.23723563126139538
54319,0.6410062320008828
54322,0.770596768504376
54323,0.12520338809324089
54324,0.46062155786812825
54325,0.15027495819649797
54326,0.10420276284480307
54329,0.5183601118146902
54330,0.46456386737547306
54331,0.20656927717809245
54332,0.11147334530894991
54333,0.12330787149465294
54336,0.2859676212195288
54337,0.15756033676278053
54338,0.6044440435603275
54339,0.1085784111911427
54340,0.11148570865770967
54343,0.5707211984411694
54344,0.4326349365682349
54345,0.6497120837445812
54346,0.4577164095510383
54347,0.15065837497810072
54350,0.36802769553578835
54351,0.6652973381483743
54352,0.39609117421757173
54353,0.10730276691580905
54354,0.2200902525970802
54357,0.3403428221907462
54358,0.5668759843825858
54359,0.10608465582313638
54360,0.14871582426136334
54361,0.44803633219824796
54364,0.6902757650111506
54365,0.7094941623138753
54366,0.6226920816874196
54367,0.24268671085731042
54368,0.11902306459607782
54371,0.28805045035967247
54372,0.14174509589007492
54373,0.3195754529902121
54374,0.18656385945617068
54375,0.17783611936899923
54378,0.5575515531603255
54379,0.37982270129509477
54380,0.21565331952432695
54381,0.6888644197807383
54382,0.3794377769489159
54385,0.2658637173392548
54386,0.1031641845854947
54387,0.3007565758798367
54388,0.14922204478683265
54389,0.3280457925346264
54392,0.15522725639637078
54393,0.2344558409365114
54394,0.12892507012332416
54395,0.34231412449939297
54396,0.23009396815950198
54399,0.21813835185592034
54400,0.3375967151891811
54401,0.5916239377303355
54402,0.6566264640021822
54403,0.7690101315617888
54406,0.13204404631756483
54407,0.48929522944800946
54408,0.5150335204907428
54409,0.17507823453039323
54410,0.4119285049946486
54413,0.2808159185299863
54414,0.5694072235119934
54415,0.11033176139104242
54416,0.137813467742596
54420,0.13426386314456626
54421,0.34411270087477397
54422,0.16538608275838076
54423,0.5913355995953503
54427,0.7812906493771548
54428,0.7631924745587069
54429,0.23726246187292674
54430,0.3109268857219592
54431,0.27321866519364496
54434,0.7829941525423488
54435,0.33240288856300243
54436,0.18066961277933824
54437,0.3188730882651797
54438,0.17539703735444034
54441,0.49136535575679363
54442,0.14828102491378706
54443,0.2357990405655751
54444,0.5143501481182666
54445,0.4874569250880059
54448,0.21708386956106424
54449,0.14299316611729748
54450,0.33662324582665604
54451,0.4659486133366588
54452,0.13235041471219886
54455,0.19908201416170607
54456,0.3145193576688462
54457,0.2896115035263557
54458,0.5207423750718182
54459,0.21720023906966326
54462,0.37809983789399665
54463,0.10113910681675119
54464,0.29397178843784333
54465,0.2904787605400248
54466,0.24610896613042396
54469,0.11890159589004035
54470,0.15114852130481649
54471,0.3118955391074986
54472,0.1791102773345276
54473,0.23565205248875645
54476,0.28613743818785703
54477,0.533009562817627
54478,0.303426235119769
54479,0.47695141615764525
54480,0.11904225127294434
54483,0.3958958091906208
54484,0.11003520092513881
54485,0.2626119876865142
54486,0.21401872738995875
54487,0.25719556124674
54490,0.6068471945770378
54491,0.3636978556191596
54492,0.6461085341311719
54493,0.21759365034227898
54494,0.31366419204219714
54497,0.15753589969165854
54498,0.5019186370202193
54499,0.5637373524638513
54500,0.3409715994192742
54501,0.11555476707077811
54504,0.18103206891121285
54505,0.3319430955599662
54506,0.2704762676703923
54507,0.6659849354166312
54508,0.10223308783792259
54511,0.19812497761568432
54512,0.4379392989731133
54513,0.23424507620752189
54514,0.6316265703314875
54515,0.10610182963016854
54518,0.5511475934954034
54519,0.20554457981354252
54520,0.4755942931009266
54521,0.17774460824594965
54522,0.1570553849463823
54525,0.19472520208855054
54526,0.22014593449308315
54527,0.12325550483146576
54528,0.6731109663005611
54533,0.3974317548318422
54534,0.4722080348781746
54535,0.10076409846664
54536,0.35163229314703603
54539,0.17161057259557405
54540,0.1896287036247294
54541,0.5090017769193715
54542,0.4811234188962632
54543,0.4403892828431344
54546,0.3355949879107334
54547,0.48563748473371016
54548,0.7607492677190851
54549,0.1259850566253767
54550,0.10517015460000194
54553,0.3878222628152888
54554,0.3902729964929573
54555,0.7808356211284035
54556,0.19081304091838405
54557,0.14077407610272488
54560,0.5829191319519534
54561,0.56715690754748
54562,0.15142064929714885
54563,0.21787426585518782
54564,0.7212394067701772
54567,0.21488184071234298
54568,0.4146012872581327
54569,0.365707713529547
54570,0.15774097450752028
54571,0.14465301243518228
54574,0.342027842363107
54575,0.1085990083027274
54576,0.33758882645748256
54577,0.15680730449677982
54578,0.286893493381852
54581,0.12033352681631039
54582,0.11774744670762738
54583,0.6591026468106985
54584,0.11079701631909827
54585,0.13983887123751582
54588,0.1501605738787489
54589,0.5191006533302365
54590,0.14580072349907366
54591,0.13260901518397047
54592,0.4311188422911824
54595,0.10687972838198062
54596,0.7128179863266237
54597,0.5775265207318592
54598,0.25549655275001065
54599,0.2357237800841065
54602,0.20360626508259883
54603,0.7637008842850439
54604,0.104823674881753
54605,0.7205162222386674
54606,0.5855737595708811
54609,0.7683227192004217
54610,0.23975488221226998
54611,0.1110110124425342
54612,0.19451399876889536
54613,0.13978247004301753
54616,0.7693451418581789
54617,0.252351171861739
54618,0.3002178887208139
54619,0.27624110507254446
54620,0.679346883816303
54623,0.18667926361067727
54624,0.273567781513246
54625,0.1573824312829448
54626,0.2840317876622874
54627,0.5770547575334672
54630,0.20122160677512807
54631,0.5495511313505053
54632,0.12529514706095213
54633,0.21660340709347928
54634,0.5673428211219194
54637,0.10348176702034985
54638,0.2643889227083166
54639,0.677781253203369
54640,0.2101501973909855
54641,0.4629198806621815
54644,0.14446776634414055
54645,0.14018276946666794
54646,0.0996713674878073
54647,0.2733965638746368
54648,0.3018810162840077
54651,0.16041571524653542
54652,0.5971267374427347
54653,0.24830301018453896
54654,0.24861406751849427
54655,0.6539299943263801
54658,0.3260196655888339
54659,0.1296203618170111
54660,0.12880421807386552
54661,0.6403480234029408
54662,0.6519772659167276
54665,0.4527159240875784
54666,0.12364302178361784
54667,0.6011200882991432
54668,0.17159656502923631
54669,0.6374702500878587
54672,0.21057458361572715
54673,0.3710696916446712
54674,0.14806561047928754
54675,0.4810190542052128
54676,0.20336769310545613
54679,0.4788256755641985
54680,0.17349420633385387
54681,0.12347801617898903
54682,0.6032728573791317
54683,0.12528910159497442
54686,0.22366125375124374
54687,0.6027003606877531
54688,0.31821480699130755
54689,0.5609049850588554
54690,0.17811253880720707
54693,0.15717269615271878
54694,0.6303959896750235
54695,0.26896558852221997
54696,0.1395004328740537
54697,0.10768531964247297
54700,0.2645729418961173
54701,0.1043893808549147
54702,0.2522959294505009
54703,0.34095604895766113
54704,0.12963610582941046
54707,0.2761066436999405
54708,0.28874758939644196
54709,0.27759945268315256
54710,0.12984407684568725
54711,0.13398601629686466
54714,0.33378306260710516
54715,0.3876491313477796
54716,0.2763576459639347
54717,0.23255245910409014
54718,0.47453668406056676
54721,0.14496147228849043
54722,0.27933854134074426
54723,0.38669351122161594
54724,0.6280104538258555
54725,0.4737365532890196
54728,0.10387550766463585
54729,0.41108394230026707
54730,0.5498884790455013
54731,0.29478222958175826
54732,0.4092155025057242
54735,0.7315235627739889
54736,0.39524491384982907
54737,0.24641599492560776
54738,0.2424031751596779
54739,0.3678722783763438
54742,0.3028643659544863
54743,0.0999366085032037
54744,0.35166508572300864
54745,0.45370766076014857
54746,0.46822470165441543
54749,0.29587137980448075
54750,0.15504599661233978
54751,0.507127856909828
54752,0.17257769813604856
54753,0.7533161319575769
54756,0.3212242407423726
54757,0.14948502042050804
54758,0.38136068454080024
54759,0.23542641529562444
54760,0.5078682795643047
54763,0.16053435282145692
54764,0.7044170348363775
54765,0.12659527514130636
54766,0.5150703060980112
54767,0.12073954026974108
54770,0.36974311756221356
54771,0.16704646009474974
54772,0.39705098767490105
54773,0.11267727927431755
54774,0.600237913465518
54777,0.5368524696207516
54778,0.27317416503140707
54779,0.6605369805322772
54780,0.5169762698130652
54781,0.10366710017411561
54784,0.09655078688013224
54785,0.350753050501012
54786,0.10819279813290791
54787,0.24405740967666603
54788,0.4408805634739306
54791,0.1737809041438887
54792,0.19078987541456705
54793,0.09373470357231044
54794,0.44510665780760356
54795,0.18535748117903125
54798,0.7038396034195189
54799,0.6163602311207218
54800,0.7805957434654429
54801,0.0914726516023168
54802,0.13983659291455885
54805,0.14450354062001416
54806,0.2624240488204505
54807,0.4122533584275816
54808,0.5680751039817308
54809,0.4260746142017931
54812,0.3498340772262993
54813,0.15402575905930052
54814,0.24571488362585867
54815,0.6657729385934397
54816,0.7568483401427082
54819,0.6308945986558607
54820,0.3244003399722992
54821,0.10496254538441638
54822,0.1987183994762065
54823,0.13931140711576123
54826,0.28730045468211535
54827,0.36016293968200863
54828,0.6223834287775049
54829,0.11854032399513832
54830,0.14481659802747132
54833,0.5468677948777865
54834,0.25987389767535624
54835,0.2741965318801358
54836,0.20355246000102645
54837,0.101634653198913
54840,0.22435606258565885
54841,0.24435878155298196
54842,0.7051853379859917
54843,0.686213354457118
54844,0.5241800014780883
54847,0.7328274979049305
54848,0.15722667276731137
54849,0.16415896603549368
54850,0.5855034462607561
54851,0.1285373552503315
54854,0.5620817063885162
54855,0.40926773002335526
54856,0.45823873367947143
54857,0.35072273261976367
54858,0.4525442831322621
54861,0.27221457141273525
54862,0.3248226578747495
54863,0.09248268002071708
54864,0.6960562192761826
54865,0.5772469647354623
54868,0.7006398664139515
54869,0.20200779759173604
54870,0.6980279953404307
54871,0.12783817017948576
54872,0.2585410662723133
54875,0.25010136139921174
54876,0.2319642776177213
54877,0.5420302913298976
54878,0.5112511418065937
54879,0.3929165917189703
54882,0.2162094004241928
54883,0.4974351936395961
54884,0.6098921181395225
54885,0.09528189016169897
54890,0.7486016957264009
54891,0.1369352565214176
54892,0.1413428333755896
54893,0.411219740299161
54896,0.5844106286962848
54897,0.5717866907383309
54898,0.17194040772069036
54899,0.1936221193412936
54900,0.14272721205658145
54903,0.10181379589102167
54904,0.1738069922899952
54905,0.5589061110829393
54906,0.4617449648036912
54907,0.12518741104670777
54910,0.49725181909554816
54911,0.6700173438717616
54912,0.16928803544556914
54913,0.32616598961438314
54914,0.105461763318223
54917,0.18986404321151615
54918,0.6441478516357753
54919,0.09912309726507251
54920,0.44621216119197615
54921,0.37577291761132464
54924,0.3259011334518443
54925,0.7014769660318286
54926,0.26519070816948265
54927,0.5992068609464938
54928,0.32665561183087655
54931,0.3644463226707376
54932,0.1448262631842219
54933,0.1355052530691345
54934,0.5608224505141616
54935,0.35187799197314346
54938,0.3465588794267961
54939,0.5631008882782781
54940,0.13669504512240443
54941,0.16685729137771974
54942,0.5169682385185426
54945,0.3513324686364026
54946,0.6219449419158511
54947,0.19813593335005636
54948,0.6010364894653436
54949,0.09048064389843243
54952,0.14174011736071448
54953,0.33337361678969796
54954,0.22062401520928007
54955,0.10637670987806311
54956,0.23269804651178538
54959,0.5346126910883863
54960,0.34161787927208515
54961,0.12335084671811683
54962,0.190778330970438
54963,0.18803780432823847
54966,0.11696833239426617
54967,0.11017581616894136
54968,0.10408020132146581
54969,0.6362996432201945
54970,0.23730334860571653
54973,0.154099172186368
54974,0.14861066362781888
54975,0.20665536500682974
54976,0.543095251786683
54977,0.13587341177443255
54980,0.16092784194965043
54981,0.6482082608507721
54982,0.2825775573098747
54983,0.5343216249996724
54984,0.3729479881762289
54987,0.752652189933996
54988,0.3246472658018983
54989,0.23360176965805016
54990,0.20035464019916993
54991,0.18187006870910233
54994,0.12425722693944995
54995,0.4872742870979969
54996,0.6005607363973666
54997,0.12007095762574152
54998,0.554564535200309
55001,0.09144019633734944
55002,0.1223299718879307
55003,0.2596418600302813
55004,0.09003537878892279
55005,0.6316092496856458
55008,0.401275596494906
55009,0.19162930978240222
55010,0.3617427355271254
55011,0.10101907246531404
55012,0.677182499145051
55015,0.23285278075071825
55016,0.2124634709858297
55017,0.18531872613284564
55018,0.44507487722445094
55019,0.34994361725764683
55022,0.12144929615982819
55023,0.5087148743410592
55024,0.12598439876544099
55025,0.22577185340247966
55026,0.145267781373755
55029,0.16162609454109245
55030,0.49451716379465577
55031,0.22249812338609476
55032,0.11489230463841035
55033,0.30090398730292806
55036,0.0922387810427632
55037,0.2876663117215049
55038,0.5702807120143892
55039,0.33043529236886876
55040,0.09522652556539447
55043,0.38537312320980865
55044,0.11446497153821579
55045,0.11115337026104864
55046,0.36012180235861846
55047,0.6502617001728035
55050,0.15708072522358163
55051,0.3921114091414277
55052,0.13797047534671095
55053,0.29317263390226483
55054,0.2667197001656681
55057,0.13935888838706428
55058,0.33487010837997233
55059,0.29262582246541496
55060,0.3394027276231112
55061,0.34608823692281626
55064,0.2433454573126472
55065,0.1298998268738852
55066,0.35018732593811447
55067,0.2441457422334454
55068,0.17635936760892862
55071,0.42960684876815913
55072,0.4219252952384876
55073,0.09831972417421297
55074,0.15666147204922803
55075,0.2167928256954845
55078,0.18525172738543083
55079,0.7319731208925425
55080,0.19778130539648334
55081,0.2517273602805287
55082,0.23220827910064076
55085,0.35123870240303806
55086,0.6516271880152618
55087,0.5080725985485985
55088,0.0942367026526409
55089,0.3146254962842436
55092,0.27643208316592405
55093,0.6944757727196523
55094,0.7182544969308542
55095,0.15820757959874474
55096,0.2356646419620717
55099,0.25148419747450684
55100,0.4543014192496153
55101,0.14860180303211015
55102,0.5366908329845168
55103,0.5113266480145454
55106,0.2795772610441837
55107,0.41238379975713624
55108,0.4496144670641441
55109,0.18520250089500218
55110,0.1828155171257889
55113,0.12406646080096127
55114,0.3073790655002629
55115,0.6630238940173111
55116,0.4237808836318584
55117,0.08761227993400368
55120,0.2061763187862487
55121,0.16000695833088602
55122,0.7675817348419965
55123,0.24530427743683372
55124,0.7175251941834769
55127,0.21874166079606483
55128,0.09971387280393315
55129,0.08962030604896483
55130,0.2331015466324259
55131,0.28015908497569986
55134,0.0943084597845531
55135,0.17297762460695787
55136,0.6746285816837744
55137,0.2752543510080296
55138,0.4557217009955392
55141,0.2725987043266246
55142,0.28144665696841403
55143,0.21194048911728988
55144,0.3509203739439156
55145,0.5398752940418626
55149,0.2523723154442184
55150,0.12145540904551982
55151,0.17619017373095824
55152,0.3653518266526082
55155,0.09581097328141545
55156,0.10092442296260258
55157,0.48759590039098855
55158,0.7136036377990267
55159,0.14793112792361993
55162,0.12182385101704866
55163,0.08892340851217875
55164,0.1059041080407366
55165,0.20261139971426653
55166,0.23728168704200134
55169,0.7320881598865648
55170,0.44796676305801764
55171,0.27770998590971824
55172,0.19004652683993764
55173,0.22297728128669067
55176,0.14696471294044988
55177,0.41560088878949664
55178,0.21897240575650212
55179,0.6391083065838196
55180,0.30752630080462023
55183,0.14428705035963219
55184,0.16388915927865194
55185,0.08399109469368578
55186,0.41699563564657893
55187,0.2540625631053745
55190,0.37112136951584596
55191,0.2890311048249794
55192,0.11325223358528334
55193,0.16701585590702098
55194,0.10688704551205958
55197,0.4924866702816308
55198,0.10898783651282641
55199,0.680613930574542
55200,0.10526014595526031
55201,0.37105949978752323
55204,0.38324462851446317
55205,0.24556417727069807
55206,0.09346354627763595
55207,0.6990061384461981
55208,0.35192131206410326
55211,0.11283592533856691
55212,0.31866220211273927
55213,0.4967295267247331
55214,0.2985869763072731
55215,0.3261787211774967
55218,0.09864107936533464
55219,0.13943389295747047
55220,0.24888496011062455
55221,0.08360133231888685
55222,0.2722217895531262
55225,0.6822131663355424
55226,0.43031080723209963
55227,0.2905786984241723
55228,0.5458505901182362
55229,0.09147586224585413
55232,0.1375085266655757
55233,0.4242290480371399
55234,0.2046243634282394
55235,0.15227182645957377
55236,0.09261582078074072
55239,0.10590799693843345
55240,0.2425384086684507
55241,0.13483946425648977
55242,0.21802923691746182
55247,0.22255385199536323
55248,0.5997226174293796
55249,0.5844148356901009
55250,0.23442660363580733
55253,0.4228855595415461
55254,0.7412974880334812
55255,0.1511710958384874
55256,0.7222666171617991
55257,0.20175635906208303
55260,0.22898706097720303
55261,0.08644848548879469
55262,0.25930377627559614
55263,0.6728977462567631
55264,0.2224473396595907
55267,0.11531639164538503
55268,0.08097022666708835
55269,0.292716019983925
55270,0.3756980851587674
55271,0.09928156138425565
55275,0.503343380248394
55276,0.1920953540215505
55277,0.3092239364157493
55278,0.7077512019096153
55281,0.3529394592559446
55282,0.42523393665958853
55283,0.16339364252789124
55284,0.08992112199551144
55285,0.4224007197150299
55288,0.12274614730777661
55289,0.6848597488808724
55290,0.22844482438389493
55291,0.6615483763422477
55292,0.09279663445117388
55295,0.13579953038561532
55296,0.17375500752832834
55297,0.11907823238275021
55298,0.1778619012200959
55299,0.08555288085237484
55302,0.15277577305417847
55303,0.0945306889008199
55304,0.2390944561304038
55305,0.59466765830247
55306,0.23308081977745346
55309,0.5813922988690023
55310,0.20117455193375705
55311,0.2584566761276745
55312,0.18777633621572165
55313,0.7586456053590621
55316,0.49770602810949055
55317,0.25307690211168804
55318,0.08877805554515344
55319,0.3234817644353034
55320,0.29471756539867555
55323,0.15186840281720115
55324,0.1955767573629873
55325,0.39218139137920555
55326,0.3037403826692949
55327,0.47200301915718373
55330,0.08541783998240886
55331,0.5756744685036038
55332,0.3317729627075647
55333,0.731323737490162
55334,0.4673580615071013
55337,0.13029721352687373
55338,0.48973709092095186
55339,0.6459248733395292
55340,0.2621368087886677
55341,0.7581460476597586
55344,0.6388630160006652
55345,0.122233943224487
55346,0.1327444994843154
55347,0.09553288217400094
55348,0.10972223057053072
55351,0.1623037974232435
55352,0.6878413047718525
55353,0.12913481186223424
55354,0.11184830072241349
55355,0.12436716059608316
55358,0.24184975620278606
55359,0.45466475650926896
55360,0.11173640707808155
55361,0.14645336487719696
55362,0.08188155432238065
55365,0.5424336347553319
55366,0.46199815881538403
55367,0.4768851498809296
55368,0.1258794659246148
55369,0.5048226581294303
55372,0.6650621895238265
55373,0.07837215155272999
55374,0.7320263693406323
55375,0.11394928568394476
55376,0.33497709154928956
55379,0.11218964114053913
55380,0.2168050169399077
55381,0.09769871875894534
55382,0.09231660917660976
55383,0.7587125680420469
55386,0.6514205414004838
55387,0.43574964741082023
55388,0.1663474278823524
55389,0.1005442018700093
55390,0.2690792599600998
55393,0.19180444409470465
55394,0.5020539186703047
55395,0.12159864294121922
55396,0.08368167846326459
55397,0.41747059781880924
55400,0.2479729796043136
55401,0.6351302360928747
55402,0.21378948622788208
55403,0.24336276714875707
55404,0.5552479116337379
55407,0.2797175442580161
55408,0.3586358392318191
55409,0.23270442314426523
55410,0.2008542449147036
55411,0.7591363958069121
55414,0.13398828443684593
55415,0.1496287931376875
55416,0.33270056222385436
55417,0.6850886073492609
55418,0.1357609871583641
55421,0.08549026503450331
55422,0.4447415210359741
55423,0.3668923656749835
55424,0.5063889291850994
55425,0.20440826113837274
55428,0.5412524961341281
55429,0.34002201549761973
55430,0.15478720283328468
55431,0.212286736845983
55432,0.3169579303950241
55435,0.29305365221724633
55436,0.21113585879663707
55437,0.7631793164150589
55438,0.6452295428672497
55439,0.10093585996825187
55442,0.6460503738618087
55443,0.15093150281321988
55444,0.09216651634788367
55445,0.41360005457236243
55446,0.3283193333439625
55449,0.20738740137019923
55450,0.10055958323472565
55451,0.08746326597729284
55452,0.13965869973463158
55453,0.6327881035387103
55456,0.16424617455938245
55457,0.29901728285208096
55458,0.2599573376771553
55459,0.6899510255696586
55460,0.49665578208446104
55463,0.1238227824025176
55464,0.2700074402080908
55465,0.38422540355429746
55466,0.31743102585937055
55467,0.10668566684755124
55470,0.13612161415157692
55471,0.4110307349174631
55472,0.5885091354210522
55473,0.4307811894990499
55474,0.09131390997608572
55477,0.2004373274497681
55478,0.2240721002610484
55479,0.19360143878935412
55480,0.33040139015858394
55481,0.11866827644633067
55484,0.22922054257318508
55485,0.5891085513263075
55486,0.5724627203718677
55487,0.22200258375454104
55488,0.08770736743510317
55491,0.37729887581663146
55492,0.10238561738508237
55493,0.13078870569862647
55494,0.43417590783335225
55495,0.7097921093813353
55498,0.609434077861059
55499,0.14189494730055968
55500,0.48536250898217037
55501,0.32559105513914255
55502,0.24034849803451902
55505,0.14272023502287642
55506,0.5932497051098449
55507,0.29983662723092325
55508,0.24960704999223854
55509,0.21918936563771924
55514,0.11473743283803851
55515,0.5174727750318096
55516,0.11753307853025803
55520,0.1535083228408863
55521,0.21122801301877284
55522,0.15108702385022282
55523,0.2953081693062402
55526,0.5588114576963721
55527,0.1633036536100018
55528,0.2269133821527793
55529,0.17360796503142178
55530,0.35066385827039676
55533,0.09291747045806645
55534,0.1958347193409858
55535,0.632056939792755
55536,0.2699180529218083
55537,0.13191529751847017
55540,0.12069600101884263
55541,0.24293351830390547
55542,0.0953702097074784
55543,0.41269907841912257
55544,0.2954875362705589
55547,0.09439878471276286
55548,0.0948930142340991
55549,0.15520692349480025
55550,0.10348381291277338
55551,0.6266082555973052
55554,0.10194047716414562
55555,0.3642052586518978
55556,0.5080251271831233
55557,0.44037642033512325
55558,0.28991231414488516
55561,0.4282078241387832
55562,0.36397854408959857
55563,0.562022308426122
55564,0.3852909093036979
55565,0.2017971704471721
55568,0.27377806041118796
55569,0.34209165663023694
55570,0.13406280659989367
55571,0.0949617272047672
55572,0.1307985633054183
55575,0.35386197924860524
55576,0.13452531510560048
55577,0.539597890784856
55578,0.5676817980998411
55579,0.3425817667619554
55582,0.11582353892352328
55583,0.432251987756102
55584,0.6641987748531638
55585,0.5655951311462537
55586,0.10265326164301772
55589,0.17395990989565632
55590,0.4250896775685918
55591,0.20909238422490786
55592,0.2231193821068934
55593,0.16521219391879352
55596,0.44531659326241335
55597,0.10103134144410728
55598,0.37225606603243333
55599,0.15067843284724605
55600,0.7414995530778623
55603,0.32061802789235827
55604,0.33676678366815577
55605,0.2144880818530557
55606,0.6489340847431955
55607,0.12002939315489457
55610,0.4612084366890152
55611,0.1564900665162061
55612,0.11626117682022914
55613,0.2051354380980668
55614,0.13457396454838574
55617,0.1619951516654772
55618,0.333217944204866
55619,0.1145443522730685
55620,0.38446397148544387
55621,0.2004068233840896
55624,0.13287044740880555
55625,0.315065777933279
55626,0.37699709029487155
55627,0.2606137350983575
55632,0.11178073011438472
55633,0.08581807789457761
55634,0.21268270047135582
55635,0.16159051890880577
55638,0.09127118223799272
55639,0.6096692121964314
55641,0.4447814994497753
55642,0.1442781061845637
55645,0.10993707457557418
55646,0.10160180679439224
55647,0.28850913932923455
55648,0.6227854742481809
55649,0.27338882009290694
55652,0.44578140984239606
55653,0.3863842954258799
55654,0.12390569033510099
55655,0.6432361378139386
55656,0.10866837899753073
55659,0.2796276585089699
55660,0.18773011475265683
55661,0.6219257519394115
55662,0.34609868741015754
55663,0.6217925444029049
55666,0.07895779996136719
55667,0.11373301533975999
55668,0.25893924331207546
55669,0.4527235692258323
55670,0.08429862633376309
55673,0.3398025644168552
55674,0.524896940121428
55675,0.20241741252155193
55676,0.08213554772764173
55677,0.7615770837081124
55680,0.4370078899931175
55681,0.083071126129898
55682,0.5122005570834134
55683,0.5874524132115043
55684,0.19877674096883352
55687,0.09946967879276815
55688,0.24772467891166977
55689,0.07256534433131778
55690,0.15332756126624897
55691,0.6443881404542161
55694,0.07276506624447585
55695,0.29166980678851073
55696,0.38822097629366226
55697,0.20422535752461646
55698,0.37287103189489545
55701,0.6254239083359363
55702,0.7653928912189126
55703,0.26389339966230696
55704,0.10512330984888918
55705,0.19707756176161703
55708,0.07139799951683254
55709,0.38823813039847016
55710,0.39414473563332536
55711,0.525135466723369
55712,0.5197404392159735
55715,0.3895449721772778
55716,0.1164043300741041
55717,0.08895822350540147
55718,0.07540930818021661
55719,0.441633465409301
55722,0.09417388784138478
55723,0.35130487964738893
55724,0.5866840943082975
55725,0.09666522582599428
55726,0.16870146117479448
55729,0.5183166029313284
55730,0.2755791460397918
55731,0.3870216420441313
55732,0.13256436185786408
55733,0.2604113143669261
55736,0.07254973034147942
55737,0.6733671588293674
55738,0.3290521576707505
55739,0.24310573967875668
55740,0.231066609579258
55743,0.3610006631236558
55744,0.134637346317789
55745,0.0951206915792474
55746,0.08163247321365794
55747,0.11227073425710006
55750,0.10064823843922038
55751,0.20599018730345953
55752,0.10671095747779556
55753,0.3714886451490537
55754,0.29605980357979
55757,0.3596282243177683
55758,0.2509861052591356
55759,0.3875095595478378
55760,0.07700648176834028
55761,0.36298927740886344
55764,0.6064701596425501
55765,0.21751879371371752
55766,0.6687931704264051
55767,0.5885175978568975
55768,0.4535878777134009
55771,0.25234829434406114
55772,0.27180623797573517
55773,0.11306543320231542
55774,0.13056516157233428
55775,0.27624324498997355
55778,0.3446908902316583
55779,0.35917607144392477
55780,0.12005356984511653
55781,0.6764731473520039
55782,0.7431343857513122
55785,0.11388736967283701
55786,0.24420703190723883
55787,0.5599063125664577
55788,0.43562624846508474
55789,0.08194067654073911
55792,0.09754130051346957
55793,0.13964295617144395
55794,0.24097052896142918
55795,0.21989326936509035
55796,0.07382242086320913
55799,0.07545931148406483
55800,0.4569023665775054
55801,0.10932073190260294
55802,0.4770300528510279
55803,0.4586948608574231
55806,0.1510129207810768
55807,0.28952381960971413
55808,0.08172917096073022
55809,0.6183394589972883
55810,0.22406652206974242
55813,0.08421904643143291
55814,0.08716428390421029
55815,0.5255527655107911
55816,0.31713025289005803
55817,0.17281061721140528
55820,0.5217711699686758
55821,0.07461460417388302
55822,0.0847927122877159
55823,0.5122711561241489
55824,0.5718976756544406
55827,0.6231679530057138
55828,0.0857521945237871
55829,0.48021669603655276
55830,0.28094160761440207
55831,0.2597218103325693
55834,0.1808317642126226
55835,0.6437824289933766
55836,0.4431447775522941
55837,0.08113264627528648
55838,0.08574993919757788
55841,0.1164011705587467
55842,0.7301023592433717
55843,0.34781235610892086
55844,0.16834744879804997
55845,0.3940104759730143
55848,0.08529227173729456
55849,0.16580524837281957
55850,0.6430812963453717
55851,0.08534746328383329
55852,0.07585559163755058
55855,0.6339902466350966
55856,0.21157758075849908
55857,0.36768369164513465
55858,0.29622196981011173
55859,0.4955754403130926
55862,0.18928166682022185
55863,0.07559714516332146
55864,0.22680089742416726
55865,0.625780604379682
55866,0.17092885195978508
55869,0.33593297440703546
55870,0.09656885992657507
55871,0.2672944515189436
55872,0.47957599362027725
55873,0.48155480992501754
55876,0.11906127483812773
55877,0.40204226611946886
55880,0.11939942811103446
55883,0.46428449940657684
55884,0.35076365747262067
55886,0.247581601641547
55887,0.07785811857803948
55890,0.07998797996948645
55891,0.46288897540244384
55892,0.32077975497024563
55893,0.5319649445902467
55894,0.22202270522136108
55897,0.2501507709312223
55898,0.08604721389314227
55899,0.08013771762944814
55900,0.30137941330652257
55901,0.23181825461916658
55904,0.08686647416170093
55905,0.10791054554341087
55906,0.7569696979276315
55907,0.3512876062134356
55908,0.2744264876460097
55911,0.43723427313522084
55912,0.4703900853748777
55913,0.6966404011252896
55914,0.1601090487914253
55915,0.40363062043853354
55918,0.6723055028342887
55919,0.4356018367237943
55920,0.10880471093571831
55921,0.09643545467436372
55922,0.23601711018050572
55925,0.27763674311662984
55926,0.07084516749747961
55927,0.4687168704359574
55928,0.45212072024026906
55929,0.3753363236958429
55932,0.5013252269218406
55933,0.30325272727097996
55934,0.08321305687734895
55935,0.1707381979222246
55936,0.2800363852791296
55939,0.07847298688882742
55940,0.6780892672308385
55941,0.45727204088355866
55942,0.19234821320164783
55943,0.17040870181498632
55946,0.6927983045837989
55947,0.2857741119141775
55948,0.15687308714050138
55949,0.1392201783248887
55950,0.16108020437465886
55953,0.34914489086707545
55954,0.6072173224613859
55955,0.26921020790700406
55956,0.5571703726027666
55957,0.07563300505248971
55960,0.23927097414873436
55961,0.35167100330926393
55962,0.11756394851297312
55963,0.22623693967067932
55964,0.35781323215688243
55967,0.1050494596118306
55968,0.09178782233287204
55969,0.14741595906821764
55970,0.6797742862943522
55971,0.19121640416440747
55974,0.11812425520715726
55975,0.5461081407667919
55976,0.43596463790865325
55977,0.0882185483847573
55982,0.7255412790126702
55983,0.12098121191719283
55984,0.23925852399943628
55985,0.25555371866592996
55988,0.7488861707985659
55989,0.10264177909783015
55990,0.31591858192906924
55991,0.20287782701134377
55992,0.1452282158516385
55995,0.13641723256223187
55996,0.07335076812641396
55997,0.20741430123762172
55998,0.28624953873481773
55999,0.0737026365836489
56002,0.15799594102156156
56003,0.3668950707918049
56004,0.558717279598365
56006,0.09660159038735525
56009,0.313406441388268
56010,0.15081766776581534
56011,0.24006287319819078
56012,0.46753562759453826
56013,0.1741057391534151
56016,0.6561002266534618
56017,0.27617865477055936
56018,0.1991208225710206
56019,0.261144608573056
56020,0.12123196300262598
56023,0.09973451267875931
56024,0.11459942616397588
56025,0.6920319710250292
56026,0.47257423488088435
56027,0.20377762590709317
56030,0.076576050989932
56031,0.09784485590078348
56032,0.09601749545767711
56033,0.36126779781748414
56034,0.2648777965557114
56037,0.23923389818461172
56038,0.5168036374283863
56039,0.7049719034516547
56040,0.07414312698461997
56041,0.42094421587620023
56044,0.421626051896264
56045,0.6197062227101097
56046,0.07745481538070252
56047,0.18267357601006765
56048,0.1473307164125615
56051,0.08064796396472344
56052,0.32481566643471654
56053,0.1646509756313104
56054,0.6913134391111895
56055,0.4801646588024326
56058,0.09812348568007177
56059,0.11499086416047918
56060,0.32053172539856883
56061,0.30048037294400803
56062,0.2041722086118579
56065,0.7599429247801763
56066,0.4194819554845141
56067,0.4550168180631847
56068,0.4099619425319506
56069,0.10418470750134766
56072,0.381341049202544
56073,0.4739446725609282
56074,0.21905682422171072
56075,0.08978237723189593
56076,0.41900868354130655
56079,0.6261378273061428
56080,0.3152852756020705
56081,0.11997616915200529
56082,0.1950913323983653
56083,0.10110007361183278
56086,0.07099779928458713
56087,0.10721278386040131
56088,0.17092951564674277
56089,0.22453801329167258
56090,0.688231188476357
56093,0.06666396882888018
56094,0.2943942985201932
56095,0.5214468297610632
56096,0.1460985051896621
56097,0.3761067382918288
56100,0.1783463273554634
56101,0.17787961232477
56102,0.2521230420255108
56103,0.09593894991132429
56104,0.39425904482615143
56107,0.2501459549336136
56108,0.20061894939203584
56109,0.1468518795524686
56110,0.10898508841601881
56111,0.2856583163008682
56114,0.15324155626681266
56115,0.5228609511624953
56116,0.07530085801491024
56117,0.29387708645283633
56118,0.12451067928946909
56121,0.7218925383587362
56122,0.4564833616211189
56123,0.22689724172839523
56124,0.08599794016618599
56125,0.20532045886681158
56128,0.07558772075153268
56129,0.22855207040760495
56130,0.22477757366063456
56131,0.5638980625502137
56132,0.1035427924618899
56135,0.41109443274007984
56136,0.08131772016158072
56137,0.07906543904311275
56138,0.07291927037333251
56139,0.20847394941781486
56142,0.14112696775030212
56143,0.1096707957658645
56144,0.5479235991122947
56145,0.17042158734405763
56146,0.6967175004344344
56149,0.22021414285519658
56150,0.5162214597706429
56151,0.4813765034921335
56152,0.30603076142674
56153,0.258778646516213
56156,0.16094764620157762
56157,0.6302667207191314
56158,0.21659035948107805
56159,0.48145402767809503
56160,0.18177894516749607
56163,0.15514835383196357
56164,0.18963517995218993
56165,0.12063899883785215
56166,0.3287666276686025
56167,0.11279963572631377
56170,0.25797759663959596
56171,0.2269290534098504
56172,0.15081686612857606
56173,0.7242462693656601
56174,0.148562832222358
56177,0.1621809139487578
56178,0.3501124952905733
56179,0.6120397912031497
56180,0.6042141288664545
56181,0.07581270059196667
56184,0.1357885794964511
56185,0.5519447389239849
56186,0.311208743662931
56187,0.17278482428527323
56188,0.09418152315341864
56191,0.6795245643904969
56192,0.4197190578051958
56193,0.08216963592094809
56194,0.7405670804111922
56195,0.4582059762131722
56198,0.06902706639645642
56199,0.16364567372334166
56200,0.39399585352515326
56201,0.640798121183367
56202,0.7060123482501407
56205,0.4108354617598299
56206,0.08361607261696744
56207,0.2677487324172127
56208,0.12504970166231688
56209,0.07620867024771567
56212,0.2728968988615062
56213,0.4693054605201731
56214,0.2076650024033423
56215,0.07806006431362254
56216,0.10116562472257529
56219,0.6421557429312487
56220,0.1337201417195152
56221,0.18085376674280898
56222,0.07804403114937036
56223,0.557124308796477
56226,0.1986785108456588
56227,0.08361010247891283
56228,0.27098860670895997
56229,0.22624315205953352
56230,0.6344422874192049
56233,0.3769137037512254
56234,0.33552329604365305
56235,0.07078093239946595
56236,0.3725552800229105
56237,0.23827318997565763
56240,0.14048989681322474
56241,0.503786725002424
56242,0.223307747007548
56247,0.11851233056671734
56248,0.08585713509089377
56249,0.157038494993905
56251,0.14098672222701691
56254,0.5508445271994068
56255,0.07029760876311372
56256,0.5421438072331133
56257,0.10800006753366757
56258,0.3888160243894753
56261,0.0723704533286556
56262,0.12378921969017863
56263,0.11366587019509876
56264,0.43598098736697105
56265,0.24821631843655556
56268,0.15985721156478183
56269,0.10899830470479942
56270,0.5821214948748186
56271,0.06714334197995815
56272,0.08048756859350054
56275,0.3828355538308942
56276,0.09529072033024907
56277,0.2050248158036471
56278,0.23634068666312547
56279,0.3424825693499027
56282,0.1749618044145508
56283,0.12021288131564117
56284,0.26843009548012675
56285,0.15485481599948306
56286,0.129759994535413
56289,0.1258792123934251
56290,0.6629370770259374
56291,0.0865076845894438
56292,0.2379962624681248
56293,0.3899092959296793
56296,0.4106435758862546
56297,0.22342923641103543
56298,0.08065921449770778
56299,0.290868452530331
56300,0.11394171004438357
56303,0.5916715998267253
56304,0.2271546608426207
56305,0.061794329105922675
56306,0.10799900559886048
56307,0.4439168722421224
56310,0.21286301503272245
56311,0.41862720309533025
56312,0.26839294520642876
56313,0.10523859690893415
56314,0.1075971932987446
56317,0.4242967493600699
56318,0.07339485800346039
56319,0.1688365588544378
56320,0.2889779875075876
56321,0.21224432779873417
56324,0.1634393187954002
56325,0.1831936784292813
56326,0.2205818024463766
56327,0.2104500984665662
56328,0.4831322980324573
56331,0.09650987023446995
56332,0.19157417738310506
56333,0.5416862637496146
56334,0.10851329343616382
56339,0.0711376032886092
56340,0.068491521534331
56341,0.29631931651237453
56342,0.5353432215037123
56345,0.2028334814451519
56346,0.5672075860953852
56347,0.07071411876836567
56348,0.47376060737899695
56349,0.3975109498082435
56352,0.2690058385887753
56353,0.28547001319031007
56354,0.1005083599163606
56355,0.23706224815857618
56356,0.4891276278668072
56359,0.38286017679021483
56360,0.20718777493717122
56361,0.5187662938039287
56362,0.15965524013359436
56363,0.17935873835805052
56366,0.12280761787869876
56367,0.06968957106078295
56368,0.07432404419366914
56369,0.06818804625988574
56373,0.40485399605215
56374,0.5396953417697989
56375,0.349690348565149
56376,0.07748306988581347
56377,0.06369736346519994
56380,0.08477518252637473
56381,0.5698569016036329
56382,0.06772401256189144
56383,0.25678560286033647
56384,0.7361347088172215
56387,0.24451459183877683
56388,0.6703141857747644
56389,0.18880401037368508
56390,0.3183587422714108
56391,0.22581345625848698
56394,0.1581362249912692
56395,0.08245736082231385
56396,0.13962877121785863
56397,0.24942682845764663
56398,0.09344082644849103
56401,0.07497160657794513
56402,0.5552472696049469
56403,0.19420054317650187
56404,0.36480818168445267
56405,0.6681808671962989
56408,0.13696919356252463
56409,0.08345240071855742
56410,0.4971690405075907
56411,0.09484422184848441
56412,0.08541058846153467
56415,0.07305791090725677
56416,0.3827049633526639
56417,0.0749825845901003
56418,0.33220034965038703
56419,0.18387746401499513
56422,0.6618881250506633
56423,0.6731561945116774
56424,0.11962077841884212
56425,0.24195709469162113
56426,0.39123410546592746
56429,0.4628281307441539
56430,0.13590171357445135
56431,0.752035796838409
56432,0.09597843786490173
56433,0.6147362325929177
56436,0.46131632619422447
56437,0.28035159673828386
56438,0.21783144658272194
56439,0.3035960944008868
56440,0.33138129017613405
56443,0.06390101211557762
56444,0.14574172799011265
56445,0.7087214287583461
56446,0.25025754624844515
56447,0.08014431145623829
56450,0.34775697038039066
56451,0.5906103161052186
56452,0.10790489897387645
56453,0.15937300815523106
56454,0.1746018155117296
56457,0.6557889421009693
56458,0.5248375513195663
56459,0.15259930354267245
56460,0.4416131267026772
56461,0.20666618873305326
56464,0.18605147605054748
56465,0.363579216409553
56466,0.06608614705527979
56467,0.08669729339849078
56468,0.11793993943365173
56471,0.6156207255942621
56472,0.5727205283924288
56473,0.21235299471170396
56474,0.49781271145120004
56475,0.061070381327350216
56478,0.500489070298332
56479,0.21507743591594145
56480,0.29517085924849196
56481,0.14556183582421356
56482,0.5397125642779642
56485,0.2488684265801304
56486,0.37113548309657
56487,0.07681212132946891
56488,0.6771961333473606
56489,0.0718166690241397
56492,0.08831301300488166
56493,0.34971490872637145
56494,0.09876915269613265
56495,0.6935321557162315
56496,0.06253343521694311
56499,0.1939112528529853
56500,0.344372180021557
56501,0.2956126836965501
56502,0.6333372013781761
56503,0.058908398475121644
56506,0.6789977488509059
56507,0.1391893815178179
56508,0.24029801231312375
56509,0.06526531971563922
56510,0.39869620205100553
56513,0.19076715811294506
56514,0.21680530153242744
56515,0.12282624211003831
56516,0.6303374260260513
56517,0.45582778267499385
56520,0.43196353756766986
56521,0.11201290977357853
56522,0.4611520095899551
56523,0.17118036616660576
56524,0.43106944636894684
56527,0.08136097619973985
56528,0.06607934031097233
56529,0.19707487449138752
56530,0.3025267733118628
56531,0.41041252511603993
56534,0.6601771210763715
56535,0.3753735272376091
56536,0.13866915432137825
56537,0.18929319372792275
56538,0.06559289897184471
56541,0.26971309263818694
56542,0.12503647680511398
56543,0.2120369593771363
56544,0.19964488919837012
56545,0.3757261918130653
56548,0.23156248470240562
56549,0.2222460282713892
56550,0.12078176971888514
56551,0.06594874213803639
56552,0.3202451260501812
56555,0.6726861882077091
56556,0.20784717122323934
56557,0.1834730448299855
56558,0.48522122061920603
56559,0.10489178515499349
56562,0.058639784949674034
56563,0.06487594087405273
56564,0.4503370973695451
56565,0.07780604478819159
56566,0.12106434458223056
56569,0.2315458782127226
56570,0.18492269430115754
56571,0.08305364523446707
56572,0.21621343013769967
56573,0.28517935674255934
56576,0.20886849363100626
56577,0.16716665011206575
56578,0.4593167317790407
56579,0.07257368874266898
56580,0.13059083946726416
56583,0.14512392929833776
56584,0.5791731064968837
56585,0.15644088410994517
56586,0.5477531231399776
56587,0.6111830392467543
56590,0.19080153939747388
56591,0.26354248907359384
56592,0.1626036224460429
56593,0.5945470516560559
56594,0.24484911758296066
56597,0.47601015936430713
56598,0.05774558013583988
56599,0.17450242999679114
56600,0.12568565502877727
56601,0.32179125952883036
56604,0.5857675704031864
56605,0.0593427173013633
56606,0.3560696486208793
56607,0.24902450905719947
56611,0.13828317676191207
56612,0.7024925612737983
56613,0.09108920020663304
56614,0.18555567337594367
56618,0.36317048458651324
56619,0.6380163119197021
56620,0.4906805505610927
56621,0.07292326428734273
56622,0.1256033181474284
56625,0.39069032589795233
56626,0.6312299230729788
56627,0.12398882776033901
56628,0.1686483954868189
56629,0.2610948056900802
56632,0.2903451809081521
56633,0.4255601609198587
56634,0.13078241961183126
56635,0.059671009980231955
56636,0.4735559537878922
56639,0.15783514625263256
56640,0.24769946422988498
56641,0.23355337828160166
56642,0.3858047895461428
56643,0.08702809086800674
56646,0.2110553556498804
56647,0.18132172570207533
56648,0.33789644463752055
56649,0.46565818846140716
56650,0.59802127309784
56653,0.11601283595117608
56654,0.4482863651738227
56655,0.1234783634605444
56656,0.2699881683021335
56657,0.2526318935492961
56660,0.219654824634883
56661,0.2862808971727275
56662,0.5751409043237078
56663,0.33311076481560387
56664,0.13204145206970885
56667,0.13126058449508382
56668,0.3539452595779411
56669,0.22463862970879406
56670,0.4510175604717497
56671,0.4314613863300991
56674,0.7040677701574367
56675,0.0716312182643429
56676,0.4309130920758101
56677,0.41232188664719277
56678,0.3597792675543115
56681,0.5356680375793876
56682,0.14029234754965952
56683,0.6141311322219696
56684,0.5261315737390614
56685,0.13821213794902318
56688,0.3071203494553831
56689,0.11704271351851075
56690,0.173575490066326
56691,0.38222502746883247
56692,0.13585380071918082
56695,0.5510745346804037
56696,0.1832220883263618
56697,0.2376301089512488
56698,0.37029745197339
56699,0.15339475932809946
56702,0.07605541893110246
56703,0.054415834323748996
56704,0.15175647695268837
56705,0.25845768760612975
56706,0.4138429886404744
56709,0.3805278657259442
56710,0.21228546075681237
56711,0.2849178532212902
56712,0.06786606235566979
56713,0.28409063031459075
56716,0.2801760649213918
56717,0.2728172943354906
56718,0.0829927435081595
56719,0.13518047878197043
56724,0.148695170753405
56725,0.3103272594086246
56726,0.08701443548484586
56727,0.6751003440354206
56730,0.07564790437173591
56731,0.19389670520562646
56732,0.26198165706890947
56733,0.20194588664843877
56734,0.12903188901508342
56737,0.7218672078249351
56738,0.07535174581842868
56739,0.23039565623555203
56740,0.3027053227153663
56741,0.5187708010592211
56744,0.2346889128431836
56745,0.20203146885835302
56746,0.25783150949948913
56747,0.12495483026138175
56748,0.24631767439763336
56751,0.059280116548455136
56752,0.1538725289430028
56753,0.08888658441307867
56754,0.5593589945103749
56755,0.2618869641733395
56758,0.30700820845176585
56759,0.16624286567861662
56760,0.0770426000685576
56761,0.6068009150768873
56762,0.6160652543628217
56765,0.07917319197278763
56766,0.4254341335675304
56767,0.12776534288347396
56768,0.1780630087515819
56769,0.08281996099340917
56772,0.5360804763166956
56773,0.5294477674681138
56774,0.17146284162168166
56775,0.06129109927158379
56776,0.24926713950127602
56779,0.31441656002394286
56780,0.15015095936450853
56781,0.06382559413926388
56782,0.08169431713304925
56783,0.05372070684782495
56786,0.7023517544363913
56787,0.5532113443326327
56788,0.14884125673035523
56789,0.08516389710196409
56790,0.3506472039662091
56793,0.39592889780061963
56794,0.09297243935113651
56795,0.6420670853799357
56796,0.28050898297178695
56797,0.19549527167853398
56800,0.16914250015191615
56801,0.10833393058429075
56802,0.2913059009107646
56803,0.14718645029199862
56804,0.15819389937351264
56807,0.1747403649958746
56808,0.13661725253766038
56809,0.3747457106510349
56810,0.5953773715072119
56811,0.5431708696403129
56814,0.41083263385737834
56815,0.1978816387878791
56816,0.08029604974966975
56817,0.11608550557526391
56818,0.09197481006475676
56821,0.2936689688232491
56822,0.2546752696039668
56823,0.26216164285885163
56824,0.4476968875707655
56825,0.6331002126954985
56828,0.1552440227728354
56829,0.05394026388343674
56830,0.4782486628638429
56831,0.657827844240194
56832,0.09403317919204127
56835,0.38073157217955184
56836,0.0822450351842076
56837,0.11481257328686269
56838,0.06040549142765318
56839,0.2512570300291927
56842,0.12822617348393997
56843,0.21644980533469566
56844,0.1393243796946882
56845,0.2253418274062806
56846,0.450828367648715
56849,0.192881203217467
56850,0.18253087946527546
56851,0.08621568061840224
56852,0.10524537523339841
56853,0.12733911022048308
56856,0.5503323631025376
56857,0.10938837787727038
56858,0.1965471250582027
56859,0.06891324789726491
56860,0.06432931728832027
56863,0.6423582062440766
56864,0.08369459443858467
56865,0.6728682773787443
56866,0.2798363749880595
56867,0.17551291047801368
56870,0.5013370687133379
56871,0.10185755140076248
56872,0.7273944406415086
56873,0.4745986382300085
56874,0.15822225185792468
56877,0.11076441162585024
56878,0.06458900024693245
56879,0.11337505068797082
56880,0.12401443000569035
56881,0.25981871672660806
56884,0.7409797431889832
56885,0.5396132372992097
56886,0.17862951159731824
56887,0.12274479724454984
56888,0.24407057994794254
56891,0.10574971242263922
56892,0.18460834666072787
56893,0.6098083782097719
56894,0.445191657537905
56895,0.07891501623859447
56898,0.10723491170529777
56899,0.06811276819823193
56900,0.5429122105092113
56901,0.05275484387431991
56902,0.4247266593123435
56905,0.7200663959720108
56906,0.051679116753051355
56907,0.3505464191883507
56908,0.12459185377750154
56909,0.4633010269624217
56912,0.1574388784357561
56913,0.06621407510398648
56914,0.3155192735991144
56915,0.12368294682820333
56916,0.4493770471802812
56919,0.13957337234365158
56920,0.3018843564299598
56921,0.4220495303538933
56922,0.3212124249049234
56923,0.46017411533428604
56926,0.06637446726316223
56927,0.25637230994417454
56928,0.3850303708353967
56929,0.22345161502568056
56930,0.31468349303074783
56933,0.1010427121351543
56934,0.05501534997408056
56935,0.2295607411383096
56936,0.07387550822158218
56937,0.16292321100644605
56940,0.4870242400103071
56941,0.11652410344371873
56942,0.18736000991804297
56943,0.1296730658040514
56944,0.06827977744434455
56947,0.22771657596033512
56948,0.06614163792408374
56949,0.09902759156995264
56950,0.20002245128128143
56951,0.1470364554649287
56954,0.30965844699155204
56955,0.052919829212704224
56956,0.12366991797031385
56957,0.659618281286622
56958,0.3086612043732128
56961,0.13906582980321608
56962,0.6377371769323599
56963,0.6958022066641217
56964,0.22141151431022985
56965,0.3034394781155562
56968,0.22837456521720378
56969,0.3661003763252731
56970,0.4763790944671451
56971,0.11629674533293383
56972,0.18592730546510491
56975,0.4329240997835742
56976,0.3139450697530388
56977,0.15092859258899388
56978,0.6106348299663228
56979,0.498725011329621
56982,0.6088568432968323
56983,0.08328263798822806
56984,0.09783445371948828
56985,0.0975759475342924
56986,0.10777024929708903
56989,0.12221762519273918
56990,0.20516046386305067
56991,0.13142471592330182
56992,0.6685428464453109
56993,0.13895311572956898
56996,0.09111192822388028
56997,0.19244360924601817
56998,0.2827787431776312
56999,0.35087413322787286
57000,0.13101999986525908
57003,0.11443044738727061
57004,0.07075978228526031
57005,0.29435748297543124
57006,0.09292189433988803
57007,0.16300040595409976
57010,0.06843006911290105
57011,0.17832502045203588
57012,0.18326439697931723
57013,0.15573669195260093
57014,0.09802674013278942
57017,0.054767173248089704
57018,0.6073399516497138
57019,0.6412380152842199
57020,0.05888542730181382
57021,0.17705472825928015
57024,0.1406485209948003
57025,0.20114795795169066
57026,0.5750320273776715
57027,0.09292066509879224
57028,0.09828983840164444
57031,0.31884233481091667
57032,0.3235538925746942
57033,0.07684879100387966
57034,0.6088802556879057
57035,0.06833127508216118
57038,0.36976377598827825
57039,0.14884075576057254
57040,0.05882886393626813
57041,0.11817351277628765
57042,0.2411827993479876
57045,0.1144897354105323
57046,0.29170880174395364
57047,0.34942351075076994
57048,0.04981133807728337
57049,0.09691370070048853
57052,0.12908723475405384
57053,0.28268498118808466
57054,0.6477849883868574
57055,0.680324315561831
57056,0.16485530441776114
57059,0.09380559581606454
57060,0.17242385020222775
57061,0.07574013183849618
57062,0.6758018189113218
57063,0.2737196824051512
57066,0.3889529663283454
57067,0.2199134539196195
57068,0.607912890290516
57069,0.05558655701512994
57074,0.4035362180751758
57075,0.06050614798470903
57076,0.23276548667305105
57077,0.050938342285807806
57080,0.16426233224318754
57081,0.05903106397413139
57082,0.7288343355077835
57083,0.09688507335466312
57084,0.06360957488718708
57087,0.5058197217380298
57088,0.569402413225023
57089,0.23320059805864587
57090,0.0584409014574125
57091,0.16925178731990867
57094,0.17617869465744337
57095,0.5036408989503353
57096,0.7376311008094726
57097,0.0816306176196955
57098,0.5825037882664779
57102,0.13172905556001113
57103,0.06134660350145151
57104,0.41885949918033655
57105,0.12086475014409519
57108,0.5964587611783381
57109,0.14279352397907116
57110,0.47287566338165116
57111,0.09958856323209671
57112,0.3253077975065113
57115,0.20908002337143394
57116,0.14430769812451863
57117,0.4632904430276876
57118,0.09791465343515694
57119,0.3238304987388187
57122,0.12142848215421306
57123,0.47979066326504727
57124,0.11315415556847057
57125,0.520752516376452
57126,0.23156815899479363
57129,0.37630629850205927
57130,0.09588928314083041
57131,0.3613228148995836
57132,0.06661739608411317
57133,0.06479018492008269
57136,0.43196276022413527
57137,0.13823020442279743
57138,0.5811363831421349
57139,0.25353055547477077
57140,0.10529675244613709
57143,0.12192098501106324
57144,0.13402434670553715
57145,0.34120062373226234
57146,0.2628357647507035
57147,0.5572082940032562
57150,0.10345842276023126
57151,0.1862212078744571
57152,0.1063564601626665
57153,0.3737299960840716
57154,0.3040094684034197
57157,0.29589390332778553
57158,0.6877963350223821
57159,0.2903520824338888
57160,0.08198943380447213
57161,0.06338605550268396
57164,0.17870828617478032
57165,0.2121350744403602
57166,0.6781131274495772
57167,0.06650488887420318
57168,0.7119490207358183
57171,0.055525160748868686
57172,0.19323892743717005
57173,0.2891962159948159
57174,0.058690946828254736
57175,0.6899510024306776
57178,0.14996700932568952
57179,0.16390252382280945
57180,0.40436161522152175
57181,0.2276757712490909
57182,0.12341894176315041
57185,0.10046175892329691
57186,0.7359482112487431
57187,0.05650463335525631
57188,0.4696157142968806
57189,0.38856847442302844
57192,0.35788560470896424
57193,0.6645949133394643
57194,0.5259966077463756
57195,0.04922701072044586
57196,0.31039735333781243
57199,0.5371523176578957
57200,0.5495157180571602
57201,0.10226121491266095
57202,0.07055333962400272
57203,0.36398169323664076
57206,0.6958590134439258
57207,0.39931681930771973
57208,0.630976349173207
57209,0.5547034823070056
57210,0.22517111550404384
57213,0.39169917843655416
57214,0.17843812437103937
57215,0.3670585736210939
57216,0.05551769301948492
57217,0.0610412841559968
57220,0.1550032041279744
57221,0.27793671592277147
57222,0.2582107385060215
57223,0.23726803218977383
57224,0.0995324210105147
57227,0.21255277873125347
57228,0.06970208088694406
57229,0.05479174548749668
57230,0.2921364455374308
57231,0.15734343977991558
57234,0.5668366960723699
57235,0.4240029231449435
57236,0.2358204139384704
57237,0.4172955641352454
57238,0.06583954307555602
57241,0.4760404340252859
57242,0.20977318267846484
57243,0.1387151203903634
57244,0.10937453849386614
57245,0.2561301106935668
57248,0.06704446766838361
57249,0.15361146151515404
57250,0.2190828754722413
57251,0.6114999758677379
57252,0.2043284669915809
57255,0.07648411974346396
57256,0.13506157105513847
57257,0.07407629187218635
57258,0.18828646522478387
57259,0.5307068420488625
57262,0.7086709895876929
57263,0.31859803402081677
57264,0.10711503971964556
57265,0.08300775883701687
57266,0.32513558954775706
57269,0.18712692728073255
57270,0.22987411500643948
57271,0.2366716550695463
57272,0.3882234226563261
57273,0.5046834516294051
57276,0.42710896040034346
57277,0.6312406757353538
57278,0.42534502220692605
57279,0.7170462690781437
57280,0.1298363537485589
57283,0.30658751604420914
57284,0.04984319151669988
57285,0.4303399719877883
57286,0.28250885449145563
57287,0.27324354198593603
57290,0.718300406156837
57291,0.07207366259654975
57292,0.672946951524187
57293,0.05447404424897757
57294,0.0622174551460699
57297,0.16686779508693403
57298,0.1631523007684917
57299,0.1202254709389802
57300,0.2516295972771306
57301,0.12238245275236459
57304,0.6492705394785004
57305,0.6327643970191515
57306,0.20700293518851326
57307,0.16021683258829966
57308,0.06273823630348946
57311,0.5497862651088999
57312,0.0750897826016188
57313,0.4104225755488426
57314,0.24634489407176324
57315,0.3053627908563279
57318,0.2421095407441623
57319,0.4839282737156989
57320,0.18166999288266877
57321,0.07943199678789171
57322,0.2157351525240831
57325,0.1881802949688808
57326,0.06961276331365258
57327,0.10343416228747034
57328,0.18817970149600854
57329,0.35910117350844534
57332,0.06287128706809997
57333,0.14784767121452258
57334,0.39729772376970657
57335,0.3476922259370824
57336,0.07883710363675718
57341,0.6494713614546114
57342,0.04655800648271502
57343,0.5110135490469379
57347,0.08020237899075769
57348,0.24483224830693734
57349,0.186677288018206
57350,0.0633430742207984
57353,0.2326372046267609
57354,0.16445315297501797
57355,0.6398777618990863
57356,0.7291891805118644
57357,0.3712804121931592
57360,0.11030211705322228
57361,0.5235484041315728
57362,0.5345730425643447
57363,0.23360252332666698
57364,0.12074228805622923
57367,0.10089890454324221
57368,0.44624917368087386
57369,0.5877581950251413
57370,0.05336520095588169
57371,0.35478233281535854
57374,0.06795332295706064
57375,0.06604235792511749
57376,0.08509127821461135
57377,0.4580849529686471
57378,0.07413215216898277
57381,0.08577806268827468
57382,0.1387811367675105
57383,0.28624585027090926
57384,0.3525427961003546
57385,0.5219188003378985
57388,0.17672847543202627
57389,0.14311886076670202
57390,0.2688816941824205
57391,0.19445523812267412
57392,0.265703130106641
57395,0.12235632480688671
57396,0.059130527535601586
57397,0.463775458080693
57398,0.25256827471123866
57399,0.49456353702580697
57402,0.12780840413736358
57403,0.09556981845156004
57404,0.05416639555133659
57405,0.3361276236346366
57406,0.05143841735739897
57409,0.6140593134372802
57410,0.1356958797044014
57411,0.624625289655312
57412,0.06014100551701138
57413,0.16644899420008724
57416,0.11258746095859552
57417,0.07148792288170433
57418,0.4810965976828591
57419,0.6576803615790711
57420,0.06257718720558582
57423,0.30331881322119164
57424,0.5105138227692866
57425,0.19727592292202142
57426,0.1371101527196481
57427,0.6716724340155575
57430,0.33907718450831453
57431,0.6681447686717045
57432,0.22553321950836444
57433,0.059606983987634664
57434,0.046624721507964505
57437,0.12276185536120708
57438,0.4654571021146618
57439,0.05775109498523577
57440,0.17216473155966347
57441,0.4757733204638737
57444,0.05516607531830264
57445,0.08743746822824325
57446,0.09397203451263701
57447,0.10008241260262057
57448,0.41727214473077995
57451,0.40487006719746454
57452,0.1060191649754534
57453,0.3950202176903246
57454,0.21359906233165296
57459,0.08137053862991747
57460,0.08090803223116828
57461,0.20482608620609313
57462,0.07902204071491016
57465,0.0693082168263062
57467,0.11614957307692851
57468,0.38500145247408885
57469,0.33866138176889365
57472,0.3018396198015198
57473,0.5267667102838617
57474,0.33931293135488166
57475,0.4057933770026325
57476,0.20321389156387
57479,0.056759846681854124
57480,0.5451415911973368
57481,0.09634283345003382
57482,0.10569412044750323
57483,0.5586087225263817
57486,0.05444933624503256
57487,0.1475435141860328
57488,0.2625785502880559
57489,0.08684465447234013
57490,0.3542111019249671
57493,0.10363140992659761
57494,0.6537962996978296
57495,0.06867069380110398
57496,0.20677627874469762
57497,0.1215319503494923
57500,0.39183145031902
57501,0.10837444722014947
57502,0.08285295323053869
57503,0.19249242685559373
57504,0.12804376445654098
57507,0.20176758261597996
57508,0.05867479408862024
57509,0.1794021628915976
57510,0.06796774570806972
57511,0.07616935435076576
57514,0.2294004808084416
57515,0.38169818339332107
57516,0.23222285618040409
57517,0.07090970577691605
57518,0.38425292363309005
57521,0.16613407414112694
57522,0.07496961021563019
57523,0.26918549507306994
57524,0.11905836631430738
57525,0.364987951179125
57528,0.5364275796957919
57529,0.07737023810543776
57530,0.5522309509971242
57531,0.3391859617886821
57532,0.06512204128922351
57535,0.27419602694368994
57536,0.04660885344846392
57537,0.04572317443516983
57538,0.3419524765877776
57539,0.6503679675457836
57542,0.0993281444192941
57543,0.2038100497348332
57544,0.5490513084273554
57545,0.0985795916099939
57546,0.6684913585267453
57549,0.062146726101436074
57550,0.49302917436129
57551,0.5090874235713962
57552,0.44390396132248144
57553,0.0481075037576309
57556,0.10244292624641893
57557,0.0753809389400162
57558,0.2365774129863093
57559,0.28143892934535064
57560,0.37554435559175164
57563,0.18685576116080835
57564,0.15268890514439726
57565,0.12170280017320398
57566,0.35202004698229494
57567,0.04953441495965165
57570,0.4508384319047657
57571,0.04715324151093891
57572,0.6995275779565797
57573,0.18633063054286475
57574,0.2833311291187184
57577,0.20392731885553736
57578,0.14440931389968217
57579,0.21185569847202473
57580,0.22467485996766073
57581,0.09110851433310896
57584,0.10400759747079974
57585,0.06841947699369424
57586,0.35859994258495714
57587,0.12912021694480058
57588,0.13833707834483622
57591,0.25503648152672914
57592,0.183228288475797
57593,0.29892628634064033
57594,0.48725442518079737
57595,0.3970988841196717
57598,0.540143427940642
57599,0.1045323986090896
57600,0.11136764988594698
57601,0.04882442784496487
57602,0.0915003276001316
57605,0.6286508352232804
57606,0.058893742919261735
57607,0.06260633339674375
57608,0.20643700861993033
57609,0.1375772957598884
57612,0.04527883416061184
57613,0.16012869945672945
57614,0.055354715191905976
57615,0.5753179449884831
57616,0.4229636219674885
57619,0.2076385529143047
57620,0.13775087808981398
57621,0.07122401777504969
57622,0.04361692131380469
57623,0.24060329468902603
57626,0.6364640846724366
57627,0.07424533276032552
57628,0.13007784807164083
57629,0.4136257185399546
57630,0.17770595842599762
57633,0.08769729853791643
57634,0.08092568114857325
57635,0.17516360565662345
57636,0.3049452364859507
57637,0.045277102517600094
57640,0.10969506002776569
57641,0.22714882770442765
57642,0.3270650934859317
57643,0.09035770453414449
57644,0.36476002422613174
57647,0.4459488153740595
57648,0.1603693770130318
57649,0.3180739447017359
57650,0.12080866686436237
57651,0.5198362125884641
57654,0.11206640859453278
57655,0.3240210194804546
57656,0.7274565189877387
57657,0.50646849657175
57658,0.0504947680673176
57661,0.060978586020127665
57662,0.3732267796168038
57663,0.07860752702635335
57664,0.12771458115516243
57665,0.04530544303688882
57668,0.2499380273714175
57669,0.10358496037678239
57670,0.6067326782685188
57671,0.23417546356273647
57672,0.046147336002286925
57675,0.15556003272428506
57676,0.31914558498633744
57677,0.5156192591026705
57678,0.09707206971479604
57679,0.11480617462672546
57682,0.24928227029119784
57683,0.04774165304919895
57684,0.6825816195178153
57685,0.3047136389262226
57686,0.05196655225623081
57689,0.28993016224200113
57690,0.35296684290071684
57691,0.1572931682005383
57692,0.06857206214713357
57693,0.5410682714996702
57696,0.048672379048089964
57697,0.07437482512423255
57698,0.4323722508982961
57699,0.09434086741295364
57700,0.24100631379710397
57703,0.22922790048279235
57706,0.07677828412370963
57707,0.045856955213942466
57710,0.5053016520697969
57712,0.21722402568730245
57713,0.18265643029289055
57714,0.24664335833784606
57717,0.2560260315275536
57718,0.6253989672793748
57719,0.10138287677628997
57720,0.20749382830596394
57721,0.4151792153369586
57724,0.06960503073233387
57725,0.07233706701366405
57726,0.17947596664005092
57727,0.308042306270429
57728,0.11599628878350626
57731,0.31717456593550103
57732,0.36846152801719956
57733,0.08883479542710494
57734,0.6468432639544287
57735,0.553040513612462
57738,0.712277068810407
57739,0.4676872373108498
57740,0.5954842340887997
57741,0.04132559679887151
57742,0.3162318410859098
57745,0.47247829465376395
57746,0.36277139750681836
57747,0.04899477368569798
57748,0.16231488459971682
57749,0.2538756186688284
57752,0.058625755279332746
57753,0.2326265893248963
57754,0.27648610947268565
57755,0.39947594470331615
57756,0.24435337904990106
57759,0.2913247219095364
57760,0.10298595584314937
57761,0.31493739483662975
57762,0.13739695280621658
57763,0.6002147629341554
57766,0.4179767392101888
57767,0.22405040069505777
57768,0.04861414242688081
57769,0.2443545776596442
57770,0.10678586354470314
57773,0.34749712651236053
57774,0.5028606649978188
57775,0.6127754798719246
57776,0.3004213432887493
57777,0.46021940554622925
57780,0.43890595230589685
57781,0.08059681168083416
57782,0.6930111204104333
57783,0.14479577414930553
57784,0.24236161044653245
57787,0.16780444427764818
57788,0.14259250196892648
57789,0.29320157643651534
57790,0.30905977878070656
57791,0.08704241823132872
57794,0.058386962330138535
57795,0.41551793851031005
57796,0.5468044998825943
57797,0.05403677201950563
57798,0.26355419701969257
57801,0.14710416084014158
57802,0.25618201229589843
57803,0.5037968933663138
57804,0.1317143499937161
57805,0.15857859711144573
57808,0.4027875896015278
57809,0.19593163058894178
57810,0.07212786602723471
57811,0.1311389264070652
57816,0.5473530609676286
57817,0.14812796929442248
57818,0.09459655302584886
57819,0.07287339842425862
57822,0.11700392623685585
57823,0.46552081037610765
57824,0.09246804436409933
57825,0.10168161843991819
57826,0.6750357485307001
57829,0.2194995585966138
57830,0.27582607870524434
57832,0.10390630956465248
57833,0.3869690484307785
57836,0.13040421582159772
57837,0.051161673587217606
57838,0.07149946181151882
57839,0.04992556744073561
57840,0.042295112376768175
57843,0.7021468717480629
57844,0.11871293434380943
57845,0.21835384134333896
57846,0.05960098766073128
57847,0.3484797357774288
57850,0.04187349173596728
57851,0.1217158445880366
57852,0.07216432706161476
57853,0.5645828517236811
57854,0.42480268546154154
57857,0.07983552661153565
57858,0.6791155104152693
57859,0.06732414411737547
57860,0.695129078680043
57861,0.1070887997296352
57864,0.25027156785794363
57865,0.1221958687908205
57866,0.09553582185928503
57867,0.26720214335216347
57868,0.5286291962131191
57871,0.5909009897487578
57872,0.13032648677326542
57873,0.15895797007762008
57874,0.08338720207254925
57875,0.16404193071537124
57878,0.2114263656446117
57879,0.22694117606934092
57880,0.6698655699538045
57881,0.2722149815717826
57882,0.04212448474623225
57885,0.05673603659571386
57886,0.27700876046094375
57887,0.13042232991216274
57888,0.06120442970674055
57889,0.1998454127727935
57892,0.6863735228637934
57893,0.5820071729541528
57894,0.16325229985811004
57895,0.042791401603837056
57896,0.09575197715158461
57899,0.587980841027069
57900,0.41615606339106115
57901,0.07615999319517873
57902,0.06205388118034122
57903,0.11919500036586018
57906,0.11018882298201342
57907,0.6655687175896488
57908,0.06434670035229634
57909,0.07235586457007263
57910,0.3392906880435859
57913,0.09121425359240516
57914,0.38588961974842767
57915,0.6424769960517468
57916,0.4016055112957108
57917,0.4288721469212851
57920,0.2693182661083046
57921,0.2127037602584108
57922,0.16343656762099623
57923,0.17932367043116546
57924,0.3275202288750968
57927,0.6634924989761002
57928,0.12311242158261389
57929,0.22707131718649243
57930,0.3015960977027301
57931,0.0572021213013297
57934,0.0812539339440317
57935,0.058702193492160874
57936,0.16968761598812607
57937,0.4924208583144573
57938,0.09412422927595022
57941,0.3950807040074747
57942,0.19843390585097195
57943,0.5970744042155448
57944,0.06441716800053697
57945,0.4994327286318879
57948,0.05124246651435408
57949,0.05740842735818579
57950,0.18510822957535106
57951,0.08152771869671424
57952,0.11754548350948565
57955,0.06858068390774374
57956,0.2036041791586201
57957,0.07210934233009317
57958,0.18605426888936663
57959,0.04573105332645043
57962,0.17335280162568914
57963,0.18583417400053398
57964,0.07215354302585006
57965,0.06481106269680452
57966,0.14186617981011335
57969,0.42581854349348686
57970,0.18287112864804717
57971,0.042102202494303215
57972,0.0791397595822034
57973,0.0667004920196566
57976,0.6552981698886879
57977,0.18263420215773699
57978,0.10802112564049306
57979,0.06301813663912872
57980,0.6243010615023488
57983,0.058948288772842264
57984,0.1440009333595151
57985,0.4039904095449584
57986,0.2839550589314571
57987,0.31498933379561705
57990,0.15147427615508208
57991,0.6196197306816323
57992,0.4525424144684896
57993,0.06609966190361659
57994,0.48834031731965377
57997,0.36297619972020845
57998,0.19001669361183934
57999,0.1574976721388793
58000,0.07624782186824512
58001,0.19334235835191294
58004,0.07051676349859924
58005,0.11680576555632669
58006,0.5168275442897676
58007,0.4550353482841568
58008,0.19910287490707462
58011,0.22399978269334597
58012,0.0806809503670395
58013,0.13030197651927405
58014,0.22976658747325837
58015,0.43586779857470276
58018,0.36940074204329265
58019,0.13219291129076494
58020,0.20690675992859908
58021,0.15797990718002428
58022,0.43576220177848796
58025,0.1020566419521748
58026,0.05833194446349769
58027,0.3367732449867027
58028,0.16909146852148058
58029,0.04055576684735799
58032,0.2695604383034046
58033,0.12448972655463394
58034,0.5521091479204597
58035,0.12048271445454876
58036,0.552973886519324
58039,0.0424400407492283
58040,0.08708766613564434
58041,0.07029242976751765
58042,0.09007441570767441
58043,0.12623988231781647
58046,0.19068911019729304
58047,0.05704980476705191
58048,0.042640581803457415
58049,0.1648599002480418
58050,0.04592620249758166
58053,0.1284268228170441
58054,0.14664913784093184
58055,0.18789642259576156
58056,0.387840729781617
58057,0.7121333479927889
58060,0.35248321910554214
58061,0.15944270845174918
58062,0.2340017330558734
58063,0.19104620353232288
58064,0.03957318377834435
58067,0.25533229095577076
58068,0.18883682903182072
58071,0.48477611533359005
58074,0.6244125370018941
58075,0.07244857525364275
58077,0.13278220467267066
58078,0.07562379085396731
58081,0.46158102528958256
58082,0.1322211252928369
58083,0.3393545286578991
58084,0.3660439359784618
58085,0.6952972681720005
58088,0.4888580669138627
58089,0.2876122032560562
58090,0.5087018695642402
58091,0.03868438032773925
58092,0.28806503830584057
58095,0.4886786911141277
58096,0.39849883974847494
58097,0.12582113646700074
58098,0.5947556545043191
58099,0.05567028890210543
58102,0.04146070144154559
58103,0.34574779442124554
58104,0.18906282524152565
58105,0.6733369984233682
58106,0.10733536606195997
58109,0.2103522003122218
58110,0.3224246961623445
58111,0.3889798172679395
58112,0.1030595254546793
58113,0.20881750124078377
58116,0.42152555458195645
58117,0.09276920426511044
58118,0.13408718429506972
58119,0.056026534200673155
58120,0.5069442048637014
58123,0.06953937335274829
58124,0.09703665400081715
58125,0.510529267507663
58126,0.09104515483158618
58127,0.19331398881163425
58130,0.043226906462459164
58131,0.47153134548961845
58132,0.1061466921664821
58133,0.23060845616144537
58134,0.041688385952733616
58137,0.26908056062485675
58138,0.0409840212323241
58139,0.04908732732789889
58140,0.32120617007408236
58141,0.06567352046483049
58144,0.037042961511365664
58145,0.33845330552267
58146,0.19557302340147967
58147,0.1525313816600966
58148,0.29833155999118977
58151,0.6862235290135162
58152,0.3726741314435543
58153,0.30995563637785256
58154,0.19142947991600595
58155,0.4312071843963136
58158,0.0531450361925501
58159,0.0877693454881208
58160,0.5569003905922025
58161,0.10331511550185513
58166,0.1021265378167881
58167,0.04140094112084547
58168,0.7113804169291975
58169,0.3425267029861629
58172,0.04500819208409777
58173,0.044417165352726176
58174,0.08350436408984797
58175,0.07295308999818692
58176,0.5461282252786951
58179,0.15465841686274917
58180,0.35931800370551537
58181,0.417616726360015
58182,0.06376794377560485
58183,0.479326845906346
58186,0.17684634221165885
58187,0.04341329992638191
58188,0.4116895065545052
58189,0.03856853326237695
58190,0.03672508206811931
58193,0.1362179301493096
58194,0.4312744312653833
58195,0.27871241079125597
58197,0.20149929734000177
58200,0.28427425585048566
58201,0.3097206137419904
58202,0.03910271025483099
58203,0.4531971933854796
58204,0.07988717675906436
58207,0.7161748698192935
58208,0.12034350980026551
58209,0.046193526715320586
58210,0.3027623995906014
58211,0.4113736545913863
58214,0.10180727593976326
58215,0.08480962664271927
58216,0.09126903569833231
58217,0.2754042966715984
58218,0.33670871999727375
58221,0.04085373246436659
58222,0.045037664231641225
58223,0.1819928059855056
58224,0.05671973116979193
58225,0.18468571909350173
58228,0.20073851173979973
58229,0.4478423806013619
58230,0.19947516664229142
58231,0.14296467321015205
58232,0.6697897611516463
58235,0.18902899021672767
58236,0.0687062256617911
58237,0.0930962133348638
58238,0.1065009171344628
58239,0.04673126440084131
58242,0.6786194769448487
58243,0.13452385000543313
58244,0.06736234442068537
58245,0.14097640309145343
58246,0.2708086250881862
58249,0.4756750818158174
58250,0.049784847593012244
58251,0.17410313562140356
58252,0.051193087324514726
58253,0.12316723532452235
58256,0.09439810976376764
58257,0.06383948953796319
58258,0.09872455620659419
58259,0.2163888195846525
58260,0.1528512511404738
58263,0.06398658099221337
58264,0.23272216259267334
58265,0.2227835095766069
58266,0.5368414789505457
58267,0.045706396972934535
58270,0.5443007707109936
58271,0.10177907226208163
58272,0.20641376949988802
58273,0.21114649820959724
58274,0.09256426226080694
58277,0.584780545649855
58278,0.11977319180884452
58279,0.06999716518282147
58280,0.05908943942258869
58281,0.4281800025728318
58284,0.04792551184645386
58285,0.09911413707307568
58286,0.05020146463364039
58287,0.16579247129048696
58288,0.1397103797907616
58291,0.04482400880842384
58292,0.04747253046124516
58293,0.18525941753798664
58294,0.31276394132273355
58295,0.2186088909337651
58298,0.2221194481997894
58299,0.30109025156636904
58300,0.3181340544716619
58301,0.05325503656670448
58302,0.5792805554617939
58305,0.09254689884046673
58306,0.42449392893678184
58307,0.25281695059080783
58308,0.5938509165505554
58309,0.31653133941799927
58312,0.07025774195841702
58313,0.04939702014669718
58314,0.3662263256288927
58315,0.17631175454188086
58316,0.17271552409094937
58319,0.05105876105622744
58320,0.07133743857134357
58321,0.15167633342929754
58322,0.09417463027022517
58323,0.05521553080887135
58326,0.6944069893922699
58327,0.2114360915299573
58328,0.04601674004458122
58329,0.07620816080288259
58330,0.13842992093632422
58333,0.14399725546824435
58334,0.24957489673343788
58335,0.14798015931480976
58336,0.09838924416515163
58337,0.2015106269405168
58340,0.08229618533995256
58341,0.052719819415116324
58342,0.44731693581684995
58343,0.1821102422810793
58344,0.2077298543786739
58347,0.08909570824392819
58348,0.33517169434649086
58349,0.10275029247932363
58350,0.05007872599370352
58351,0.2012837002931459
58354,0.04519773988617432
58355,0.03522983277451969
58356,0.5178025522562237
58357,0.35241026248713725
58358,0.04007449106013048
58361,0.039089795095630944
58362,0.5309629818557495
58363,0.6822558657328474
58364,0.4380678602193134
58365,0.03483180759292361
58368,0.4135508789188799
58369,0.15544646846898874
58370,0.05442985586372582
58371,0.670996349442931
58372,0.11403964758573727
58375,0.3079136251354362
58376,0.0521046002405787
58377,0.30189924662283746
58378,0.08874432381992345
58379,0.09216866713904867
58382,0.36422658845632105
58383,0.6420406686981565
58384,0.20589868713943665
58385,0.29645786747325475
58386,0.06112547059884532
58389,0.06270358529315483
58390,0.17794057563056076
58391,0.11296131516289429
58392,0.1137171863353932
58393,0.05774779034058954
58396,0.1959688022226917
58397,0.3087443809415957
58398,0.31864433644622187
58399,0.13969429259186664
58400,0.1819986065628608
58403,0.1869878822281751
58404,0.5405112729974244
58405,0.08012261209729002
58406,0.3721913393858081
58407,0.39166013155518464
58410,0.203033183051621
58411,0.3564766113178923
58412,0.12057687680984476
58413,0.2301411651299444
58414,0.18177777792470956
58417,0.1388797086501204
58418,0.38356689642743
58419,0.4436215418271585
58420,0.04879364353578083
58421,0.19020148294448644
58424,0.20307722609577775
58425,0.6394851329018274
58426,0.1562734372680772
58427,0.13165673240668405
58428,0.1297742888970878
58431,0.08255953353055691
58432,0.41482761965474296
58433,0.33026468738189946
58438,0.06008648181692799
58439,0.039619806060248994
58440,0.47062185890500285
58442,0.15605387967211903
58445,0.37053303223039263
58446,0.5930269757746899
58447,0.26373500102895203
58448,0.459387064005359
58449,0.0815346964773669
58452,0.1395650125970724
58453,0.45903686227949675
58454,0.6923963603019965
58455,0.06032710009505629
58456,0.4157516503765767
58459,0.1117111039526881
58460,0.2543349963199883
58461,0.11897537349015669
58462,0.2713565463511853
58463,0.5458825840192115
58466,0.3601189294152446
58467,0.40062817157571146
58468,0.1923299692959998
58469,0.09509958561441156
58470,0.31771533438474486
58473,0.6860446894652122
58474,0.14551410268544776
58475,0.11155132141716512
58476,0.0373987164651779
58477,0.11721087014468443
58480,0.1682643941295796
58481,0.12303528299860397
58482,0.04155834644336778
58483,0.0563469562605467
58484,0.2647248815641608
58487,0.3440881734949865
58488,0.3183281301424873
58489,0.15177597680069868
58490,0.07283690463910275
58491,0.15228957438324198
58494,0.5779852600430764
58495,0.07747022554995897
58496,0.060170982778003444
58497,0.2929248834895134
58498,0.09289931540624409
58501,0.19232795973255154
58502,0.046566632608458045
58503,0.053262580804549306
58504,0.1419813280861378
58505,0.08530277237502144
58508,0.04732807630941784
58509,0.15541098203228607
58510,0.2719871946004782
58511,0.07040659822812825
58512,0.361945784236317
58515,0.21576036845979232
58516,0.04986085508540897
58517,0.07692123989584367
58518,0.2057965278828802
58519,0.36769819790907776
58522,0.23824733102752346
58523,0.29705397811691653
58524,0.4138872859703145
58525,0.07246065259655113
58526,0.3276786500729213
58529,0.1760476795283781
58530,0.21713748304220815
58531,0.034745241269211316
58532,0.2136207633062017
58533,0.5557787144278076
58536,0.5391345979450074
58537,0.1155455862170743
58538,0.11250711826747056
58539,0.1960269771335931
58540,0.18827039235039414
58543,0.6018664994080789
58544,0.14500289523538556
58545,0.15034406612934523
58546,0.4484062215952731
58551,0.5159885870104948
58552,0.48555055813888837
58553,0.520418560209334
58554,0.10867507946053342
58557,0.3877848826152689
58558,0.3273854165284665
58559,0.41607621659291666
58560,0.03714772212251838
58561,0.051040700016922576
58564,0.3490143110242755
58565,0.25875553116110966
58566,0.3718307151178967
58567,0.1559029169255955
58568,0.6683512581007359
58571,0.08958902345564808
58572,0.14146237778017862
58573,0.04443458599481836
58574,0.4275726510840477
58575,0.05944581648092443
58578,0.06167411836935338
58579,0.4794250749109917
58580,0.20751836109124308
58581,0.4198407680293553
58582,0.3233835295519203
58585,0.31489926631132853
58586,0.12745148805399933
58587,0.19927092124074108
58588,0.03804282450394923
58589,0.48034483789013177
58592,0.03507527573217235
58593,0.34800820627202583
58594,0.06518690925671472
58595,0.24898976628334607
58596,0.45598849279056664
58599,0.050072137685949036
58600,0.2731179338474494
58601,0.09258394552438688
58602,0.12316858964071446
58603,0.16502090449496074
58606,0.15312312122052874
58607,0.0737052389997949
58608,0.5406358437591939
58609,0.08981554861336041
58610,0.0444137312813482
58613,0.5930385972886656
58614,0.4589086868132463
58615,0.07722286648434822
58616,0.1832548554887879
58617,0.20339098545611767
58620,0.46400256860541356
58621,0.14768770476678847
58622,0.47915761612203667
58623,0.16208782958414653
58624,0.06664544001685031
58627,0.31855798387726036
58628,0.15989407518893106
58629,0.03281355899956762
58630,0.08447947538548536
58631,0.05230206605795896
58634,0.19596979027683267
58635,0.06561846053920942
58636,0.6250632620229247
58637,0.4841595010494231
58638,0.3776193514050592
58641,0.20377877392870233
58642,0.051462136872469706
58643,0.2421264298513564
58644,0.09304498064243777
58645,0.0785132731659021
58648,0.11496598779917615
58649,0.2338620831105246
58650,0.11822819993239879
58651,0.24492960463953575
58652,0.5460376389630759
58655,0.032502721321514084
58656,0.4772590432372593
58657,0.5657920674112851
58658,0.04630654605680821
58659,0.27744135236795636
58662,0.09398299045930174
58663,0.2548850505881246
58664,0.20992118004117763
58665,0.31368470199721044
58666,0.24392864610916098
58669,0.19761253302949355
58670,0.07546813592245424
58671,0.1444119251151467
58672,0.03770280764410154
58673,0.6215444214790292
58676,0.14815060421184234
58677,0.11509258456432228
58678,0.04048126105333715
58679,0.6074971304146232
58680,0.11893516365119206
58683,0.049731778694808375
58684,0.33343133152833
58685,0.04632394826375461
58686,0.6669899854308579
58687,0.07244035882852633
58690,0.03876762876029491
58691,0.09148627770785064
58692,0.18039715146758492
58693,0.6153007576664217
58694,0.040327330431424356
58697,0.16354848337905395
58698,0.6463817818788231
58699,0.08252159300454413
58700,0.15770548042133611
58701,0.48022448502905857
58704,0.3628070004055423
58705,0.5785596243016768
58706,0.11812166557330148
58707,0.10177525116968744
58708,0.14621067364740806
58711,0.05536048761437553
58712,0.0482665414274466
58713,0.10371581301973996
58714,0.6795846703610391
58715,0.08088533057266509
58718,0.1919501062861903
58719,0.12111878170209808
58720,0.09331861592292487
58721,0.2370508174172737
58722,0.04041975797816925
58725,0.46535707369149637
58726,0.086910447173602
58727,0.6973566047806898
58728,0.03941786528669569
58729,0.49750114290807546
58732,0.5255562496926642
58733,0.24981426121498967
58734,0.22006622052339597
58735,0.36187380901905614
58736,0.11361544692403044
58739,0.17708796607360705
58740,0.6350833394586237
58741,0.26023343526577275
58742,0.05612686666506136
58743,0.08183819357499687
58746,0.07327363177621321
58747,0.07965006542091482
58748,0.26719356608259387
58749,0.5173125894494904
58750,0.30132369832591993
58753,0.05236946219424278
58754,0.0328830753405994
58755,0.15067342967955472
58756,0.6852344387331751
58757,0.4557197665990764
58760,0.25774229949624033
58761,0.11546719507738654
58762,0.5582926988881532
58763,0.036845012183149464
58764,0.225180049841487
58767,0.040530158223513454
58768,0.06127554645436087
58769,0.06626923361595084
58770,0.10556559948588162
58771,0.0991173469167977
58774,0.09564138086624355
58775,0.09844572175360505
58776,0.12450313886107842
58777,0.03207707472667424
58778,0.07111864674718417
58781,0.06178938052616514
58782,0.0457892302518924
58783,0.3589717089407918
58784,0.5427016563959232
58785,0.15524219248753998
58788,0.14071345091415244
58789,0.052358845071809844
58790,0.17537943352421845
58791,0.11770060813618205
58792,0.13501013106340704
58795,0.6258726494432696
58796,0.10231606334437825
58797,0.052448916825205576
58798,0.43032588987316117
58799,0.10919005022357989
58802,0.10938051249022965
58803,0.4212472737944874
58804,0.47868509255447744
58805,0.03247747113261824
58806,0.20479738566008582
58809,0.34520259293605865
58810,0.41170682133548436
58811,0.08655345794904556
58812,0.1038900092061157
58813,0.09331328152240827
58816,0.5347572064204974
58817,0.04249193793833011
58818,0.2073746928057043
58819,0.2632354757343672
58820,0.16474974282603172
58823,0.2067261876416905
58824,0.046609935757919954
58825,0.037899738747841374
58826,0.2713781372282238
58827,0.04652379133681487
58830,0.0602557883572717
58831,0.03765768828008813
58832,0.3252264561609885
58833,0.11464735129914776
58834,0.296990627935466
58837,0.05261549337164385
58838,0.6930477630610063
58839,0.11899421983377018
58840,0.24213285022494122
58841,0.25503698268832325
58844,0.09238157262485207
58845,0.04817630037414238
58846,0.10334566669513302
58847,0.047897894766050005
58848,0.3060408330085734
58851,0.13699233755386747
58852,0.17023507845839436
58853,0.6790813241706376
58854,0.12173185393832942
58855,0.08748584343063087
58858,0.10890231905096379
58859,0.06905625901536791
58860,0.11616444370163226
58861,0.570583035803841
58862,0.4877630238339165
58865,0.10721621285262796
58866,0.2956824327003274
58867,0.5476833151771613
58868,0.18146088898873847
58869,0.1223895446998378
58872,0.24937347647020672
58873,0.07238744879007328
58874,0.09219644169363343
58875,0.24610670289851008
58876,0.06488696692140995
58879,0.09068880901500441
58880,0.09395241815319436
58881,0.12249467075320396
58882,0.6790329119827248
58883,0.07791301109479051
58886,0.21442035448747385
58887,0.03576045669103339
58888,0.053014476187127985
58889,0.10977350673189801
58890,0.3170572124631338
58893,0.36947623212587344
58894,0.2397877114661211
58895,0.15584877982250722
58896,0.27581416887209015
58897,0.1379977290363935
58900,0.41691583792047293
58901,0.03188449265089635
58902,0.49997215315433496
58903,0.03683478138088399
58908,0.038990139481633906
58909,0.13326703560071915
58910,0.07082912237455975
58911,0.17677786335205353
58914,0.0955823792480411
58915,0.23908298499841538
58916,0.2708545195895654
58917,0.11257091374506555
58918,0.1450719461779719
58921,0.1120295058491452
58922,0.2834194604337906
58923,0.2197058986482187
58924,0.5389020235261277
58925,0.5957021884523968
58928,0.31470461734467287
58929,0.5555181949631689
58930,0.5058307963795592
58931,0.05334352301939583
58932,0.6213998175768897
58935,0.08687123646581832
58936,0.2959840778540991
58937,0.04422843844536397
58938,0.15079466549779036
58939,0.26645974424391317
58942,0.13586873091391286
58943,0.2089945283204457
58944,0.11712243567945607
58945,0.48845434369778307
58946,0.029630943964712792
58949,0.1818341626863384
58950,0.23243170272560634
58951,0.07359078761526594
58952,0.22109407763779457
58953,0.04975413216108306
58956,0.16582115801005623
58957,0.07134959556733726
58958,0.49920963043993627
58959,0.04769680459662907
58960,0.0677350908306229
58963,0.3582444797789412
58964,0.4424782722228758
58965,0.25684473554900544
58966,0.03149698982861487
58967,0.31025517991366414
58970,0.16452320053912098
58971,0.638232368814623
58972,0.19838188201159704
58973,0.11398350787242148
58974,0.03381058988294766
58977,0.13552243081721588
58978,0.05174733985610245
58979,0.12298561026001857
58980,0.6165342378365247
58981,0.2574625848421928
58984,0.11225036758780647
58985,0.03398598638155999
58986,0.045469620791952575
58987,0.33910099939725696
58988,0.3480984564318384
58991,0.3696613074313665
58992,0.037101386630352576
58993,0.046338479037303835
58994,0.05936268779364207
58995,0.2006639368227448
58998,0.14051028712072067
58999,0.1596259953448173
59000,0.3127331779820317
59001,0.14015667479332514
59002,0.6365763986689758
59005,0.46071938825657494
59006,0.041456831229479005
59007,0.0637431307346759
59008,0.18197388796408148
59009,0.13467453761195006
59012,0.21531276922921677
59013,0.06591587049608123
59014,0.05737422756682038
59015,0.06132007883734611
59016,0.06980866970291466
59019,0.36496152727119874
59020,0.23827834110154358
59021,0.15635053217925607
59022,0.24375023598213622
59023,0.06286827470925402
59026,0.24476727408934237
59027,0.4507667659168195
59028,0.1958562098729906
59029,0.03059137407531158
59030,0.34056538970462347
59033,0.09902699299472445
59034,0.17558651532092084
59035,0.5585589863421361
59036,0.1472734441941719
59037,0.07420515172912408
59040,0.13572507252078386
59041,0.04305060107245154
59042,0.2780706660155507
59043,0.5318113862477958
59044,0.035001492044510966
59047,0.20886817080642514
59048,0.11073674443190466
59049,0.05552589515397503
59050,0.24810084958768544
59051,0.07075363805167716
59054,0.4540915372572495
59055,0.27562615912382843
59056,0.44072354530298374
59057,0.05211653540999422
59058,0.34331006572655376
59061,0.07032970722694103
59062,0.03409556178278897
59063,0.1290833158747683
59064,0.12409160980053711
59065,0.15981859962646738
59068,0.24637357544862004
59069,0.15241378674993827
59070,0.10136984222778175
59071,0.029663967597004008
59072,0.034615886887209686
59075,0.044082260254180695
59076,0.0404182541648868
59077,0.15609774450666183
59078,0.08495163026057878
59079,0.039626406352060946
59082,0.19836940100000033
59083,0.03195882407468215
59084,0.1843043707015386
59085,0.10166385104109356
59086,0.07169926794950185
59089,0.03307336760266982
59090,0.31908612238164646
59091,0.06373987716444501
59092,0.13139811982800323
59093,0.29539175603338136
59096,0.05773397586807668
59097,0.11869377695917706
59098,0.0836759168808736
59099,0.24792186116947065
59100,0.14901647985537908
59103,0.09617872234655896
59104,0.19036623775032113
59105,0.36974440723389307
59106,0.03177742103896622
59107,0.13509141584173445
59110,0.06602705486057664
59111,0.18647972176482944
59112,0.2231959183140871
59113,0.18877495324050356
59114,0.18752076650328375
59117,0.1214076367845873
59118,0.12166578452097176
59119,0.1411997325870284
59120,0.453195830752841
59121,0.14164818478295302
59124,0.40569167623249
59125,0.46585399456699494
59126,0.03470312342980686
59127,0.09966776230997419
59128,0.0835978982469563
59131,0.19162790218115905
59132,0.03739443528960975
59133,0.08952589712209115
59134,0.058644275117308214
59135,0.2131782623420594
59138,0.03167540616167339
59139,0.04965407631721184
59140,0.04456307368370763
59141,0.4011985157246018
59142,0.2917677597148723
59145,0.2782139137437233
59146,0.29170861206491766
59147,0.04427995196381468
59148,0.6305098886573757
59149,0.546682770457002
59152,0.2887301986478115
59153,0.36661330053125274
59154,0.33063407179985244
59155,0.053200892117020525
59156,0.1134887694916405
59159,0.6857010216453588
59160,0.17468993955577336
59161,0.1871845092288626
59162,0.4835089409759818
59163,0.0786963706944876
59167,0.07231134794641472
59168,0.06803771389976514
59169,0.066378697500451
59170,0.6982647300754281
59173,0.032007832396165004
59174,0.05026194292744701
59175,0.037594737535824034
59176,0.6638391605402084
59177,0.03411655311215548
59180,0.05091570218881384
59181,0.046583432961923854
59182,0.516339318426202
59183,0.0640166974010971
59184,0.03130254025680324
59187,0.07772337889956583
59188,0.11020363889999506
59189,0.0327402535109526
59190,0.16649436305459403
59191,0.1003683397671106
59194,0.14935145174787823
59195,0.03407017919992132
59196,0.5455249275438431
59197,0.1377770857584362
59198,0.07547491987912683
59201,0.05369468741552254
59202,0.1055970713730455
59203,0.036740064813049346
59204,0.03299915643124026
59205,0.566483248251477
59208,0.18941646681129262
59209,0.6465701406762961
59210,0.2398753561918364
59211,0.1224451469691125
59212,0.03643463451676461
59215,0.04483684259191611
59216,0.46133600774301814
59217,0.5158590154382899
59218,0.10319593314828268
59219,0.12418716155535515
59222,0.2939164459424709
59223,0.0376954878504133
59224,0.03442334755556953
59225,0.18886153643540926
59226,0.03880245196041897
59229,0.20055235414311562
59230,0.06379405135327368
59231,0.14874425548831557
59232,0.4683169315088187
59233,0.03428086031702037
59236,0.1595632976902836
59237,0.06418452632847066
59238,0.2115489024200993
59239,0.6556030782494884
59240,0.5028615044291953
59243,0.139019340882888
59244,0.07406642457365957
59245,0.23487073543338477
59246,0.0727199713724349
59247,0.07196568631247018
59250,0.07069403564160265
59251,0.1405320346950008
59252,0.0355926729055859
59253,0.14201740095077062
59258,0.16106959727200246
59259,0.364228101330624
59260,0.256077505047656
59261,0.607011893335225
59264,0.0886445963210294
59265,0.3102430510609891
59266,0.25885057950598933
59267,0.05667133695810951
59268,0.24007842660171808
59271,0.3165449057925982
59272,0.4016245890293186
59273,0.05585705356378196
59274,0.45647255064360376
59275,0.15887566843974943
59278,0.13355077575429455
59279,0.07417564294713179
59280,0.08845710042612218
59281,0.049610376999031834
59282,0.6017717638054371
59285,0.26492557473485934
59286,0.27935950240481017
59287,0.4325026227699897
59288,0.27119087697286304
59289,0.2535613703307794
59293,0.12690346099082628
59294,0.07989644676586737
59295,0.20079998174091493
59296,0.06658267784505661
59299,0.2323937534928195
59300,0.26989461746989746
59301,0.11900754974087924
59302,0.6440368752997054
59303,0.5363139270907209
59306,0.1777927580980248
59307,0.0320317777768478
59308,0.06597800181054062
59309,0.5217634006485488
59310,0.04387605999475187
59313,0.06362818530896854
59314,0.09456033378570851
59315,0.04771294136735975
59316,0.18578534103602923
59317,0.3373329210057986
59320,0.1305083348302187
59321,0.11569495012802081
59322,0.11972078951497495
59323,0.10968092335122398
59324,0.03129243507194078
59327,0.03639732220344194
59328,0.0396856417864011
59329,0.05058797863491656
59330,0.03178725225929446
59331,0.5038224238047412
59334,0.2920643359956946
59335,0.13764011085275146
59336,0.04357669634596992
59337,0.13312169990776399
59338,0.06012171769795987
59341,0.44109601178317476
59342,0.3042451000665726
59343,0.0633411466254767
59344,0.4053288914930164
59345,0.21999954998204452
59348,0.29193084794851853
59349,0.22097797298928817
59350,0.06829877642613946
59351,0.20828849463839377
59352,0.11271662724626133
59355,0.5008338321718326
59356,0.04969178519551631
59357,0.20675318330376985
59358,0.0829485739681472
59359,0.064466221002955
59362,0.34939191154607596
59363,0.03821028290175674
59364,0.09211445298965176
59365,0.17031580512319236
59366,0.3820244384315556
59369,0.03158307827164195
59370,0.05835359736927121
59371,0.35102251744836194
59372,0.22936441742819066
59373,0.048750797199999564
59376,0.0708198810638167
59377,0.05625284610446853
59378,0.16319989575992627
59379,0.06610691885514872
59380,0.19525160748750978
59383,0.346982129458663
59384,0.08695753695443001
59385,0.02815586822097201
59386,0.2503337509288676
59387,0.15275308909457533
59390,0.07583530734658572
59391,0.1171746741795634
59392,0.043445468573887765
59393,0.05680800241709584
59394,0.57310044078676
59397,0.026072722442254163
59398,0.058516185355433896
59399,0.04055053390465436
59400,0.08158106152492563
59401,0.041559056700084154
59404,0.47951642033724984
59405,0.2211149730332301
59406,0.0388494807742698
59407,0.35744028094299923
59408,0.5363925289856624
59411,0.05188436073467798
59412,0.044386332165017334
59413,0.40620437310982804
59414,0.041695629145591585
59415,0.0723638069358113
59418,0.12519193192234
59419,0.0450843851534304
59420,0.17443163605998
59421,0.36617645844505636
59422,0.2714671403017255
59425,0.13135413034513177
59426,0.12048817892567414
59427,0.048810526816846896
59428,0.05114140057757697
59429,0.10212745538162017
59432,0.05290661501171452
59433,0.36853316968706035
59434,0.5878811438938092
59435,0.038932140478031126
59436,0.5404588522710612
59439,0.30735906971766136
59440,0.07000669064759928
59441,0.1796675892234382
59442,0.03852400167739732
59443,0.2594321011976333
59446,0.6665029556685295
59447,0.25704815397365804
59448,0.10290821434405456
59449,0.20046749208121847
59450,0.11863619350215919
59453,0.03838494661554941
59454,0.03408858202515965
59455,0.28799418608498045
59456,0.15068989789684364
59457,0.11304975269232427
59460,0.030159211423241402
59461,0.02560359371905452
59462,0.3183807066685069
59463,0.06276750088178286
59464,0.1987281409466485
59467,0.6744122833243755
59468,0.6718472206846026
59469,0.1511978896603857
59470,0.13792037098437532
59471,0.6428602698337498
59474,0.0714909658671469
59475,0.26201806345564277
59476,0.10876556083235221
59477,0.25604326428192187
59478,0.39847597419888325
59481,0.18009710713427188
59482,0.32114903126945105
59483,0.11804226040029929
59484,0.3586623937949801
59485,0.12877327388784582
59488,0.41126832891334303
59489,0.07514469127263722
59490,0.057090250937539236
59491,0.4803747445906713
59492,0.14714123545324098
59495,0.5474152725105544
59496,0.09549746496372918
59497,0.28836684297470705
59498,0.1205929197915693
59499,0.12470169134442716
59502,0.032379571789944814
59503,0.1122288954636643
59504,0.10028424086214358
59505,0.18286012500503288
59506,0.02980194664457906
59509,0.052642576184653005
59510,0.26865216465128805
59511,0.04213616628475024
59512,0.1649951916594103
59513,0.04434347326077988
59516,0.04517007802128825
59517,0.36977170310949126
59518,0.06761098742521515
59519,0.2637929490780421
59520,0.25784116917730815
59523,0.2587440070163741
59524,0.06227223314774411
59525,0.3225911379119613
59526,0.6895294414216132
59527,0.06440463633776708
59532,0.39169926721764214
59533,0.4887749430014876
59534,0.31421994007460297
59538,0.19574307665504526
59539,0.14227527841304347
59540,0.5961935911417365
59541,0.027495278510639532
59544,0.06400596052179856
59545,0.2361365980874604
59546,0.23966662519361406
59547,0.15564200174462212
59548,0.08620460083378906
59551,0.4248202938384733
59552,0.36874253117969014
59553,0.03966166318312637
59554,0.2947291749740535
59555,0.19514939301105405
59558,0.03808464776518392
59559,0.07609289360680745
59560,0.2216710620485664
59561,0.07103634017344745
59562,0.6471206015700249
59565,0.059711625972792975
59566,0.13657538927000432
59567,0.0461085439586386
59568,0.028785248390803743
59569,0.0316787601921613
59572,0.03344501289992229
59573,0.125471123439335
59574,0.20814805722182528
59575,0.14675454908667632
59576,0.06938089583984505
59579,0.03631842167838206
59580,0.34649327503082356
59581,0.032391234686491806
59582,0.04564623373045246
59583,0.02644873680309268
59586,0.03671166804658223
59587,0.27154221832461817
59588,0.4849596638697657
59589,0.4748772102370801
59590,0.2614376765796281
59593,0.08901170178718774
59594,0.0472004152883887
59595,0.03438160771127056
59596,0.08616876197258455
59597,0.6774145114648801
59600,0.37065323109676934
59601,0.4948028443268726
59602,0.20528007204345966
59603,0.12948627753339217
59604,0.597063540312512
59607,0.21558543968056712
59608,0.37936929912515355
59609,0.07952683560168645
59610,0.14639918356063755
59611,0.13196224116996463
59614,0.1653330118231414
59615,0.028300943199749046
59616,0.33668645741705727
59617,0.12276814382867814
59618,0.05898062007009831
59621,0.10727471954290867
59622,0.03091656685420535
59623,0.1949942971807709
59624,0.14640034749907035
59625,0.5130467959841707
59628,0.09000316167173802
59629,0.2630639136197652
59630,0.40344674543781056
59631,0.11160075596923198
59632,0.1162383693873148
59635,0.5349632631483814
59636,0.06668139513179963
59637,0.08552558898138785
59638,0.36629662140818703
59643,0.1432188180898406
59644,0.06182570186206612
59645,0.11712062887014295
59646,0.18337494505017168
59649,0.23419137182335187
59650,0.08923444205678026
59651,0.029667898633817375
59652,0.07263176221582408
59653,0.5365390637083813
59656,0.14720572361527445
59658,0.03481555967155244
59659,0.502093032530016
59660,0.025051430967010332
59663,0.0286045412555143
59664,0.5299618691576058
59665,0.03013045344744726
59666,0.20388002211221135
59667,0.040547899944630546
59670,0.16931211694723652
59671,0.15699810400541983
59672,0.08205150741404643
59673,0.05124872189029309
59674,0.6149820408356741
59677,0.09409567173194842
59678,0.3680245549461781
59679,0.21565598957308357
59680,0.21417517679701964
59681,0.14262106883347184
59684,0.22425524206732173
59685,0.4801773235846663
59686,0.42224880602255604
59687,0.6154218263043775
59688,0.14191060689432705
59691,0.027887493658125883
59692,0.4667745571256456
59693,0.028649817246974418
59694,0.058572063301546594
59695,0.08081639468500572
59698,0.07868719938552667
59699,0.04275062113851024
59700,0.48050167511885233
59701,0.126132608102665
59702,0.0660581246873628
59705,0.0956556598009529
59706,0.04182163571490471
59707,0.5396852509149627
59708,0.06741264766191052
59709,0.11416555325597377
59712,0.19214016749331667
59713,0.21897250898434734
59714,0.08517896844973318
59715,0.03430894585204332
59716,0.12953182395093277
59719,0.04284146127430698
59720,0.17765505546022015
59721,0.4873280847565868
59722,0.5592276961336609
59723,0.578688021771537
59726,0.19117721743803626
59727,0.2208796633966269
59728,0.061260485658126904
59729,0.05632294261704591
59730,0.5794628656518874
59733,0.3264332752186909
59734,0.2728901998224339
59735,0.10860659330830615
59736,0.42249705425336426
59737,0.43779951667297845
59740,0.028538082023043178
59741,0.045678025237648245
59742,0.3738835043629561
59743,0.17452305725038084
59744,0.2072113781422174
59747,0.047693008947950484
59748,0.12295058252717174
59749,0.4465656789541156
59750,0.056803635615608805
59751,0.1801332334004477
59754,0.2829958001777976
59755,0.19352127150404458
59756,0.12807316205375074
59757,0.21582338439136503
59758,0.3036933994640576
59761,0.1789299081446414
59762,0.6440689393121559
59763,0.0505884404639896
59764,0.38573690995661786
59765,0.5923963173587582
59768,0.07548819728596061
59769,0.05027744149183004
59770,0.04392777967064531
59771,0.1296322886853871
59772,0.3431858117880685
59775,0.056844739901973154
59776,0.06451676836532513
59777,0.29875051183194157
59778,0.03239083306016828
59779,0.48260564833444336
59782,0.02474851808207774
59783,0.03743450197641022
59784,0.06703972642625168
59785,0.028690867772662332
59786,0.05964926295427898
59789,0.36046595700645534
59790,0.15379727354978365
59791,0.5390396037980051
59792,0.1836498737444992
59793,0.05579867611865861
59796,0.1855672882420986
59797,0.22439025622301667
59798,0.09145546503790107
59799,0.03581172886666507
59800,0.5842807388243022
59803,0.18601996204583462
59804,0.40157937373999364
59805,0.06509791570531427
59806,0.47970981621382364
59807,0.07216712895308025
59810,0.2602019151831672
59811,0.3497056765132636
59812,0.028723464592033024
59813,0.6444291473610221
59814,0.1555868531832529
59817,0.6376047376970095
59818,0.133128808018786
59819,0.12545969394872805
59820,0.23047786979172832
59821,0.43821965099431626
59824,0.19134787020777838
59825,0.07012294268612486
59826,0.04825101073366582
59827,0.11329529255996705
59828,0.09269928511307465
59831,0.34716317232533694
59832,0.25863074568066563
59833,0.3958649952662119
59834,0.294217273135095
59835,0.31960730416476946
59838,0.11752287567942252
59839,0.10145767258166663
59840,0.027696158055256184
59841,0.35289240233231634
59842,0.07754497756646812
59845,0.04268248281462394
59846,0.10218588135667583
59847,0.2882325230298477
59848,0.28090978479224793
59849,0.5999057345943173
59852,0.2427098185863585
59853,0.05454000902292793
59854,0.5831771553046164
59855,0.32520181489877736
59856,0.062101156578636456
59859,0.0478598314835867
59860,0.1456666392429731
59861,0.0637841645511725
59862,0.18312850410203466
59863,0.39773949162979133
59866,0.1767965364507964
59867,0.09522033725195429
59868,0.027205886323113538
59869,0.5422042590859663
59870,0.12183717509172744
59873,0.2235854542474158
59874,0.1213830868226431
59875,0.6313272869381417
59876,0.23594247920965897
59877,0.04199621966311837
59880,0.10381616910037736
59881,0.147601952728238
59882,0.2589509269104872
59883,0.2481163426365295
59884,0.18567670001139205
59887,0.03971682377572843
59888,0.02535344537191007
59889,0.15355529038190788
59890,0.17916995486695628
59891,0.038222099635989264
59894,0.15972339383131945
59897,0.10420848781266688
59898,0.3114454228979215
59901,0.05419359706383012
59903,0.11146901882351556
59904,0.04330830118017554
59905,0.04768831296708094
59908,0.328576906080664
59909,0.05950079332340238
59910,0.04459560535080789
59911,0.20997736171945106
59912,0.37962391798505063
59915,0.6781512361057155
59916,0.14672717999773313
59917,0.20535112251839316
59918,0.10283069621979171
59919,0.35995624642512725
59922,0.0362808353392854
59923,0.28358326629221475
59924,0.3155912960110996
59925,0.13235190996365725
59926,0.12437972635760937
59929,0.32793232219763413
59930,0.2700622838884687
59931,0.3829018980072172
59932,0.058653322800864695
59933,0.049152117152727756
59936,0.140714527971372
59937,0.05947628498376703
59938,0.05518258298026499
59939,0.42612383185415864
59940,0.025094019109028597
59943,0.04120035854843436
59944,0.3396369037482173
59945,0.36158040921295936
59946,0.4447306069885515
59947,0.4257640906545337
59950,0.05278819280811313
59951,0.1369386323379368
59952,0.04684356590808919
59953,0.053100219143828245
59954,0.08622667990092447
59957,0.0651341323103044
59958,0.6418202702987628
59959,0.23490512288597487
59960,0.07687310310890538
59961,0.6618789618727549
59964,0.6103391952603501
59965,0.03687927453950462
59966,0.06554287346146583
59967,0.2751746164085629
59968,0.06463876937178377
59971,0.04514946156588092
59972,0.23862952625812042
59973,0.6037747833383472
59974,0.027886061094357404
59975,0.2091318362017365
59978,0.4740855895237482
59979,0.12638848062611796
59980,0.048924068394265594
59981,0.3192936658746558
59982,0.2709342573786387
59985,0.29692579946865144
59986,0.02271236269912565
59987,0.3468286666466097
59988,0.09471207621954786
59989,0.02850449744165027
59992,0.4123489699006405
59993,0.024349076144839093
59994,0.026377329117534702
59995,0.03272958637647003
60000,0.32665774608794057
60001,0.07728714586619059
60002,0.049975381272789283
60003,0.023050442205597613
60006,0.3671409080366821
60007,0.04904837605494754
60008,0.21297583984585924
60009,0.37316556411185803
60010,0.16030229158076495
60013,0.044517305452510224
60014,0.1379696292183189
60015,0.10744200079372018
60016,0.022259314551045892
60017,0.17290405628279137
60020,0.08212283261564143
60021,0.19417380918754107
60022,0.17659646036181356
60024,0.062262381613908103
60027,0.027028792456733872
60028,0.10544873116876097
60029,0.048418204753520336
60030,0.5017365904747612
60031,0.32968089775994464
60034,0.12100085897064161
60035,0.6366032892260924
60036,0.2854613063108159
60037,0.11474878971399143
60038,0.647713366171029
60041,0.2740672964035234
60042,0.11599936243997211
60043,0.09460405570210355
60044,0.028059530850508
60045,0.0737387691568518
60048,0.16319837352541025
60049,0.027582810593142708
60050,0.0455354152377068
60051,0.34205765766895674
60052,0.4341601740876781
60055,0.06625979259763849
60056,0.09881666119608926
60057,0.044719880808852364
60058,0.05328656497412917
60059,0.07883693727421529
60062,0.02265773748149961
60063,0.10807749524074836
60064,0.46123709893715975
60065,0.039072197893027676
60066,0.28567977801188443
60069,0.0465471559994112
60070,0.02501354071196815
60071,0.061437506330955786
60072,0.0869899889379005
60073,0.13894384062930112
60076,0.1934802701721197
60077,0.20123180389639087
60078,0.07559368617093919
60079,0.05081573026766465
60080,0.0653256260748264
60083,0.3431096135883457
60084,0.12351793671585368
60085,0.04414157124972936
60086,0.13153696335769463
60087,0.10654275531029382
60090,0.04733198647314999
60091,0.06919293684448653
60092,0.16532351443473156
60093,0.03077575207209931
60094,0.3880682338039886
60097,0.021746010027196
60098,0.451308082991941
60099,0.646511406792551
60100,0.031301106207879556
60101,0.29166783764684195
60104,0.05446507003549249
60105,0.0410948957514211
60106,0.03479927881042657
60107,0.02198323245791951
60108,0.24593235932306956
60111,0.05817662071629086
60112,0.45637446157463385
60113,0.166332895702792
60114,0.036083440045611065
60115,0.19044270466161073
60118,0.08778314445665034
60119,0.11877798807072895
60120,0.07256189248974865
60121,0.023365843726787763
60122,0.5608922554118341
60125,0.09304186468259046
60126,0.03415125265050967
60127,0.12820986287366057
60128,0.5181481051164882
60129,0.09740846384336717
60132,0.21502477759324415
60133,0.3974210764825851
60134,0.03578102915315612
60135,0.11138523724466184
60136,0.026701064315158472
60139,0.041491904666940804
60140,0.06140821000769993
60141,0.6682926835961241
60142,0.15406229325479281
60143,0.34263890554699483
60146,0.028793887115224126
60147,0.3708822120683727
60148,0.2518329876663605
60149,0.11299552352621829
60150,0.27243064937088585
60153,0.3279702241586608
60154,0.08484571286334132
60155,0.4991284323125459
60156,0.5553955070059833
60157,0.18650460672820127
60160,0.05555350345768213
60161,0.09884328401202765
60162,0.15631800383952163
60163,0.09512255010260995
60164,0.19080209759049058
60167,0.026225767063876613
60168,0.5614509766481321
60169,0.06535791657522924
60170,0.030629971277822018
60171,0.04149925891973256
60174,0.3581982964189959
60175,0.24269371106210758
60176,0.056072565695830516
60177,0.5067347311980726
60178,0.040299574974193265
60181,0.05565411413647435
60182,0.05360873238978742
60183,0.47919598695084864
60184,0.05584234907563989
60185,0.06371445285180004
60188,0.03762608325972297
60189,0.5875776171746832
60190,0.6266220452058529
60191,0.18525821478761367
60192,0.4044619756436074
60195,0.09707554024593147
60196,0.027791812973142427
60197,0.17358609636212402
60198,0.035748079177742
60199,0.6784005157929908
60202,0.3773464617298111
60203,0.6105887473800127
60204,0.21627983058835965
60205,0.02862811385476028
60206,0.4841420902030124
60209,0.08191734882289786
60210,0.14057866636953736
60211,0.025720354652738742
60212,0.44270239958268626
60213,0.3239628583925329
60216,0.6121917712525128
60217,0.14931618837787172
60218,0.2573965103409917
60219,0.032604903917456
60220,0.08217827773697978
60223,0.07955298863452716
60224,0.1059657461209142
60225,0.4923619331520377
60226,0.14347508825187577
60227,0.020697871268433043
60230,0.03670456929050907
60231,0.02994315818907546
60232,0.0382581909085736
60233,0.47329670082863107
60234,0.306460408413618
60237,0.6709060663162972
60238,0.23485723163025712
60239,0.4640333656229799
60240,0.12995356266019992
60241,0.06361782933084684
60244,0.03189143116423244
60245,0.049407131032238316
60246,0.02547797312865372
60247,0.5616113588798259
60248,0.6497876934456123
60251,0.06709921285320944
60252,0.24642693519456774
60253,0.2793238960159618
60254,0.21305980955456472
60255,0.26379847638318815
60258,0.1132239490031912
60259,0.14528235006697424
60260,0.11279686463565713
60265,0.06430784056414503
60266,0.1747488744233529
60267,0.28112320381631234
60269,0.3786634727217683
60272,0.19923961348413083
60273,0.05040616534152278
60274,0.047832845190580654
60275,0.06550307205857762
60276,0.29842810735315783
60279,0.08627482728506111
60280,0.09168264496759118
60281,0.12409703951175713
60282,0.09855248088160781
60283,0.12083122193684206
60286,0.09328624149693243
60287,0.05511306095821543
60288,0.46114951631029144
60289,0.04887802765380736
60290,0.4205341686247617
60293,0.536081091263252
60294,0.022062077312951154
60295,0.023583745979846915
60296,0.5477816741746726
60297,0.14296776175225398
60300,0.3521940094203076
60301,0.12326564739113019
60302,0.03673879040194743
60303,0.02406710944252803
60304,0.07305122363569883
60307,0.19538521642003012
60308,0.08137153905093215
60309,0.2263087892729322
60310,0.02772294475917273
60311,0.03183198189979204
60314,0.095238218318039
60315,0.21622375739560687
60316,0.241425553576766
60317,0.6017990333083675
60318,0.038496493330747686
60321,0.13897299570665747
60322,0.21580761938604706
60323,0.12917177946990124
60324,0.03805151195607649
60325,0.43660223218211935
60328,0.03315428715430509
60329,0.028811780421443146
60330,0.024227956622533162
60331,0.16715735154683095
60332,0.3151864280743765
60335,0.18169538686842432
60336,0.20966506424235584
60337,0.3639352290351194
60338,0.07982784943758682
60339,0.12639885177833435
60342,0.03212101486956833
60343,0.6040172451837342
60344,0.07010261983965047
60345,0.04608729358705748
60346,0.046642494866325886
60349,0.029846847880674075
60350,0.05187843583942527
60351,0.025753988742741114
60352,0.2094865433010321
60357,0.11479627435261833
60358,0.6432973115200371
60359,0.6596271269815437
60360,0.2900019538838614
60363,0.47377595132966566
60364,0.27008499926461066
60365,0.36207705692189807
60366,0.6112136053751486
60367,0.027378091804636004
60370,0.656479321959455
60371,0.05038497732156145
60372,0.3951131870956532
60373,0.027056136405732092
60374,0.028968781288228707
60377,0.06724984867359425
60378,0.06302514272239705
60379,0.66301918808314
60380,0.02090058569397927
60381,0.03048695108402399
60384,0.02866243954977669
60385,0.06589358189510251
60386,0.1999586208357314
60387,0.028788898877928733
60391,0.24121655684135793
60392,0.09254402129384835
60393,0.47483558928242536
60394,0.026004145534571525
60395,0.4107048985797937
60398,0.30503110933340555
60399,0.09394387260150666
60400,0.045360427337407735
60401,0.07564118478219319
60402,0.29722863846552544
60405,0.672901750223005
60406,0.0464274640619331
60407,0.020724020334509183
60408,0.038508824737450195
60409,0.13260259566673244
60412,0.02760523292331456
60413,0.1583695737117609
60414,0.10539037786729831
60415,0.12479091187475923
60416,0.1385026799347117
60419,0.04343503947613667
60420,0.10460974663492949
60421,0.21997736295397238
60422,0.2706140907521868
60423,0.5904121860859165
60426,0.08558513475814761
60427,0.2988907737736604
60428,0.3993151122334526
60429,0.06661021364305635
60430,0.06044318607800177
60433,0.04698399128317817
60434,0.11331749183533546
60435,0.02840768442688061
60436,0.02444885026713882
60437,0.03860219544885596
60440,0.07091016139073048
60441,0.22986146217079895
60442,0.020694152870862556
60443,0.25522445980725056
60444,0.3287979089250945
60447,0.14061324987978252
60448,0.5512556164254285
60449,0.020983685133736385
60450,0.08366534947370402
60451,0.09353250081570227
60454,0.06583601754927548
60455,0.11561431337648115
60456,0.6017100114535318
60457,0.07677615004383845
60458,0.05309925141497711
60461,0.1535875964347801
60462,0.045850559110273054
60463,0.3011348342532795
60464,0.3072916047220324
60465,0.3800216643656997
60468,0.17987810388699405
60469,0.03329107560073374
60470,0.035619214573710034
60471,0.17302903543907894
60472,0.08314586003237463
60475,0.05204985636100326
60476,0.286003375974791
60477,0.37075080189756315
60478,0.02129963895644305
60479,0.07506295974767813
60482,0.02058362513437728
60483,0.202795638295027
60484,0.05534453723514566
60485,0.3053193286734031
60486,0.26614757972585645
60489,0.10909858785959611
60490,0.21614050950229186
60491,0.37107859391104125
60492,0.26441577106762887
60493,0.5930993573064
60496,0.054938630927024494
60497,0.11691197478488281
60498,0.4815632590224932
60499,0.3655386460369869
60500,0.4675136096614353
60503,0.07607247969644945
60504,0.4814730244529102
60505,0.04592029604678303
60506,0.6258690624037366
60507,0.2770573130473219
60510,0.0282229759668738
60511,0.05208908130190108
60512,0.5191042061127213
60513,0.03612917736983801
60514,0.11623579910422971
60517,0.032942556826386235
60518,0.07914212584855847
60519,0.05926941429465495
60520,0.019515091473791546
60521,0.29403870058219983
60524,0.07278206099767422
60525,0.13039994662290033
60526,0.5846204849727255
60527,0.6390585773267531
60528,0.43984705095939564
60531,0.06645452259195644
60532,0.0889919869168635
60533,0.09344434429370478
60534,0.6004981115686594
60535,0.12611015595841477
60538,0.024830133760843878
60539,0.16279309713030565
60540,0.07231874263074237
60541,0.04159948938179128
60542,0.04098519943440062
60545,0.10535235890656108
60546,0.031438739332567876
60547,0.16627820455311554
60548,0.0281570123447584
60549,0.2851912420524596
60552,0.2471691107461215
60553,0.5562053265598715
60554,0.039209688248277384
60555,0.1515540765094378
60556,0.2965593761232182
60559,0.29366562510596766
60560,0.026827544466678132
60561,0.03413610745307672
60562,0.09296768374244313
60563,0.07432186264127523
60566,0.12331758310715113
60567,0.16569570136819456
60568,0.025459743129222227
60569,0.4289197469424361
60570,0.15050746741247303
60573,0.19595676279588767
60574,0.11311262207782427
60575,0.13073631424419535
60576,0.10499252360330145
60577,0.40732759592147216
60580,0.10710796825069153
60581,0.2821797616605462
60582,0.34735752218081317
60583,0.5327201976750378
60584,0.0438199108312826
60587,0.14541444048737356
60588,0.07125101596506897
60589,0.04962773954670106
60590,0.05898142617962481
60591,0.12456802305410244
60594,0.1673860377854076
60595,0.17467843737703448
60596,0.06781138175537743
60597,0.11408613069512814
60598,0.03204741347643861
60601,0.029220520833317463
60602,0.3644000778452675
60603,0.41207997190108375
60604,0.07009354983746705
60605,0.22806855333835818
60608,0.6281552162625131
60609,0.02774177827353103
60610,0.29757408059771057
60611,0.023967791073536814
60612,0.051225000077285227
60615,0.043528071560752994
60616,0.32584591025807363
60617,0.28971930437824367
60618,0.10342346679699915
60619,0.3619650954546175
60622,0.2242638137066817
60623,0.21170281719262143
60624,0.3784023759511679
60625,0.3212991661378036
60629,0.03954338273788504
60630,0.3681127500031841
60631,0.6057985940620623
60632,0.06999807971256553
60636,0.020136329446459017
60637,0.20410968867824933
60638,0.43800824638948055
60639,0.08640677158361593
60640,0.02583303060909981
60643,0.04006208328848038
60644,0.07158307920905857
60645,0.21612646112132713
60646,0.09561865124455346
60647,0.4831232369402115
60650,0.05837358614052836
60651,0.04943746907062375
60652,0.02085558317245742
60653,0.2628562369338453
60654,0.627489850568823
60657,0.09417776520776636
60658,0.052726835184999044
60659,0.03901970222558737
60660,0.3338932394854367
60661,0.2613855668420564
60664,0.10594173960556338
60665,0.20393681054415577
60666,0.030269890495702827
60667,0.12178031508695482
60668,0.03767691627699728
60671,0.0828342717799189
60672,0.04141075617294839
60673,0.20224421861251718
60674,0.03354972314404012
60675,0.24926937594569828
60678,0.09369239295162798
60679,0.3099365744216669
60680,0.12078104322611971
60681,0.2129042650577872
60682,0.2562684511729718
60685,0.020528706824204324
60686,0.37623653011539215
60687,0.03921077636042118
60688,0.01928041849899705
60689,0.623531471294592
60692,0.05385324080242075
60693,0.2690612484313943
60694,0.5788190089946129
60695,0.15661711638960105
60696,0.022953930694121445
60699,0.6418992728464119
60700,0.08029272833486142
60701,0.10968284356207446
60702,0.028647780140634828
60703,0.49453461384784203
60706,0.05720488090114894
60707,0.057486868220050044
60708,0.05981041481633299
60709,0.022296761447510742
60710,0.03428593149453179
60713,0.5753146544892385
60714,0.12213291839394795
60715,0.15903100583019153
60716,0.21835792169931792
60717,0.13110634398618598
60720,0.1670316506617541
60721,0.14034690237880185
60722,0.019445687300047587
60723,0.4858590006883672
60724,0.0238838079654409
60727,0.11793745044454913
60728,0.0701917087710312
60729,0.03327167401332295
60730,0.18177375785120498
60735,0.14105592725995886
60736,0.15211410271898432
60737,0.17248975260513313
60738,0.023516479088425708
60741,0.03332990832243129
60742,0.4509176676409787
60743,0.4523258450687423
60744,0.14219392243720105
60745,0.4680402381989246
60748,0.07112479836280715
60749,0.39754716903816106
60750,0.10091179250108794
60751,0.6515229080710064
60752,0.21252170940782925
60755,0.05755630026526243
60756,0.1158335682038876
60757,0.01933292950413614
60758,0.028187398324916135
60759,0.18207786594658204
60762,0.5669864939780502
60763,0.031213585867403616
60764,0.02460278136403824
60765,0.03415748616076648
60766,0.4204391592045634
60769,0.017946013935794126
60770,0.2617691040119732
60771,0.04838534052195448
60772,0.024839710830950188
60773,0.28435327947610284
60776,0.024794631969047274
60777,0.2175032379075142
60778,0.019354061350515192
60779,0.24090033794102694
60780,0.021025265298024537
60783,0.5502016953740632
60784,0.05094306037526241
60785,0.09687680049154974
60786,0.11793285482455777
60787,0.29686428870280324
60790,0.051564874935108716
60791,0.3341566128931633
60792,0.08975291549869821
60793,0.2663342144500156
60794,0.020782546227189252
60797,0.6019675681200716
60798,0.32333629172028217
60799,0.27697685459896226
60800,0.14839655479269945
60801,0.2867370268992166
60804,0.11200538530719881
60805,0.02803379768319022
60806,0.050204943630000685
60807,0.08112863060651909
60808,0.48317863987361637
60811,0.0535597048455733
60812,0.3645783105555808
60813,0.03826453406384182
60814,0.2689323470318594
60815,0.14651175152397486
60818,0.18658306907390798
60819,0.029361166317034965
60820,0.42125124075536224
60821,0.085262566754025
60822,0.39808176810966145
60825,0.05135197660284216
60826,0.024770014591897944
60827,0.13722720714543846
60828,0.11293761527069873
60829,0.022817975300349617
60832,0.10012998910752645
60833,0.11305730544422667
60834,0.0812378022231826
60835,0.054237599332479444
60836,0.4520944099844604
60839,0.03352263778869047
60840,0.13654031015229065
60841,0.5125659940836554
60842,0.03804534845708062
60843,0.16894189970253878
60846,0.4627089636878986
60847,0.06622710754805708
60848,0.02697857735140995
60849,0.026232966544207675
60850,0.020326798661997755
60853,0.028194421691640357
60854,0.661709054591378
60855,0.16668567828302336
60856,0.03370605794978835
60857,0.17536688682108664
60860,0.07431151118513558
60861,0.0730172456483549
60862,0.17605043245225815
60863,0.0245955902307063
60864,0.10630278517670427
60867,0.12225778662516884
60868,0.01749229545549322
60869,0.11006150517055381
60870,0.34759229969181515
60871,0.10244317153430074
60874,0.03412654379786093
60875,0.039076298822380166
60876,0.037430876177313964
60877,0.05022205025978659
60878,0.26337107793203524
60881,0.028585507511195554
60882,0.025485346757898982
60883,0.3278470331060415
60884,0.41372003943612623
60885,0.01886225209279263
60888,0.027894136535584813
60889,0.025460480234618745
60890,0.026100439317657112
60891,0.09198511813761179
60892,0.06272014132236697
60895,0.09069866014722637
60896,0.552385981741841
60897,0.0436133626316307
60898,0.1049462204777586
60899,0.06233941792452057
60902,0.10592042007273904
60903,0.11018374579558911
60904,0.3552359657832281
60905,0.24020892398004925
60906,0.3724028558989496
60909,0.32539857926351506
60910,0.018917369158590998
60911,0.3801819548287998
60912,0.24848998382359713
60913,0.07663616342430889
60916,0.07129507094776599
60917,0.3788375710883274
60918,0.036392850341469295
60919,0.03753713482759868
60920,0.27912935527972227
60923,0.2312088292012014
60924,0.02142412674360287
60925,0.032321844555254865
60926,0.05162606331990172
60927,0.49241431010327597
60930,0.14369240939621772
60931,0.08568068401036467
60932,0.33481175636882826
60933,0.12869601626170302
60934,0.07349211653138445
60937,0.20033816339449864
60938,0.037968050992123796
60939,0.03051801128582505
60940,0.20305927741057492
60941,0.030704880549825116
60944,0.4549630371257835
60945,0.030780749465934832
60946,0.3798215346149579
60947,0.4906940981344759
60948,0.06313012482389825
60951,0.11767791927811244
60952,0.023753735899415464
60953,0.17535741376436734
60954,0.23178800381977224
60955,0.10581160147498879
60958,0.12466881075733646
60959,0.18773201490495411
60960,0.0520465636861542
60961,0.04086258498758086
60962,0.028988087753556484
60965,0.018649552445121367
60966,0.2496204850785515
60967,0.047876666927868614
60968,0.15616568604521053
60969,0.05523334175196594
60972,0.11559221366241064
60973,0.017232658350044425
60974,0.045609669206667036
60975,0.020045628373109123
60976,0.030869891708356405
60979,0.024029978577638823
60980,0.03326199702486083
60981,0.12280889297814386
60982,0.263256802293452
60983,0.17021980572026635
60986,0.6168176167009847
60987,0.09666656073936362
60988,0.10362483349381109
60989,0.09619027296398926
60990,0.01844545449406297
60993,0.02320397129711874
60994,0.3663508385061346
60995,0.17087937435141007
60996,0.139505861064438
60997,0.17617171356974512
61000,0.03510987208516324
61001,0.0964390545774251
61002,0.08078253922015503
61003,0.028703796552247935
61004,0.03413119353128892
61007,0.4080520312390937
61008,0.047860609025885736
61009,0.13349920997197393
61010,0.22423664291529902
61011,0.5522606759706563
61014,0.11021799077682337
61015,0.17913677016141014
61016,0.262723668410934
61017,0.05128492705783221
61018,0.038915555972485895
61021,0.2691980282546084
61022,0.553183700552754
61023,0.029020077633628332
61024,0.639855684932306
61025,0.020939125430481466
61028,0.06553383376898096
61029,0.20244362752593145
61030,0.26731510682478493
61031,0.6419779746362313
61032,0.27834622436999146
61035,0.3991565809608104
61036,0.06927946591120249
61037,0.3588339478200156
61038,0.09427016091930446
61039,0.0751146296901369
61042,0.22073713123660482
61043,0.582872892585222
61044,0.5781593147404824
61045,0.6019010138516449
61046,0.043269595103592656
61049,0.20489562185955673
61050,0.035001124104232006
61051,0.13457450313667202
61052,0.12438858037678124
61053,0.09968222587390729
61056,0.047550489687017396
61057,0.24132843245234176
61058,0.4230989766108327
61059,0.08489897458644173
61060,0.19798340946136217
61063,0.12911851268736746
61064,0.060614887880106244
61065,0.1066450990414709
61066,0.06687296610237083
61067,0.08858848176495458
61070,0.04294558202749103
61071,0.04866655655688908
61072,0.09185671943292681
61073,0.053764662139459865
61074,0.026157159393682367
61077,0.13383998110390743
61078,0.14384229352209182
61079,0.03915563684925947
61080,0.07670153092126904
61081,0.5095560603161081
61084,0.02436137038026414
61085,0.5912927775175388
61086,0.04145996752699837
61087,0.0398852885218407
61092,0.019395299000430154
61093,0.5421343442107722
61094,0.07256845193872682
61095,0.1357277939632359
61098,0.19451917507896246
61099,0.473973808071131
61100,0.08229122440908847
61101,0.11217434757904811
61102,0.4495409188050704
61105,0.06835017931620002
61106,0.04291475691341022
61107,0.03848444602583119
61108,0.023054928791369517
61109,0.14502763601455304
61112,0.019296517561442208
61113,0.02670408949909628
61114,0.22039533004156883
61115,0.36667175642927907
61116,0.13161080351390503
61119,0.14896984931459203
61120,0.07813575504336785
61121,0.0759305566874602
61122,0.0409026153674483
61123,0.09971609788323516
61126,0.44852068626527625
61127,0.027329107157838924
61128,0.20950787338729837
61129,0.01795338739286739
61130,0.4272282994890212
61133,0.01882483366799458
61134,0.471933545271928
61135,0.2804911930717358
61136,0.5565914507701556
61137,0.048170913590013374
61140,0.02806576384691983
61141,0.13181247678467148
61142,0.020974565816576
61143,0.07372590305429415
61144,0.06359672038950732
61147,0.02853224621802915
61148,0.21939969136852824
61149,0.17716632213181813
61150,0.02276445532876612
61151,0.02318494658774455
61154,0.017493276846321668
61155,0.02308655432053153
61156,0.4117682792502602
61157,0.030858098972183147
61158,0.1439212357558055
61161,0.01655434164185213
61162,0.11401591084890562
61163,0.08415172582243331
61164,0.0920218748058724
61165,0.1996070315676959
61168,0.5000369193231116
61169,0.023542162897939107
61170,0.033274380286085176
61171,0.39319713523844235
61172,0.03662863365753998
61175,0.06422520584983471
61176,0.14396095101010511
61177,0.2565599883725154
61178,0.026853759550422317
61179,0.04865009583088291
61182,0.08581780913541759
61183,0.06814340710509185
61184,0.4706635807729068
61185,0.11294720199203954
61186,0.32099537542552914
61189,0.30382476858515395
61190,0.056117696777633855
61191,0.02209027971775955
61192,0.14658138405230978
61193,0.3044485602769889
61196,0.05874180595469542
61197,0.025613264061183347
61198,0.04049915628802491
61199,0.02583401408942345
61200,0.08921410989281088
61203,0.03992268095559352
61204,0.39160921964651774
61205,0.1800123907340646
61206,0.15429069897531825
61207,0.09792645063069787
61210,0.020569497077402
61211,0.025231874260444508
61212,0.39959597937755376
61213,0.3463642384378693
61214,0.1736471935570362
61217,0.22286790040225732
61218,0.06641741676587364
61219,0.022640984616132297
61220,0.018122253539213474
61221,0.05741597723607844
61224,0.02878939322625805
61225,0.09271011850091229
61226,0.3030047035486237
61227,0.09285920337201448
61228,0.08287257265815887
61231,0.04110803241665023
61232,0.29005311175931053
61233,0.16648896846983532
61234,0.16915714095411916
61235,0.018244013066220036
61238,0.12538695157395777
61239,0.03914397374210817
61240,0.03976771031087081
61241,0.24432189316832492
61242,0.0776483902081538
61245,0.023219041775468786
61246,0.11142345621800356
61247,0.01918784664215568
61248,0.2956169417451483
61249,0.4997934700045529
61252,0.023427364685681348
61253,0.027593053181717047
61254,0.01603353308899769
61255,0.05179669705006071
61256,0.019756921279895482
61259,0.02977912691729927
61260,0.027885381195743873
61261,0.0781954845707536
61262,0.1574084085384448
61263,0.0198792370064629
61266,0.13056868014553555
61267,0.08751861019704196
61268,0.12386193852002128
61269,0.07936643104008162
61270,0.11300809250323218
61273,0.5507614593949496
61274,0.024136722426752993
61275,0.12454379851254388
61276,0.07241654916643245
61277,0.3911266769194239
61280,0.6508325764848576
61281,0.26263172768294485
61282,0.0468780767654342
61283,0.45427900616357325
61284,0.021771047438410563
61287,0.29406939721997455
61288,0.3057832513491912
61289,0.3334349087167045
61290,0.625283281960392
61291,0.036357750017231745
61294,0.02465969546779295
61295,0.06565812767910897
61296,0.32499617872401076
61297,0.225693622875403
61298,0.11028660956572486
61301,0.018275260575256993
61302,0.26012543433075114
61303,0.04216823673072613
61304,0.1263765762526133
61305,0.2151142961393255
61308,0.11872816616336217
61309,0.5039867277058112
61310,0.032728100904735824
61311,0.2639050790987021
61312,0.04308737641328973
61315,0.5092947665893524
61316,0.0181519450234853
61317,0.318670557443889
61318,0.02381581715854819
61319,0.031363726915184485
61322,0.017273928469114935
61323,0.10907937691942099
61324,0.04266106423055749
61325,0.16320759539188762
61326,0.3289863470936291
61329,0.12424064557075613
61330,0.35276350743524326
61331,0.01633674052588765
61332,0.45818221078397214
61333,0.07163520436943932
61336,0.06222867098899988
61337,0.0867837221623586
61338,0.05437706758995325
61339,0.42489519340828263
61340,0.08138146729959289
61343,0.2230498897370187
61344,0.01906069762241924
61345,0.03727490479857117
61346,0.0168656245367599
61347,0.5711353480405488
61350,0.22465007471876797
61351,0.31498806507535443
61352,0.6307739678281958
61353,0.263907474490252
61354,0.05092515615866447
61358,0.27520874951199337
61359,0.09649899979821837
61360,0.023125047168310587
61361,0.04806214835928056
61364,0.1484387767807561
61365,0.16136007125249668
61366,0.11784931144726724
61367,0.3371979582854742
61368,0.06013309998466382
61371,0.16638502332698615
61372,0.02635751667789787
61373,0.03783069808778743
61374,0.06563492962439017
61375,0.16627603843278393
61378,0.29759009499378897
61379,0.03508729930254286
61380,0.10475597089408506
61381,0.2813291049224052
61382,0.3145452898793119
61385,0.35190386676136637
61386,0.03490029367247801
61387,0.2767244697440389
61388,0.08987886427006744
61389,0.11934517613639659
61392,0.07352883593904394
61393,0.023881031523070022
61394,0.024739328679790385
61395,0.11945801497049818
61396,0.6199891869003192
61399,0.1310439283369368
61400,0.06640770564374296
61401,0.07973788169127574
61402,0.05596714351722706
61403,0.3668513330814806
61406,0.0569498612605568
61407,0.3291810204785358
61408,0.038414599947602886
61409,0.18212112833286231
61410,0.044778083905747126
61413,0.5479566178623542
61414,0.1403120637766861
61415,0.04556329416379933
61416,0.2782726271855322
61417,0.032365736277723774
61420,0.06029206192899342
61421,0.07099696773168179
61422,0.17216895097989396
61423,0.10566602531583794
61424,0.06837849139102027
61427,0.10967611850394163
61428,0.0466159989427763
61429,0.12698666900382952
61430,0.30509177967227147
61431,0.29188519177166705
61434,0.6421040644242839
61435,0.20982504946485472
61436,0.03841992420351322
61437,0.03235897806463679
61438,0.30467871213243725
61441,0.017304360484468904
61442,0.09769645135889238
61443,0.020285666109559
61444,0.04500187296801673
61445,0.04239758599628066
61448,0.47524177641179227
61449,0.284844510339235
61450,0.634519460788764
61451,0.04337043801731928
61452,0.17761184977107958
61455,0.03316083525336951
61456,0.18127751764635844
61457,0.029280103081852717
61458,0.3994460858251699
61459,0.33969754374488564
61462,0.17982744886759172
61463,0.13910332707871706
61464,0.1745240014049611
61465,0.0361075620475413
61466,0.45383745355629546
61469,0.1727675478799444
61470,0.027273560711768757
61471,0.5087802079337005
61472,0.018287451696069934
61477,0.015453410469079202
61478,0.46823928916866664
61479,0.21672066765861284
61480,0.15920382962581525
61483,0.03426676691475523
61485,0.06802057104477778
61486,0.056569718728977585
61487,0.03678506437236659
61490,0.418443250954783
61491,0.027559188259022784
61492,0.044762949501387234
61493,0.0729013407390012
61494,0.022211666306590213
61497,0.04563110938969664
61498,0.30415551678630154
61499,0.12770396696627284
61500,0.09997338383179949
61501,0.5310028258895079
61504,0.017306934060588818
61505,0.4015573244823673
61506,0.046045034187605846
61507,0.09534077837150262
61508,0.5941446019486706
61511,0.019357738481059386
61512,0.02554666122884794
61513,0.08893333252220433
61514,0.2738397111299636
61515,0.41209304004236197
61518,0.16401774113118994
61519,0.2474503778415719
61520,0.09498560527758698
61521,0.01647398688095977
61522,0.07320657561421244
61525,0.022025951050253664
61526,0.054772910070703916
61527,0.10696779789251785
61528,0.02518238282478619
61529,0.10852985764048895
61532,0.023848648650016454
61533,0.215312670978413
61534,0.40050931473170975
61535,0.025072751446615315
61536,0.06964317388311664
61539,0.022020309560678998
61540,0.018279543335625932
61541,0.5333567808689651
61542,0.09675745149943242
61543,0.1564741091751777
61546,0.06003540552298327
61547,0.031643063483506186
61548,0.2242003552993334
61549,0.07810269037991827
61550,0.043721149369691494
61553,0.3915686379018761
61554,0.02921746301348904
61555,0.06463259555150473
61556,0.017407837430157936
61557,0.17885175699479253
61560,0.43274614484447615
61561,0.09446274390868382
61562,0.4712453204369761
61563,0.016098287406765242
61564,0.5641712397046476
61567,0.03671802454573067
61568,0.0878861883809486
61569,0.15981602795993
61570,0.5084279461989611
61571,0.06061265286427142
61574,0.06977193551706887
61575,0.22336600681132787
61576,0.020126526981748376
61577,0.20434105970104027
61578,0.11706894282308719
61581,0.08166468624996771
61582,0.44551818484451766
61583,0.018473482847479152
61584,0.15596250518392502
61585,0.47986967234576094
61588,0.14846094738791077
61589,0.06571415218568072
61590,0.09150707302890937
61591,0.04578001788319522
61592,0.5284856870177598
61595,0.21983456722666264
61596,0.028372297636429223
61597,0.48122634174845796
61598,0.02468293787686088
61599,0.45956326917182744
61602,0.026728274159858956
61603,0.16402276241985658
61604,0.06259503522715096
61605,0.36369009861310886
61606,0.5069951960210952
61609,0.28554873094330296
61610,0.4001811334662803
61611,0.19725813708732814
61612,0.09094244535525717
61613,0.0683723982037739
61616,0.031607706115843626
61617,0.052748868317599125
61618,0.06327060569743438
61619,0.13463887415242679
61620,0.10612279132442813
61623,0.13316316275576437
61624,0.025816408615699622
61625,0.27020381824474476
61626,0.6387627795499368
61627,0.05365243363975193
61630,0.30019515946890507
61631,0.021441979959536256
61632,0.024151444221315516
61633,0.48628513882556856
61634,0.4339358847970042
61637,0.09752687808102442
61638,0.06293409236724583
61639,0.22714021338082502
61640,0.04162302199329048
61641,0.06645300676926104
61644,0.18742333797466978
61645,0.5919990616089424
61646,0.03657292182708531
61647,0.285973419423101
61648,0.02644116017203681
61651,0.12977164842130673
61652,0.07103207333222424
61653,0.022780205648633246
61654,0.023605779316649696
61655,0.15644555205506738
61658,0.2922358821289559
61659,0.033130306333167714
61660,0.12339883558697981
61661,0.3117191187919955
61662,0.020139233522505975
61665,0.3044441940679386
61666,0.590590310250987
61667,0.603260778462619
61668,0.059524873573681095
61669,0.05115160884625154
61672,0.19703713296454298
61673,0.19033274190904814
61674,0.17656539885519854
61675,0.047584927554692465
61676,0.521321235707344
61679,0.018235386742663187
61680,0.27681366933977714
61681,0.013890501046464157
61682,0.33681630617480757
61683,0.03341698069958215
61686,0.2757287552832105
61687,0.47743501825142304
61688,0.022415557472922357
61689,0.023851459932862338
61690,0.13769969895558534
61693,0.043524455459671776
61694,0.07618110959387062
61695,0.02435511862413383
61696,0.19352836852919555
61697,0.08660148978607668
61700,0.10033183533907822
61701,0.1665231095214251
61702,0.0209608553024643
61703,0.34372342326478383
61704,0.3660917787157647
61707,0.0704177997272975
61708,0.051598192443091793
61709,0.30753047866137706
61710,0.1443315641909623
61711,0.01690913200676574
61714,0.25153440789162806
61715,0.04941394603061435
61716,0.03745096654200586
61717,0.11554990050954919
61718,0.017477366561297468
61721,0.037919454745689356
61724,0.11115425723596255
61725,0.07228639632877525
61728,0.044883907694892006
61730,0.06612379169309648
61731,0.02186225348391333
61732,0.16403143267126397
61735,0.20437032986521905
61736,0.2849409647931312
61737,0.562534819100685
61738,0.5512582096668526
61739,0.022560624415779253
61742,0.04728850525240936
61743,0.05065864657229637
61744,0.06047975761249724
61745,0.024417563354349053
61746,0.10164185251517698
61749,0.022475180711260256
61750,0.16208086188618145
61751,0.018069259829496885
61752,0.04363892182370588
61753,0.2406388013780569
61756,0.07338690782507266
61757,0.08274148869272921
61758,0.38158454480682713
61759,0.06603367130848674
61760,0.192432404472426
61763,0.5311929075134869
61764,0.016542508218302276
61765,0.05430578895247457
61766,0.02182605669455356
61767,0.047486623439220756
61770,0.1632536335205021
61771,0.08932381320775953
61772,0.04749740694634894
61773,0.015778888735257998
61774,0.24346546901816393
61777,0.02193200283235768
61778,0.01812858799524736
61779,0.048422822843374395
61780,0.017621627577645932
61781,0.1391539067741985
61784,0.01618055401219331
61785,0.04266460961775237
61786,0.5524079663360217
61787,0.019334328145545577
61788,0.09938758872923267
61791,0.10909332124113746
61792,0.07227781930104397
61793,0.364179142752659
61794,0.10537274810176119
61795,0.02588402466030093
61798,0.6119890727774907
61799,0.22544185312041648
61800,0.6436737088400667
61801,0.12952661188936934
61802,0.03850911540760495
61805,0.02927872222581545
61806,0.01658354207758917
61807,0.06124349560445045
61808,0.24182176210083514
61809,0.01798080960342674
61812,0.03201980959383485
61813,0.06983226516357795
61814,0.043609871921581916
61815,0.017941554599277182
61816,0.04084667250057214
61819,0.15530747517706522
61820,0.04071309621374308
61821,0.5553932305277334
61822,0.14474395965912987
61823,0.13395479190423534
61826,0.33957846603965897
61827,0.5936344032677807
61828,0.38667750740256324
61829,0.050994601184933354
61834,0.028693814671327797
61835,0.013924085344780512
61836,0.16884500719705875
61837,0.06311878858095031
61840,0.016959756577142146
61841,0.33896108906423567
61842,0.03981002569751692
61843,0.03442178033501313
61844,0.4591488124381148
61847,0.02274489098120007
61848,0.027424596684044143
61850,0.5698367322436949
61851,0.4552384606621456
61854,0.5359276718849625
61855,0.17628000919249426
61856,0.08933802422984492
61857,0.08165448674494492
61858,0.22881613554003413
61861,0.018632549885196345
61862,0.15458716373069928
61863,0.5432527417331997
61864,0.20144792661502936
61865,0.08194523609813799
61868,0.1322062268161032
61869,0.223146449970604
61870,0.38880512036161696
61871,0.026644584284544977
61872,0.013365018841669931
61875,0.1794953486632615
61876,0.14650086598883066
61877,0.05828088694552456
61878,0.0393958032862609
61879,0.14062344516237948
61882,0.019022345752769964
61883,0.07300418059596464
61884,0.11192785331309658
61885,0.05204709979458372
61886,0.015766301123751807
61889,0.029209003126285906
61890,0.5545376670952514
61891,0.17725892049999672
61892,0.1033480575621005
61893,0.1899619682480152
61896,0.04214951683331593
61897,0.0257617404515423
61898,0.037307658469194926
61899,0.013624389643239901
61900,0.2236183876859059
61903,0.02126924328382037
61904,0.032465982823797965
61905,0.15750152752567584
61906,0.03684358944495696
61907,0.43150869158226196
61910,0.02967113364676266
61911,0.08096330073807435
61912,0.20678342492186616
61913,0.049966044231153625
61914,0.052798032904230636
61917,0.28565666866063255
61918,0.5751748327833487
61919,0.11893153098688423
61920,0.06991135058091462
61921,0.021043020912946804
61924,0.017185055038971286
61925,0.08190497287376922
61926,0.03397279551263365
61927,0.1161936323173789
61928,0.03499940708571031
61931,0.290617772856539
61932,0.15164207899976856
61933,0.05415585858945755
61934,0.6030508530469242
61935,0.03833149430359062
61938,0.024609954600657458
61939,0.1357490095202389
61940,0.11213248067148243
61941,0.02312272677109165
61942,0.031081538268083627
61945,0.20947424694030317
61946,0.18204026504601314
61947,0.0453522604309185
61948,0.07132542166524848
61949,0.34286034688348443
61952,0.19221240697008943
61953,0.019052562500146576
61954,0.04367081631757651
61955,0.01359667701810001
61956,0.032053654514376355
61959,0.01613773366469313
61960,0.2773072507030471
61961,0.03146265095394063
61962,0.5976689441560376
61963,0.046672875725351566
61966,0.1027643270965778
61967,0.16610985609522486
61968,0.02199469272314498
61969,0.02270227900862752
61970,0.5926507365773571
61973,0.059232991057744815
61974,0.15281198355516754
61975,0.12665677174252388
61976,0.024729335432388668
61977,0.19178197883732526
61980,0.015982456882870644
61981,0.3195367032264636
61982,0.04799235279364848
61983,0.046248487116343155
61984,0.24029629356709564
61987,0.1806911197671755
61988,0.024394881317134083
61989,0.0324827617628692
61990,0.17757732483353716
61991,0.07943342194808994
61994,0.5073331646073187
61995,0.2847274117509744
61996,0.09588864560014297
61997,0.4611008587156086
61998,0.023535697251570113
62001,0.03848275091707589
62002,0.015854846083511964
62003,0.042360934431404755
62004,0.016049166584995993
62005,0.0731058928642397
62008,0.06105418491533003
62009,0.013882216355393013
62010,0.05176189821539506
62011,0.5724349638432197
62012,0.03753114940482248
62015,0.018359985062239587
62016,0.028277699999459133
62017,0.06501543451735704
62018,0.04608198533140316
62019,0.013143451379715022
62022,0.4521244164297814
62023,0.04677859794059821
62024,0.21177403875190787
62025,0.05203364564290546
62026,0.05911385711574925
62029,0.35299692473337585
62030,0.2861857348876079
62031,0.05589344025501564
62032,0.38977559262364847
62033,0.22732046001029801
62036,0.02408086634821751
62037,0.17807368256787742
62038,0.09446090042217142
62039,0.015857966094012202
62040,0.2638817968118103
62043,0.139102028558189
62044,0.059196834887895546
62045,0.0329217003621767
62046,0.018493797592198807
62047,0.01750930885803624
62050,0.030238492413437876
62051,0.2624147363004981
62052,0.5852411176356698
62053,0.14217240942107753
62054,0.36935923549554944
62057,0.03920481178055209
62058,0.04759924228225343
62059,0.5425215834562596
62060,0.023819403406357582
62061,0.2419154305993369
62064,0.117281427454499
62065,0.04627711063273392
62066,0.1185561923320274
62067,0.11311760808350213
62068,0.4979200929810354
62071,0.13230585041984108
62072,0.0315267712507156
62073,0.017414828769125434
62074,0.12611099798066264
62075,0.12117202676559456
62078,0.04025296553919501
62079,0.015593458679355967
62080,0.22465740718363245
62081,0.11341308987786426
62082,0.0278203048146315
62085,0.058022653740412974
62086,0.4165783782796724
62089,0.05399311356118877
62092,0.3082189916281228
62093,0.08584206149755128
62095,0.07964329831120288
62096,0.020197055654543248
62099,0.10356901357624536
62100,0.21352702606701918
62101,0.25861011617541496
62102,0.020323787594678996
62103,0.3277404024827617
62106,0.11959323815608779
62107,0.30736031828832794
62108,0.030253585444268333
62109,0.09867565012726486
62110,0.16063969457325242
62113,0.15438211563325832
62114,0.0221109937563206
62115,0.07200803796074176
62116,0.03760913797012677
62117,0.018503660974603854
62120,0.018148836491802864
62121,0.17547732297883753
62122,0.014840493890341973
62123,0.583696356644785
62124,0.14487153789852505
62127,0.01854855341969986
62128,0.21704357047046566
62129,0.2183639728717236
62130,0.19423426472623206
62131,0.05695609799278097
62134,0.11340995027202945
62135,0.036170092011079534
62136,0.018572399726531026
62137,0.04452226371170448
62138,0.2863489340153571
62141,0.01597031545422936
62142,0.22564755262163572
62143,0.35536454486202484
62144,0.45062791560488297
62145,0.06897623448818092
62148,0.4099730860289765
62149,0.3712394330418052
62150,0.1958409589893371
62151,0.21062621252586558
62152,0.05858959507996351
62155,0.025204888153873298
62156,0.03139259221483625
62157,0.22713697615159
62158,0.243131215422947
62159,0.013939459278225076
62162,0.622727970068433
62163,0.019594847334784584
62164,0.2911953838085777
62165,0.014978148005638974
62166,0.16531589538143673
62169,0.11197226582592311
62170,0.038817925980647025
62171,0.0623650204820952
62172,0.18199056347079662
62173,0.07131044211882968
62176,0.03530360242525404
62177,0.5436018538033041
62178,0.6151511037587478
62179,0.1042208542526024
62184,0.3807974825981192
62185,0.04587231656910129
62186,0.2746169151195371
62187,0.11507881435732951
62190,0.29300265560919003
62191,0.07262805886923765
62192,0.40526562770932545
62193,0.5864385464553531
62194,0.5245777498407107
62197,0.01444723837275484
62198,0.3649884336369653
62199,0.038383622780584735
62200,0.4905586474790282
62201,0.4179824018722551
62204,0.08484567825924609
62205,0.10106749934650384
62206,0.014567552253563217
62207,0.014959959333084165
62208,0.028867461544992395
62211,0.05847853306610259
62212,0.10503022704169886
62213,0.15561409338043475
62215,0.014795559939406145
62218,0.05821918574616413
62219,0.06400564616345197
62220,0.2550758748700243
62221,0.5333480494139334
62222,0.014880699602878085
62225,0.18402976361763257
62226,0.11012173056216829
62227,0.4067564640903128
62228,0.022872263006728493
62229,0.5752724420257421
62232,0.023119647223168057
62233,0.3671079297365459
62234,0.01873960441001591
62235,0.035004015578416856
62236,0.333035450678733
62239,0.0672503118998613
62240,0.18453309730046213
62241,0.3153928045238241
62242,0.02086097049502686
62243,0.12839162775861357
62246,0.13091753757501332
62247,0.3259322676100326
62248,0.13922218811933357
62249,0.019817986939924426
62250,0.1507137701936987
62253,0.014387909385976196
62254,0.01469134960117744
62255,0.3599180976117838
62256,0.31621694512728055
62257,0.02049849515895182
62260,0.1337400243101723
62261,0.6305664580078806
62262,0.2149504825149899
62263,0.058990558195343795
62264,0.026361609544021312
62267,0.376567039331529
62268,0.412528484592478
62269,0.01612050534601609
62270,0.031906324072905154
62271,0.06078491435398369
62274,0.0296620308805963
62275,0.11555966386651906
62276,0.0309484485886286
62277,0.14511901908521782
62278,0.24175273376141862
62281,0.034777144909262134
62282,0.11976924062076622
62283,0.01267306105151504
62284,0.15853306790972096
62285,0.016078394855742816
62288,0.015360131557206839
62289,0.2436952298979498
62290,0.02631796315385728
62291,0.11338331731419893
62292,0.016321893735548605
62295,0.10584906621636898
62296,0.03261154503326055
62297,0.09892208837081033
62298,0.25759131443668565
62299,0.28863468116242164
62302,0.11673373613080339
62303,0.03113672906196061
62304,0.05684994439878511
62305,0.04067779459093083
62306,0.2069294235757868
62309,0.09319366731272971
62310,0.5364283866923082
62311,0.024244613819477658
62312,0.01215278629957497
62313,0.1255567189818852
62316,0.613174888207237
62317,0.3244775265239999
62318,0.0468890715380476
62319,0.055129422690495346
62320,0.027249347930640724
62323,0.23153587550889337
62324,0.030002537197199745
62325,0.04062262579049451
62326,0.1755840406291271
62327,0.07189753462801944
62330,0.3548224747496861
62331,0.10429737457262865
62332,0.018691234322433636
62333,0.1182498034317635
62334,0.02207724596296182
62337,0.059981412556576304
62338,0.29653339037840976
62339,0.06220215210377757
62340,0.08407011536397109
62341,0.12931320681347822
62344,0.3961022896589021
62345,0.12020719148543263
62346,0.47803650542449316
62347,0.4306279771907801
62348,0.12054298505235528
62351,0.187811824179032
62352,0.015565963021728772
62353,0.1415753263095924
62354,0.030508295977623362
62355,0.07609011937986268
62358,0.03783154642005952
62359,0.2250808705595752
62360,0.014545965192269934
62361,0.07606654065577365
62362,0.02267135778953613
62365,0.14755944379200409
62366,0.42771829333438294
62367,0.04266644791641911
62368,0.6201511368188022
62369,0.0946895491736228
62372,0.2946829603768111
62373,0.05134427827894212
62374,0.012463878771399376
62375,0.09884240307457076
62376,0.023889716923456185
62379,0.08296954477156093
62380,0.08703975617583311
62381,0.015150700841516691
62382,0.017824002597294487
62383,0.02709554787655353
62386,0.19413752898632586
62387,0.07134008700327464
62388,0.25970915831051805
62389,0.10712419235597943
62390,0.09107334523373557
62393,0.022480012383820983
62394,0.01734279773421275
62395,0.120435984602837
62396,0.5953214426782993
62397,0.01989285704097062
62400,0.3168411926785134
62401,0.05222600155278236
62402,0.5780399791719437
62403,0.12786303628816897
62404,0.012042246420401873
62407,0.42597701489365125
62408,0.11591707387935753
62409,0.1853707749816041
62410,0.016654743863114926
62411,0.019230739312711232
62414,0.24512883194122226
62415,0.4606303079588798
62416,0.0509925414780717
62417,0.16463605454228267
62418,0.04252551006813467
62421,0.5612563696960656
62422,0.373048594783678
62423,0.040105596073391515
62424,0.2712600578139817
62425,0.020096157485164367
62428,0.5042843123262536
62429,0.26776952424475037
62430,0.011365137588195292
62431,0.11127250976761592
62432,0.03744181833973837
62435,0.3055455497651339
62436,0.054475025559562025
62437,0.03406872279463923
62438,0.1794311616334091
62439,0.022488553951491387
62442,0.0558530058424874
62443,0.13266816554404398
62444,0.06716946107267441
62445,0.06216832485078148
62446,0.3271684565626214
62449,0.1254788639578051
62450,0.15942422102859272
62451,0.12637775811872523
62456,0.02945901150680554
62457,0.09079443592851096
62458,0.014271857106741847
62460,0.1947194383427225
62463,0.11885721191594889
62464,0.026490351063888366
62465,0.07015664863689883
62466,0.06986121210370823
62467,0.514266369356868
62470,0.1272548350741139
62471,0.21341975061247784
62472,0.011200116776552568
62473,0.1832556941214193
62474,0.017813617170383923
62477,0.041343728837344995
62478,0.16054981135183238
62479,0.07070664090335689
62480,0.021250932938195587
62481,0.017864420032752737
62484,0.33318425547048514
62485,0.16129934920821978
62486,0.16414689519022163
62487,0.5378946253013771
62488,0.056576402614914076
62491,0.02000479988822846
62492,0.13596248584206536
62493,0.03182970043735526
62494,0.05015931593086242
62495,0.13921476759361393
62498,0.35999495456923397
62499,0.03600211122999313
62500,0.019982591091959653
62501,0.039578101629698575
62502,0.5929021411980797
62505,0.2653269296009476
62506,0.48093779135772885
62507,0.0631284140173792
62508,0.029683693767263028
62509,0.40706801895298406
62512,0.021280792209470434
62513,0.06698656673968587
62514,0.038823867314512824
62515,0.01239680290382683
62516,0.45381722745836117
62519,0.016462059848490578
62520,0.38199274264435096
62521,0.12936885521103456
62522,0.020131954471024095
62523,0.0161133649172012
62526,0.08159543331565954
62527,0.05714234213900038
62528,0.03596284248815613
62529,0.021681762648150284
62530,0.38895179026247717
62533,0.023751883323813693
62534,0.09023812499473396
62535,0.10218393587658892
62536,0.11388131185567865
62537,0.08052480922524302
62540,0.013705541133712237
62541,0.06868728007251179
62542,0.013253542591680635
62543,0.3061012040858274
62544,0.03359224024383134
62547,0.023468591492724893
62548,0.040300815551080046
62549,0.0540347972359545
62550,0.06410977689774024
62551,0.019237194463428458
62554,0.022552070215085894
62555,0.38716860409722215
62556,0.020202986351279772
62557,0.11819787254937321
62558,0.2268629845737695
62561,0.018513573898299926
62562,0.1098021561381026
62563,0.023754717906896282
62564,0.21796221708447674
62569,0.6261921888349608
62570,0.08473082405751639
62571,0.42314464226979087
62572,0.02953157522424365
62575,0.20679478394990686
62576,0.10453271722387114
62577,0.4463558237751622
62578,0.1980165101045195
62582,0.026388053272327003
62583,0.3430683510580989
62584,0.04558404377885058
62585,0.015159003906675213
62586,0.039888327897530704
62589,0.023360861624166084
62590,0.40793262115833717
62591,0.2289396543273893
62592,0.01661118193276436
62593,0.03450144999421385
62596,0.046913822455410946
62597,0.042497195766189065
62598,0.11750877013497324
62599,0.5301679544024062
62600,0.025969384988036793
62603,0.039938840164475964
62604,0.0924595758201182
62605,0.016208939837348172
62606,0.1613758373640606
62607,0.19137898833008737
62610,0.018070892587315122
62611,0.024613853141495202
62612,0.07775490344151662
62613,0.37280815744967744
62614,0.2642520896427494
62617,0.043657760473494504
62618,0.1320160570984354
62619,0.020912878918641277
62620,0.013156928476420686
62621,0.023706887296364398
62624,0.13601858757650126
62625,0.02538267390818216
62626,0.15128012498243246
62627,0.32109560722610164
62628,0.5542783270090726
62631,0.13144313558425194
62632,0.015852276540187216
62633,0.23929275262163074
62634,0.273214106401684
62635,0.012083817296381272
62638,0.5734028213788359
62639,0.025606039988566993
62640,0.17078822889288775
62641,0.544827681870943
62642,0.014918458634242326
62645,0.35879238643500333
62646,0.06654493982547542
62647,0.2070820387040164
62648,0.48635692468213976
62649,0.5176685779079458
62652,0.39576006764224075
62653,0.4741267737659153
62654,0.02829473952207133
62655,0.08711513512052382
62656,0.15612909011830584
62659,0.11461265446770659
62660,0.01418857353151197
62661,0.015281273882315552
62662,0.03394048028807659
62663,0.016993053311774742
62666,0.17151992317219703
62667,0.1333560821017261
62668,0.05145798231979069
62669,0.04940261949634005
62670,0.08830989997780851
62673,0.12300815746641076
62674,0.01118397763154422
62675,0.021980135133560574
62676,0.10683754285906343
62677,0.03226476476217904
62680,0.21026820662194678
62681,0.42082760499260424
62682,0.14970893772504154
62683,0.121693330894147
62684,0.592728671662089
62687,0.022495790916195073
62688,0.14551697725882762
62689,0.05876053382625869
62690,0.46832789847408957
62691,0.30950654442507525
62694,0.01652124923453445
62695,0.052276211370643866
62696,0.012880509086097499
62697,0.010556232452938514
62698,0.13799114549202796
62701,0.18613612321103248
62702,0.0187503693126291
62703,0.010544907312058883
62704,0.047893807319188186
62705,0.02428450541999395
62708,0.025639413155605712
62709,0.14747684007195178
62710,0.060046462442026806
62711,0.020757125639367352
62712,0.03762011428066386
62715,0.5810103224910169
62716,0.15907298323262778
62717,0.3501805545916645
62718,0.24348209874464943
62719,0.015388509803057946
62722,0.5445412977133555
62723,0.25690696635447935
62724,0.17767111537444796
62725,0.05027711323896816
62726,0.07062721412081889
62729,0.2584017160539854
62730,0.3226021831420591
62731,0.23942026260592325
62732,0.08033426231332133
62733,0.20783985599949067
62736,0.012887634626753058
62737,0.09410077294133322
62738,0.49736554788317566
62739,0.03159642214602007
62740,0.16386259259108524
62743,0.04311209970196512
62744,0.2005614767994799
62745,0.06056435936189025
62746,0.026449009596906988
62747,0.013929145378070076
62750,0.21626616013989733
62751,0.15966913421172546
62752,0.09374600585623132
62753,0.013955547297390897
62754,0.015513775423063838
62757,0.4372980950132355
62758,0.36778504942253726
62759,0.08235225918266387
62760,0.4081191324710871
62761,0.152606227242485
62764,0.3435698568043297
62765,0.04613155880532185
62766,0.012687819756164651
62767,0.010442275523823047
62768,0.13495347512900455
62771,0.05367253809769199
62772,0.01859852715108119
62773,0.3900194386358241
62774,0.036941849641918996
62775,0.11740806215747215
62778,0.27055899570454217
62779,0.12033005125022321
62780,0.4625855370794642
62781,0.036013130751303746
62782,0.2232136608460806
62785,0.17521907145124438
62786,0.3839620278093799
62787,0.0179019314434746
62788,0.08269686440122848
62789,0.05977117228333956
62792,0.06041342308232215
62793,0.1163432796353379
62794,0.2858302958766889
62795,0.029253396155541882
62796,0.3743999603680259
62799,0.41190484577479985
62800,0.03376070019046034
62801,0.26709060041458127
62802,0.17828497985968333
62803,0.08895411757397412
62806,0.09893754917688358
62807,0.033931489303579
62808,0.04821270340107636
62809,0.044207615094043834
62810,0.03315300053075732
62813,0.18880575109843378
62814,0.16698284231836852
62815,0.10355794015197434
62816,0.1775218121130446
62820,0.010806113854430532
62821,0.021884808268454608
62822,0.3200460098459333
62823,0.6174350491648141
62827,0.5294141115696787
62828,0.23041276548875883
62829,0.39391910007960984
62830,0.06968784596199594
62831,0.018208125632481663
62834,0.030036634403807976
62835,0.25902021345353704
62836,0.12118269778173718
62837,0.07733339500691996
62838,0.022149598477382623
62841,0.01963945799272006
62842,0.014662557538300251
62843,0.07683201736509516
62844,0.03573174382804145
62845,0.3976456634005445
62848,0.060883368183692055
62849,0.2256264906893077
62850,0.10578241660634338
62851,0.045781890339033564
62852,0.21795471558727228
62855,0.5086650115416795
62856,0.6051140992959189
62857,0.5759465157752705
62858,0.6098163886082192
62859,0.3997247273751609
62862,0.2341213929896634
62863,0.25249881107287525
62864,0.010596485190171102
62865,0.17769475112033362
62866,0.3723014557864793
62869,0.06583708699876346
62870,0.018042048912369046
62871,0.03801044748909986
62872,0.18502100754325046
62873,0.061559878182698924
62876,0.03260227093635456
62877,0.030853928464878052
62878,0.03981562171484593
62879,0.017069163514483936
62880,0.017114977781107942
62883,0.05719886501418723
62884,0.1061176518096578
62885,0.04409990641868641
62886,0.0211938765194287
62887,0.6161508605506112
62890,0.010297608522527807
62891,0.2953349847056156
62892,0.08964946757248932
62893,0.016925563602848127
62894,0.24789895410460497
62897,0.08718432222900456
62898,0.3637262098981492
62899,0.12235138766303608
62900,0.3022813761846389
62901,0.13937746213534516
62904,0.13375338021217156
62905,0.010205822114916325
62906,0.010133708581271727
62907,0.3914097827945884
62908,0.03092973337132138
62911,0.5084467786002084
62912,0.5560421122351245
62913,0.4069475212592184
62914,0.011421680101321049
62915,0.012648460548700894
62918,0.2815488545167521
62919,0.32190664660658486
62920,0.23193970880794126
62921,0.07395830907413
62926,0.05900339050723919
62927,0.2507899924432426
62928,0.02711658815518859
62929,0.17394461188600507
62932,0.013612979099775433
62933,0.0410394696850785
62934,0.1026029874999453
62935,0.0235750824411913
62936,0.020978368068635067
62939,0.18811275752475895
62940,0.15325613104103006
62941,0.01282265799399834
62942,0.3173311358982634
62943,0.5284787353112166
62946,0.09516036773946564
62947,0.022432263649289547
62948,0.025361726435477582
62949,0.013701679793780508
62950,0.06841071665520786
62953,0.4150872535157828
62954,0.054263143577134396
62955,0.024623543888172762
62956,0.426830211664147
62957,0.30672654158930274
62960,0.5980879847813045
62961,0.05308852248591853
62962,0.015655781382468086
62963,0.03850453102158274
62964,0.010519893611871773
62967,0.4839940334767483
62968,0.014608078163382271
62969,0.02115682205711479
62970,0.16985477001655003
62971,0.010879351505874754
62974,0.18946052951035444
62975,0.015439447076293814
62976,0.015996221865700974
62977,0.02671824626337369
62978,0.06003099186641592
62981,0.38141099094750136
62982,0.06841357374845647
62983,0.14203615015403484
62984,0.023096682188516605
62985,0.026620077139716352
62988,0.014080859965516827
62989,0.5912620243961906
62990,0.021496496613542183
62991,0.012526461558776302
62992,0.02333790390130638
62995,0.36523435447262304
62996,0.4479429174767478
62997,0.576457018298834
62998,0.045559873753114766
62999,0.04537552763583817
63002,0.010202924085483869
63003,0.11928635939985713
63004,0.15721360091752282
63005,0.04633020169950616
63006,0.01999176715560059
63009,0.01255648129436802
63010,0.021940423688204147
63011,0.10573160973466925
63012,0.04428729623500211
63013,0.01755719601145285
63016,0.08088597257940046
63017,0.2541031479960853
63018,0.3091886138418675
63019,0.6280737269158951
63020,0.031215568547352506
63023,0.3949335460855405
63024,0.22670400803993737
63025,0.18083863272898568
63026,0.06032826909232236
63027,0.11897020931761204
63030,0.03737811217194764
63031,0.4978291664600617
63032,0.3740930012915379
63033,0.07783049531358754
63034,0.15341785948180242
63037,0.18218582810516468
63038,0.47452231970377357
63039,0.014795079546579538
63040,0.03472276434020515
63041,0.37754781191307174
63044,0.4783499051790432
63045,0.010606223529295017
63046,0.03626228900532251
63047,0.10936863341430303
63048,0.03325839596152017
63051,0.02644446879681849
63052,0.0239475734918102
63053,0.08484941944692756
63054,0.10372692221386313
63055,0.5995239600258364
63058,0.012940737473853934
63059,0.05012283661214733
63060,0.26799478104216284
63061,0.013313130046067758
63062,0.013572868537223521
63065,0.009935371378780554
63066,0.016093110058915464
63067,0.009578379211359721
63068,0.22503214366190757
63069,0.018375275631457983
63072,0.019903505955520873
63073,0.2382795196340105
63074,0.415304313702195
63075,0.010322588402774627
63076,0.18131363284822263
63079,0.016256757957877045
63080,0.6166689503190242
63081,0.5744507289241917
63082,0.08885780473861704
63083,0.230438055276142
63086,0.0346946669570196
63087,0.05843664239205425
63088,0.4531493691278126
63089,0.3169724108872278
63090,0.12304541456972919
63093,0.2877488553818789
63094,0.02253715857046586
63095,0.10932082444109151
63096,0.4236439340970995
63097,0.08205074005282188
63100,0.42819763389062454
63101,0.36485954435526785
63102,0.22919729569936037
63103,0.01695281712384515
63104,0.01289422541424556
63107,0.01947760353511264
63108,0.1540261988374365
63109,0.19953584660578225
63110,0.06236853643244398
63111,0.030178040614962466
63114,0.009633060098797068
63115,0.3605439915593837
63116,0.5095064830929646
63117,0.03383459298413092
63118,0.018946723060675102
63121,0.017841810834901627
63122,0.03613722258312978
63123,0.011339239095808695
63124,0.07305686977017958
63125,0.013421161307234458
63128,0.010685816605188497
63129,0.01774766180754857
63130,0.17020846595774416
63131,0.27441978111986215
63132,0.06241695279472589
63135,0.09309351669358643
63136,0.015577178747648987
63137,0.4111863967224921
63138,0.21169669925076479
63139,0.026451314327596082
63142,0.4199044816254648
63143,0.16228182856796408
63144,0.12269125286691626
63145,0.04551827355917157
63146,0.32179018758861805
63149,0.016691325705224233
63150,0.09506583323852678
63151,0.013154353969118746
63152,0.08723964878025019
63153,0.19654764039812642
63156,0.34444542891859603
63157,0.6163126444016522
63158,0.06647862215707133
63159,0.3985659885751512
63160,0.12011313306889736
63163,0.05221265302335279
63164,0.19580821046964775
63165,0.29904106572844025
63166,0.023876974580443078
63167,0.011555661779401843
63170,0.40977359823067505
63171,0.3247196090991765
63172,0.010914665834767407
63173,0.533642960842184
63174,0.010127519739784966
63177,0.6136308506612713
63178,0.015686822858150207
63179,0.17109284023125515
63180,0.011922117331295732
63181,0.1642523857447561
63185,0.03952852891886145
63186,0.4462655758457885
63187,0.22492126780723995
63188,0.023867300416692862
63191,0.06710809118905145
63192,0.012430243488493475
63193,0.10230895527600703
63194,0.015882555598596703
63195,0.09391615730396356
63198,0.009994026833022761
63199,0.01084527419404769
63200,0.15569441502837747
63201,0.01481234391070456
63202,0.01741073748185417
63205,0.25670461804455136
63206,0.04469708083325296
63207,0.459890707077776
63208,0.018205811636772783
63209,0.2989695890601071
63212,0.46343107864674776
63213,0.1151186387210954
63214,0.05452895521744895
63215,0.01682934241402753
63216,0.01015854399897202
63219,0.09742757160754337
63220,0.4840312151344714
63221,0.026290521905101755
63222,0.05722966627761242
63223,0.09397577667066713
63226,0.16887069442648453
63227,0.07457856432694054
63228,0.14907881239162804
63229,0.025383431914574397
63230,0.0625391573736468
63233,0.0152718234350382
63234,0.06259137309146684
63235,0.22787229466165573
63236,0.017018739146189444
63237,0.05904186761701715
63240,0.2601885349753899
63241,0.04456173822679287
63242,0.13731826522052015
63243,0.017478504206533216
63244,0.09158208270946222
63247,0.028781860343354723
63248,0.4166774049652388
63249,0.11665210251626039
63250,0.009689942314474289
63251,0.020315673650402905
63254,0.3170523727589078
63255,0.19241395712662046
63256,0.154306034812094
63257,0.03965183829661533
63258,0.02522817739017674
63261,0.026023018002186277
63262,0.07187030933725383
63263,0.020058721642974543
63264,0.09783064304297705
63265,0.36916693207840107
63268,0.05696880586792519
63269,0.010992316085272838
63270,0.021599960725028098
63271,0.05359828660715613
63276,0.040112003231640214
63277,0.012029369338276606
63278,0.10133342939939437
63279,0.1528930643007816
63282,0.009854436924993293
63283,0.015970327359014196
63284,0.15832402145801372
63285,0.0870979060308546
63286,0.10709015979692364
63289,0.3312196662279048
63290,0.010678759241181076
63291,0.1120275064120109
63292,0.015151310523599673
63293,0.2790855036228179
63296,0.06083939886185722
63297,0.5633497742488166
63298,0.024256852579343957
63299,0.05284433381666207
63300,0.043699753758656756
63303,0.5005581456103587
63304,0.2543088683200038
63305,0.45465572264573223
63306,0.18261174097562655
63307,0.04330244393648123
63311,0.05614429882998444
63312,0.04616911580414284
63313,0.060316455159175796
63314,0.19522042129535097
63317,0.220337028335756
63318,0.3479707097854757
63319,0.016830959696524365
63320,0.04526190896959355
63321,0.28189888834120513
63324,0.29321559117764745
63325,0.015177590857271947
63326,0.026419647108383033
63327,0.037658110353719916
63328,0.11029755871709208
63331,0.20429628116345755
63332,0.009632077432061072
63333,0.020917171882305487
63334,0.17240159409060804
63335,0.016875191600265786
63338,0.0245960908347462
63339,0.17579675087876523
63340,0.10127027103756603
63341,0.2821547271770949
63342,0.388164738272293
63345,0.028650804861895033
63346,0.1992586232840108
63347,0.018919699899935822
63348,0.008952620762489798
63349,0.4493376723324708
63352,0.08293788982495477
63353,0.020399979432114385
63354,0.0215677214074304
63355,0.024395525179569656
63356,0.14065418576688685
63359,0.08991556351278795
63360,0.04925510814191999
63361,0.009784481189208882
63362,0.1540207902928325
63363,0.012144769252421096
63366,0.19732779779213408
63367,0.009158064780914833
63368,0.03567358114829991
63369,0.08616582316202208
63370,0.04545279997936434
63373,0.19454516136684755
63374,0.19316786779773568
63375,0.38334823884247526
63376,0.38251679276595696
63377,0.14111420245315895
63380,0.023970593947957135
63381,0.0464253327431352
63382,0.40157401212631444
63383,0.01635528680126497
63384,0.047727612423895054
63387,0.010275097998542367
63388,0.0355482562913881
63389,0.29441104352131486
63390,0.08222197508750693
63391,0.03897641072643278
63394,0.5513029803928069
63395,0.5836544429809924
63396,0.35783126291313927
63397,0.2122066800055669
63398,0.0992160021787888
63401,0.07743693102903378
63402,0.34475734765308863
63403,0.03496321248228472
63404,0.048635429157694865
63405,0.17659716839060555
63408,0.5865462943454433
63409,0.4461258093113328
63410,0.11646353575936257
63411,0.32185143746546035
63412,0.12408280500943179
63415,0.04232426587371801
63416,0.059826484699302615
63417,0.2312324275215973
63418,0.14279353286677032
63419,0.04493330474275556
63422,0.015617716354588777
63423,0.02474999006544955
63424,0.0581935805643176
63425,0.13183613510372252
63426,0.13027358701355596
63429,0.014400492399774693
63430,0.5253389170353729
63431,0.009042608869039877
63432,0.036136085397936134
63433,0.03362682690958096
63436,0.5280317301695543
63437,0.04644991748083509
63438,0.07789851301282419
63439,0.39492876280555883
63440,0.18890293483251225
63443,0.013696691329334373
63444,0.05885730015844549
63445,0.10565312564861075
63446,0.4549367184375716
63447,0.029114541680484454
63450,0.030536907226610288
63451,0.044674569019524206
63452,0.06969333803617811
63453,0.09671907149686339
63454,0.048809454504484
63457,0.2282701999056408
63458,0.010968089945281687
63459,0.049712334702590774
63460,0.16346981967183338
63461,0.0902479834861865
63464,0.019589667921515886
63465,0.31037403283765386
63466,0.17675372680976845
63467,0.03363860220960451
63468,0.1603500779379999
63471,0.0206971045747341
63472,0.3546197397818589
63473,0.02351205116197136
63474,0.462883890420004
63475,0.5880261669480088
63478,0.013125504871260728
63479,0.05115242541295903
63480,0.13701316786931028
63481,0.22858997116462682
63482,0.04388869781914128
63485,0.06971825001838894
63486,0.008771561771429322
63487,0.009090642834247587
63488,0.040555160723124435
63489,0.0925677970277746
63492,0.07519869229041276
63493,0.03304398693096165
63494,0.40094748171897565
63495,0.15129680632904327
63496,0.4488825776746374
63499,0.4525234498908764
63500,0.2672847233450472
63501,0.07702325670978712
63502,0.021248939503917458
63503,0.07692032528005431
63506,0.14655720653245696
63507,0.4352004105466168
63508,0.05816957534483277
63509,0.19310406625020893
63510,0.044036751429562045
63513,0.009264241349478949
63514,0.3840916008364987
63515,0.24891515900765823
63516,0.08098099314955241
63517,0.009602081949815782
63520,0.0223790081283797
63521,0.012985471310329032
63522,0.14741275893273145
63523,0.008667303083825847
63524,0.39815483858691586
63527,0.49340970287111174
63528,0.015574198903772504
63529,0.011436628587792649
63530,0.4195829898796815
63531,0.380257734989317
63534,0.5371774616430247
63535,0.3950637930597884
63536,0.25141185641372
63537,0.009491095061217474
63538,0.03488339053242346
63541,0.021638998951680522
63542,0.021860424236014392
63543,0.061759471174093125
63544,0.019930207498170503
63545,0.04752175968302022
63550,0.15962056506413325
63551,0.05513180227829167
63552,0.06208853455641869
63556,0.01777124571043634
63557,0.008978005109263307
63558,0.10519177920283468
63559,0.023010375072018106
63562,0.4026545548930981
63563,0.02169536050934894
63564,0.12470746916434289
63565,0.5223856943796981
63566,0.12915174729326107
63569,0.04438856963774586
63570,0.3700211545964095
63571,0.011473157008775907
63572,0.44270724012465035
63573,0.011175459353381439
63576,0.02922839185851275
63577,0.14908038285435102
63578,0.11452893480940457
63579,0.025257908737387987
63580,0.0460915695232067
63583,0.0340227660304193
63584,0.11523046917079852
63585,0.07524100771214699
63586,0.008600318368029623
63587,0.2455764928211769
63590,0.10172013445103256
63591,0.17533206566778875
63592,0.02267795436890307
63593,0.022780981257710678
63594,0.17480906790691023
63597,0.43514288572005827
63598,0.5887688941071172
63599,0.09747300063701057
63600,0.10494384298181496
63601,0.008620261887500614
63604,0.08110748507178428
63605,0.20405645498476346
63606,0.013104401902988502
63607,0.07394873525573777
63608,0.04632300063524666
63611,0.40880683834720866
63612,0.11797951694708736
63613,0.010401430006447299
63614,0.04825153501364328
63615,0.13926264226118185
63618,0.041233096480489236
63619,0.012021769629677971
63620,0.18885552742394968
63621,0.06944151386688568
63622,0.00974719077939069
63625,0.29305125216815936
63626,0.027407536312479646
63627,0.04320865396849613
63628,0.03257562106507702
63629,0.13505721471201604
63632,0.1587103333183371
63633,0.031910930605563645
63634,0.24294198648877596
63635,0.1003400422476933
63636,0.27347898459050346
63639,0.5960635112004328
63640,0.00923479338956349
63641,0.09516105808681521
63642,0.009258222921819994
63643,0.336327641749545
63646,0.04843241755185634
63647,0.2585089476932465
63648,0.02010724578497388
63649,0.020665770732030693
63650,0.3791064743225963
63653,0.01183410611838578
63654,0.265576835539002
63655,0.04327401255782469
63656,0.008594808480072299
63661,0.013432459609296005
63662,0.009734287359664175
63663,0.1396621355589515
63664,0.39054938392198224
63667,0.27265020410451085
63668,0.07034431488715463
63669,0.019741401735220276
63670,0.321740254202117
63671,0.03522475538343245
63674,0.15149839993302633
63676,0.1403074688429305
63677,0.034852183800048314
63678,0.08123497951480475
63681,0.01814463157987314
63682,0.3135416605687403
63683,0.019962381295480402
63684,0.46687665782773435
63685,0.2656204452985679
63688,0.03566181700206237
63689,0.015031980373759031
63690,0.2058072392798698
63691,0.14886617961143378
63692,0.05977638343680736
63695,0.24595968441731528
63696,0.01815185417795211
63697,0.02136272764449701
63698,0.3280209155087247
63699,0.08211601128510167
63702,0.02122919800662126
63703,0.14226123828453885
63704,0.03930153698678148
63705,0.49578418546819436
63706,0.04368912129149255
63709,0.3174625324716011
63710,0.0166277815401062
63711,0.13136088028021842
63712,0.1811526243581535
63713,0.01588758030937037
63716,0.495716336376815
63717,0.10974180818152034
63718,0.12319880130530725
63719,0.17848981787798596
63720,0.01165146802664494
63723,0.0234492092509987
63724,0.466703619288246
63725,0.027445596104864686
63726,0.06205010281660904
63727,0.012195559442848237
63730,0.15772891878229084
63731,0.05055407480360249
63732,0.06958967254622776
63733,0.0730561242762007
63734,0.08450581064933431
63737,0.2515698996376683
63738,0.02289261050555629
63739,0.08622010669456767
63740,0.009455647470189866
63741,0.1977374460385291
63744,0.03142393670505357
63745,0.010205016583711783
63746,0.034166579460064954
63747,0.013805944357204536
63748,0.016706146629660787
63751,0.12812303701857336
63752,0.04498294010471235
63753,0.311613093611817
63754,0.05960003697505424
63755,0.2254694041622612
63758,0.024017148656432147
63759,0.061524477490948026
63760,0.10240867246716313
63761,0.19061433536719724
63762,0.007889153120943824
63765,0.45031246667908403
63766,0.5091518958443604
63767,0.23856197856651687
63768,0.008885531295717118
63769,0.008572120208378142
63772,0.03528731323770381
63773,0.013200229847170605
63774,0.24188239249385274
63775,0.00883147993917217
63776,0.32999994209128736
63779,0.395775319923517
63780,0.37704845937673953
63781,0.050355691647978006
63782,0.02030876246051182
63783,0.12404726159682224
63786,0.008583216050876962
63787,0.09221818739788536
63788,0.31889255020727614
63789,0.0803213694978684
63790,0.03165081867405689
63793,0.01619372079864891
63794,0.08282989088012938
63795,0.04593514216230706
63796,0.1912005135876599
63797,0.03653228432220171
63800,0.008254323122303436
63801,0.49640514395246327
63802,0.012743917523214684
63803,0.05260597669451832
63804,0.20423164395084498
63807,0.0094385733247582
63808,0.07423757297804977
63809,0.14411542867110766
63810,0.2779930330832504
63811,0.21104744068652437
63814,0.01607092136657036
63815,0.04179245570271436
63816,0.011298761616174147
63817,0.22278222497246383
63818,0.361842108538347
63821,0.5986606703742762
63822,0.06654808374367599
63823,0.007771866297151481
63824,0.02932380193869716
63825,0.1593131844246357
63828,0.0132105590728547
63829,0.020034156092706274
63830,0.5745462416604763
63831,0.017168686362583785
63832,0.1647801645289816
63835,0.31900882167550904
63836,0.2279868701043007
63837,0.07886646868814126
63838,0.0955026380924695
63839,0.17327976896244707
63842,0.28886437975790513
63843,0.021753834822934005
63844,0.008010048339797482
63845,0.02031067943562794
63846,0.1678905470807773
63849,0.21001672152841205
63850,0.2365400958284285
63851,0.33734339671334473
63852,0.054746954018119076
63853,0.04318228626658586
63856,0.027821769790103767
63857,0.031079573978655187
63858,0.17036044279168128
63859,0.1442007202259069
63860,0.030884574007250927
63863,0.1325285693038884
63864,0.24155848160099905
63865,0.11878874727132942
63866,0.18604526111883637
63867,0.4167455665355078
63870,0.016052651229654716
63871,0.01450933282891133
63872,0.23396769178017499
63873,0.46198664770505066
63874,0.023947718146054873
63877,0.24247064807779695
63878,0.10906139909918221
63879,0.46316031699212834
63880,0.227214856211124
63881,0.018856970960080197
63884,0.017916415796437296
63885,0.24709378784803745
63886,0.14028135632897165
63887,0.34025528195793114
63888,0.4430036056393976
63891,0.007837129256451482
63892,0.03439561164531411
63893,0.05663416936506571
63894,0.021209381565671606
63895,0.015277539762323916
63898,0.017678762604918987
63899,0.5704836490116951
63900,0.2698192636628019
63901,0.03444127898117216
63902,0.11752593911824875
63905,0.008147250357296399
63906,0.03285578222584571
63907,0.009126855580312806
63908,0.2528426429809167
63909,0.013708871509387039
63912,0.14913575565928136
63915,0.007875969259414105
63916,0.30635185474570575
63919,0.06316827754285445
63921,0.018694335679106163
63922,0.09127018982649845
63923,0.07807315062575013
63926,0.007964244099041128
63927,0.09420309439355244
63928,0.04286388510862385
63929,0.48211121285854963
63930,0.015010954975472309
63933,0.03526501351290913
63934,0.10336981151280644
63935,0.5707670399756011
63936,0.045207743629533816
63937,0.5796311951725507
63940,0.6095857756207893
63941,0.04055800013049641
63942,0.26638164978907103
63943,0.26301303474360616
63944,0.034409596621266685
63947,0.48354958720341623
63948,0.1538619011404094
63949,0.317016340853986
63950,0.04744249742046214
63951,0.033100934640724354
63954,0.02546069120562027
63955,0.1987235413553292
63956,0.4132142642514769
63957,0.4329084865988447
63958,0.09346921174971755
63961,0.00943320453629272
63962,0.2343368005773914
63963,0.19726087268924578
63964,0.39237121717744705
63965,0.04230448309021416
63968,0.030459420140207253
63969,0.03584728639446373
63970,0.013678917155300473
63971,0.07150861463527189
63972,0.33818352049449113
63975,0.17058048390313443
63976,0.032847033236144046
63977,0.040830237587493275
63978,0.05866920126431524
63979,0.029981952206957957
63982,0.036646750633320714
63983,0.012472503467859435
63984,0.04596693951623179
63985,0.019626559175263177
63986,0.20396331771385798
63989,0.030562358198467532
63990,0.011354165553592352
63991,0.11126312021839169
63992,0.019552938990653045
63993,0.024853133745796393
63996,0.4703106589574953
63997,0.04678760906742524
63998,0.344083137447138
63999,0.008494167543096596
64000,0.016920562792651063
64003,0.37656709586489423
64004,0.35703835668926026
64005,0.04411962286987324
64006,0.1330496472081803
64007,0.5241826594556027
64010,0.05568890710584719
64011,0.10995812392861508
64012,0.3910630240258308
64013,0.017593919418075088
64018,0.010650071339919286
64019,0.021473960620318967
64020,0.0160421594406328
64021,0.2345006034221768
64024,0.1903275699707267
64025,0.2428381884871621
64026,0.020652540982924135
64027,0.009187613268276966
64028,0.025558953163969132
64031,0.012319113171938456
64032,0.036100311491721666
64033,0.10975091205793923
64034,0.09269285860335007
64035,0.43780441986462926
64038,0.5316608673343104
64039,0.02803363171567621
64041,0.0875512290524478
64042,0.05286631876005459
64045,0.051579959694844184
64046,0.1786669682409572
64047,0.07409284340502306
64048,0.07578717549432519
64049,0.10916313026203915
64052,0.0160482736137501
64053,0.08260903537422055
64054,0.042001542009289745
64055,0.01150688869189199
64056,0.013099867746587088
64059,0.011758417232791925
64060,0.1843588390088487
64061,0.5229866771808733
64062,0.19178136570343862
64063,0.17732542557088193
64066,0.010791849846270095
64067,0.034227660666049424
64068,0.4249305644675619
64069,0.33483055950660023
64070,0.3059620740143058
64073,0.03716885872315734
64074,0.02331540019908978
64075,0.01342721785903136
64076,0.009368851764919096
64077,0.24928494561518705
64080,0.1542191809083349
64081,0.2099255377001117
64082,0.12403392219654906
64083,0.010495516628452592
64084,0.0474261463845466
64087,0.02296698368022795
64088,0.06914236507486612
64089,0.5368740979124839
64090,0.4588337566508913
64091,0.05588353163192093
64094,0.024999048441981787
64095,0.23430817380401714
64096,0.02464455830582931
64097,0.016605974454770675
64098,0.0977544859793374
64101,0.02207710353320357
64102,0.10118292683809156
64103,0.02986941572467465
64104,0.02040397463948937
64105,0.007401966148356272
64108,0.13123584969897664
64109,0.09798865640002836
64110,0.2919520784336828
64111,0.2460257351640647
64112,0.027886533393725956
64115,0.010301203958847193
64116,0.10532987750582909
64117,0.2739111439089377
64118,0.1714426810375031
64119,0.08045224365081317
64122,0.167192587656362
64123,0.2155381389680906
64124,0.023014801372669445
64125,0.5887989624602077
64126,0.055248783635141914
64129,0.017774259529886302
64130,0.18625690960054964
64131,0.04150061052003074
64132,0.0309782745331426
64133,0.03294711241646345
64136,0.08362053797256076
64137,0.13012144489623004
64138,0.014700716429624281
64139,0.02075762584065587
64140,0.14561659729365625
64143,0.38504336876556333
64144,0.44249279566567645
64145,0.4003039132838113
64146,0.045336135716652154
64147,0.4840066213880344
64150,0.1356439837242097
64151,0.021194339987946863
64152,0.16397018501404845
64153,0.02025150286278002
64154,0.021923979854062275
64157,0.20348964707885447
64158,0.023593835161909306
64159,0.021676348434159626
64160,0.10343054766268173
64161,0.23822868107087017
64164,0.05949509698440885
64165,0.009975818287697823
64166,0.03507300479055902
64167,0.2814935100167834
64168,0.028919485648769245
64171,0.09044310375384586
64172,0.043423356906578954
64173,0.022976607380218554
64174,0.061103380384079996
64175,0.016074246482954146
64178,0.024206338776460792
64179,0.03904189950448926
64180,0.31045375020938415
64181,0.014552215220887767
64182,0.009309476804991827
64185,0.33013002550603193
64186,0.06871930024537817
64187,0.19144799580749802
64188,0.02090387785121286
64189,0.024208518705116564
64192,0.32425791839830376
64193,0.012077512201940003
64194,0.2710314982980953
64195,0.017243158019190564
64196,0.07890882088398601
64199,0.14023424589528738
64200,0.29990002548861067
64201,0.28756917369604396
64202,0.03153717930201066
64203,0.05190495163738532
64206,0.352395258365341
64207,0.36748604389225764
64208,0.4402256623384216
64209,0.021836169499065212
64210,0.025178724880884372
64213,0.4683254826477043
64214,0.049580181211789705
64215,0.4163960140296132
64216,0.010656536057631952
64217,0.010494317262169098
64220,0.026710708750984073
64221,0.009625918489853103
64222,0.016084038636292895
64223,0.014896271771856321
64224,0.04745026719381064
64227,0.15443088331810287
64228,0.2292647073912312
64229,0.14045201932313411
64230,0.036429974958357994
64231,0.2805686107740802
64234,0.1908411590469271
64235,0.07467846601459599
64236,0.21398451032426188
64237,0.04349570280999345
64238,0.009714411433051899
64241,0.02127333296475555
64242,0.030667842732808696
64243,0.04461939837591839
64244,0.06822238587941454
64245,0.26335492860511583
64248,0.011008536029766728
64249,0.19941209594742418
64250,0.40351328799778713
64251,0.021045797954968627
64252,0.2764640671179286
64255,0.11461828367394879
64256,0.5351621423903548
64257,0.3285277231974689
64258,0.27935269851817346
64259,0.47593290316747866
64262,0.031919310493334865
64263,0.014208558098409187
64264,0.11376861297119666
64265,0.011998714739209432
64266,0.23317187905782796
64269,0.14098657001140263
64270,0.30873193582515396
64271,0.03746989629014029
64272,0.0922252379650194
64273,0.03869999233221724
64276,0.01986663542144686
64277,0.052382358959586706
64280,0.036239817048562814
64283,0.009096603478418987
64284,0.15842851427180632
64286,0.12091795530759145
64287,0.02414847201905476
64290,0.03892707273183802
64291,0.272112097466324
64292,0.11195489105586592
64293,0.07413667356734983
64294,0.09215847067281747
64297,0.2723112599731395
64298,0.009513114359663613
64299,0.019711405827542237
64300,0.06969562355595046
64301,0.02851989712041447
64304,0.010731846612491056
64305,0.3288834167909372
64306,0.19677422680626677
64307,0.05283700546952456
64308,0.016680299118649086
64311,0.5153396874104536
64312,0.007250161630366757
64313,0.07835375001914707
64314,0.12048955523061242
64315,0.16250267456253695
64318,0.27674035090289006
64319,0.017205472968710434
64320,0.008228490644743678
64321,0.09423920790153408
64322,0.008335728784185294
64325,0.014862210837897107
64326,0.06952671671564845
64327,0.029157189426730255
64328,0.08552812615718018
64329,0.04898518796154049
64332,0.4668094346605923
64333,0.02634778949900186
64334,0.4778788249414372
64335,0.015283187272948227
64336,0.014748018408925461
64339,0.20830819341085796
64340,0.14100665112006736
64341,0.06929361308750046
64342,0.041198803194805234
64343,0.16602016549425822
64346,0.041952383711675076
64347,0.15833114958159403
64348,0.4719030477341928
64349,0.5991336223833166
64350,0.384079032029296
64353,0.01702372986798972
64354,0.007936951505707073
64355,0.08835525457475456
64356,0.060020057718857475
64357,0.31243431723532655
64360,0.050455596270612656
64361,0.3154604551558848
64362,0.03844681834365357
64363,0.008991193033599803
64364,0.2505243753234056
64367,0.019229057696935423
64368,0.5447361587240173
64369,0.11124983531550169
64370,0.367413391993639
64371,0.12340148002262084
64374,0.2766735997163532
64375,0.11227542559311571
64376,0.09194698070456779
64377,0.15586718856825288
64378,0.031230930307948594
64381,0.009551205558998086
64382,0.09917388984015243
64383,0.2539843544347147
64384,0.1782513730758788
64385,0.012788795326524344
64388,0.045760611413405594
64389,0.07749047509302111
64390,0.3078758358091331
64391,0.07934052332549112
64396,0.17190672078473018
64397,0.008522626441515871
64398,0.011129101424029845
64399,0.4141593590400031
64402,0.058536899685461406
64403,0.2187356864359544
64404,0.09444926403889635
64405,0.011478800823431333
64409,0.055670632336325646
64410,0.1334296607633067
64411,0.23624369771649525
64412,0.01619889995919156
64413,0.035873934076278334
64416,0.07277135857175417
64417,0.22609908506196086
64418,0.13329375323795312
64419,0.007857941044516216
64420,0.05747325921133032
64423,0.09861578422097422
64424,0.05709220605688053
64425,0.017789413402632962
64426,0.12968880244221803
64427,0.26927063142332863
64430,0.04278333993558591
64431,0.02974065341391603
64432,0.023978644743535154
64433,0.011138479965417619
64434,0.11256807359586668
64437,0.4297230346072443
64438,0.0078717363211044
64439,0.08424869062190646
64440,0.035903112488159424
64441,0.029536050000621254
64444,0.05079764643804885
64445,0.2384384678977371
64446,0.019728367039170514
64447,0.015824282801396135
64448,0.04929951443830806
64451,0.06598425990646839
64452,0.3605180727734492
64453,0.41299336155647187
64454,0.12960472864503894
64455,0.14761233388998174
64458,0.007998726524283349
64459,0.017289942887575516
64460,0.030292768802346798
64461,0.05774366348789133
64462,0.28277310460938065
64465,0.0071344737555554425
64466,0.11019054038611117
64467,0.3718630704682284
64468,0.0642728760936255
64469,0.011448318651904425
64472,0.010770249561731358
64473,0.5746222520210414
64474,0.010813685257944457
64475,0.17612092016337436
64476,0.5059791923104904
64479,0.012863521946560506
64480,0.011955229291737346
64481,0.04029033702888873
64482,0.044474323610690376
64483,0.015042565297524962
64486,0.01697880270485265
64487,0.010594254689076613
64488,0.04902844196087852
64489,0.007445368727951022
64490,0.006539506122626025
64493,0.3554643274228935
64494,0.01271626264763079
64495,0.06228626914128768
64496,0.1037201738565407
64497,0.03721783362786384
64500,0.46795457195452206
64501,0.06038019036521365
64502,0.011518475307268518
64503,0.2286728952768859
64504,0.08685297981749476
64507,0.008422205827470108
64508,0.08595307747558373
64509,0.11825870645083883
64510,0.08137661726392215
64511,0.056829435257748466
64514,0.03404549689738197
64515,0.015801765261549233
64516,0.0771428828899256
64517,0.014633266887949668
64518,0.05319973314465283
64521,0.12927965263986013
64522,0.030207856866311566
64523,0.023009448575556805
64524,0.04757846412436943
64525,0.46609320255493253
64528,0.2782897828135653
64529,0.16454657659972272
64530,0.16654420739754405
64531,0.028105469057461873
64532,0.5546421661160399
64535,0.019309441941561107
64536,0.18007720015825446
64537,0.1469087947447991
64538,0.054453045992753454
64539,0.2254702395259012
64542,0.010723096864055051
64543,0.40856324639620156
64544,0.07959428017062489
64545,0.012570523509380205
64546,0.03643062226515694
64549,0.15904599596662022
64550,0.08856858678925889
64551,0.02405744015985846
64552,0.007136680725824061
64553,0.010279914679227375
64556,0.1264794209457996
64557,0.0063612063915922034
64558,0.5929874824586573
64559,0.5312020935178122
64560,0.014075739441781586
64563,0.24258072642334005
64564,0.4566080433691626
64565,0.20423936457524036
64566,0.0862561438314816
64567,0.021505803735278786
64570,0.03489577036365221
64571,0.20369395492782819
64572,0.060606852847314506
64573,0.008796135054343164
64574,0.014607458515281868
64577,0.13776624819146507
64578,0.0068018816583794665
64579,0.023712600547787933
64580,0.4528123952070203
64581,0.512863831637424
64584,0.2790852243529953
64585,0.021692424450712913
64586,0.2601798371482932
64587,0.058242489612469334
64588,0.39324320415220265
64591,0.008971421505569004
64592,0.1250951833841123
64593,0.009504797205161343
64594,0.008034056339900128
64595,0.585308946517586
64598,0.07218912853057974
64599,0.5377332184281516
64600,0.009463810259889021
64601,0.0563080649634311
64602,0.42727694629808916
64605,0.363503320753918
64606,0.10424229013341736
64607,0.008178616635300196
64608,0.025329580173190272
64609,0.011393030659167573
64612,0.11261356989569707
64613,0.4937503543408289
64614,0.006985501884328129
64615,0.556156970526226
64616,0.00788738357891307
64619,0.11138348388267792
64620,0.5743811548937884
64621,0.02570178637522819
64622,0.006774907698062471
64623,0.007251421507291307
64626,0.28795692346959795
64627,0.26237970665736293
64628,0.04519295908806182
64629,0.0325346864058465
64630,0.02038363694615854
64633,0.2625034107670672
64634,0.007452713984446807
64635,0.032285949621054286
64636,0.012437023572317685
64637,0.0507077638764733
64640,0.09016718449456294
64641,0.006844791122848064
64642,0.04178993614178974
64643,0.011338570854938324
64647,0.007624213180596363
64648,0.027234128879934698
64649,0.04859387823247886
64650,0.5914309193593995
64654,0.5002502890441853
64655,0.23934956470549354
64656,0.2561802755319082
64657,0.18691758007808784
64658,0.1484973883028241
64661,0.11529504537663794
64662,0.0873662551364923
64663,0.38181741206019515
64664,0.49472159962361195
64665,0.027320601152497643
64668,0.05109194761407483
64669,0.07832863541791976
64670,0.03271657934722796
64671,0.013480620134203144
64672,0.08443427187055033
64675,0.03169995638380444
64676,0.00755669495642387
64677,0.012743877787655405
64678,0.08502465837932335
64679,0.031157783917784745
64682,0.26640021544355846
64683,0.045823306723203554
64684,0.006638723396343113
64685,0.05560222938140984
64686,0.008489846887709701
64689,0.09249856601129353
64690,0.006115753725950057
64691,0.041997216804924936
64692,0.49440864800953177
64693,0.040554953072580675
64696,0.17005726005289198
64697,0.517047587401579
64698,0.013823386328273603
64699,0.16910751458320855
64700,0.015449380400911194
64703,0.15961566253985446
64704,0.24570716017793237
64705,0.006829404230238154
64706,0.1138640898249176
64707,0.037827880999568464
64710,0.036341550356861985
64711,0.04562152779914941
64712,0.008950538122740976
64713,0.027006190828266736
64714,0.09374313715506363
64717,0.011370564435487536
64718,0.26088586880163933
64719,0.04909364685234032
64720,0.007574455359671193
64721,0.03378772486743884
64724,0.013988824303562904
64725,0.029660136304623552
64726,0.012613036689104367
64727,0.00777445298350484
64728,0.1708333756900821
64731,0.27468323816293855
64732,0.06464436001669101
64733,0.02371204908602911
64734,0.21073675370071257
64735,0.5884099900629896
64738,0.12364487277426696
64739,0.006927591226874249
64740,0.02444257788885949
64741,0.09446379055746455
64742,0.2469875882868152
64745,0.11628523138799893
64746,0.2741728233262015
64747,0.3673543566287098
64748,0.009200366030312077
64753,0.006044382366448128
64754,0.28134559951780436
64755,0.46615366252152507
64756,0.13113740104025012
64759,0.07136908910529778
64760,0.23311909651316592
64761,0.1493330368174706
64762,0.23736628151107358
64763,0.016881461936744956
64766,0.022420192439251398
64767,0.0320626296498506
64768,0.1004698829343372
64769,0.009055506272746741
64770,0.006849340884527718
64773,0.2689058995507996
64774,0.2141223713783508
64775,0.05301142221039681
64776,0.3931632068688457
64777,0.07996833424548139
64780,0.04087790981714512
64781,0.05383807562417716
64782,0.1300586843802841
64783,0.048991792104072285
64784,0.007170317086365457
64787,0.23134840145594884
64788,0.029138488120623227
64789,0.49004047346470875
64790,0.44061716874750534
64791,0.046854455239427335
64794,0.3687496290625629
64795,0.5399437572103633
64796,0.27112125933596515
64797,0.04407664027873143
64798,0.023245806200444252
64801,0.23490405995310387
64802,0.027313569637375627
64803,0.25760555460871915
64804,0.03516984646739036
64805,0.0892102779007596
64808,0.02916737851915516
64809,0.006024434089729266
64810,0.007846515235668207
64811,0.5866518649502483
64812,0.009990624958092392
64815,0.43998391074931714
64816,0.007301724199591976
64817,0.16256785132335783
64818,0.10227631587639562
64819,0.3916180014910597
64822,0.3559221348784382
64823,0.020757059217037858
64824,0.007586082675429596
64825,0.03547991350770139
64826,0.02181594061819054
64829,0.017613540630781906
64830,0.17729092783721234
64831,0.48512537225602304
64832,0.5928731889376195
64833,0.11804694713293805
64836,0.19559501434698648
64837,0.4481323502417935
64838,0.26048382126636777
64839,0.3360245839445655
64840,0.008658072179474768
64843,0.3122953560660552
64844,0.04960214083248065
64845,0.03836306727411637
64846,0.04826311948027764
64847,0.37786447279269475
64850,0.13654605348119872
64851,0.4713768206648019
64852,0.09562049916240398
64853,0.24949754993940884
64854,0.04431531144518676
64857,0.024120812908035492
64858,0.05077533264322592
64859,0.07990255034399868
64860,0.09928732723417961
64861,0.012089486804449089
64864,0.21616133310622343
64865,0.019876717195195896
64866,0.01784107607121131
64867,0.0855786932187423
64868,0.15056795893745206
64871,0.06741471067895474
64872,0.3877383944451184
64873,0.4827700428758488
64874,0.35600783850329953
64875,0.2507774420525573
64878,0.057618722971798396
64879,0.011629834730690226
64880,0.2001821710065966
64881,0.007799211229357627
64882,0.007114658092906501
64885,0.006978428344991234
64886,0.01225118580631635
64887,0.11036480581787948
64888,0.42615381426600724
64889,0.04261357804174192
64892,0.04464422868956204
64893,0.011546284063907671
64894,0.00586078601620232
64895,0.05641803772824176
64896,0.12020400477546365
64899,0.2517846610583676
64900,0.5837620629248694
64901,0.05611657879503928
64902,0.0452300738543076
64903,0.012939431637740395
64906,0.057267929508588854
64907,0.008449911882715789
64908,0.032254570162733046
64909,0.012029439788561889
64910,0.2996054190909708
64913,0.011208973525549197
64914,0.025890261517383516
64915,0.270486411138796
64916,0.24699806209621622
64917,0.008044533662670581
64920,0.5136158797161438
64921,0.06947132398338736
64922,0.13890322800207858
64923,0.027083510946847102
64924,0.012026644126454506
64927,0.11162405623497532
64928,0.08191156127138464
64929,0.006197727524014066
64930,0.01556223191156823
64931,0.009185999437336301
64934,0.07745283841211927
64935,0.2007000467114939
64936,0.08775492652384644
64937,0.021303717100428474
64938,0.35836370814965646
64941,0.16934418162863688
64942,0.47990271188169903
64943,0.07970276142673557
64944,0.012668847244518205
64945,0.5315217117757227
64948,0.025698658629942247
64949,0.00775930451440354
64950,0.19780015771019066
64951,0.023584590484773047
64952,0.0063580552332342215
64955,0.0067439359093706425
64956,0.1995472860790958
64957,0.3734926135667063
64958,0.2987136578723173
64959,0.02264349290527163
64962,0.020261927239894822
64963,0.025754118337451247
64964,0.12446947366144634
64965,0.2701233013536572
64966,0.039789850105988574
64969,0.06252524189433889
64970,0.019940621334558307
64971,0.07613767917501946
64972,0.12288375377989362
64973,0.15166253879488012
64976,0.2222319298677263
64977,0.17252926977076602
64978,0.382777030039943
64979,0.11817224645055095
64980,0.5022250504495711
64983,0.2496434407021302
64984,0.018287104545063874
64985,0.1304819241629714
64986,0.026367397121760127
64987,0.021009760815385966
64990,0.03954890310340659
64991,0.006792519984837003
64992,0.538729889332487
64993,0.01895704323073381
64994,0.006784331327356999
64997,0.010636847963283591
64998,0.2718875220205919
64999,0.1294661470218061
65000,0.2661252043412063
65001,0.035935035176980414
65004,0.021401151935030345
65005,0.13540690975929703
65006,0.04791564122002641
65007,0.02362150345465745
65008,0.0831798573008221
65011,0.01101799392862178
65012,0.016192028732292175
65013,0.43992056133138263
65014,0.03268273892375198
65015,0.19817792298434883
65018,0.043963113744582276
65019,0.006799784723825356
65020,0.009779977751096918
65021,0.08983046567684924
65022,0.15231524550147693
65025,0.19886191825518093
65026,0.04934904611674374
65027,0.3486902108340608
65028,0.04561525064969488
65029,0.5911163785361812
65032,0.13081024556980234
65033,0.2126410381612942
65034,0.006333928933599322
65035,0.01982099700881523
65036,0.11588834717214176
65039,0.3851537474407294
65040,0.05299578004752284
65041,0.21904985752655617
65042,0.048330524678989475
65043,0.011931631340874896
65046,0.03331558720379958
65047,0.030619145263264404
65048,0.04725567365942096
65049,0.007749590800724293
65050,0.007581258170560137
65053,0.05390847844079756
65054,0.14203611398107593
65055,0.06911434665076056
65056,0.24814262194041267
65057,0.03019936333439284
65060,0.05713197528646533
65061,0.36634257110416985
65062,0.23547898608144352
65063,0.06284976029973273
65064,0.009296634663066619
65067,0.04183384084172912
65068,0.02438741184773259
65069,0.12134767987149914
65070,0.04084070335964258
65071,0.07301848781310988
65074,0.027055745397633366
65075,0.46869176138815416
65076,0.05883802396707644
65077,0.14833872497932643
65078,0.12874923169957284
65081,0.006564486467474196
65082,0.2521963548768627
65083,0.13801720633524797
65084,0.05436890707197988
65085,0.010377724369425098
65088,0.08413340035390657
65089,0.018130788012176977
65090,0.010693825357145895
65091,0.1386995092584015
65092,0.09407512171748551
65095,0.11144564919877598
65096,0.011924378348268505
65097,0.48216933023204045
65098,0.1396401591809528
65099,0.024483202036111165
65102,0.04177526877576455
65103,0.07658202983838205
65104,0.047070527890753576
65105,0.23477899996098808
65110,0.07853815865956065
65111,0.05626735928189678
65112,0.00861897053675153
65113,0.17433760423700292
65116,0.010071025163702573
65117,0.02877963249197466
65118,0.5392929232971928
65119,0.019720196856565408
65120,0.502066488562331
65123,0.0054697820150927095
65124,0.009827040772573308
65125,0.14669135865729577
65126,0.1769544063914712
65127,0.09877997644664618
65130,0.11120003353805712
65131,0.10304862206915498
65132,0.1328501164036739
65133,0.0319868006766577
65134,0.27399064898422315
65137,0.011104198116273811
65138,0.013000522211174988
65139,0.06308508238655305
65140,0.010749687810128028
65141,0.18545507325675636
65144,0.5459193667205713
65145,0.03220798749149258
65146,0.06877559223055943
65147,0.0411284706021467
65148,0.00861653019699857
65151,0.00617668467802071
65152,0.029940486261980467
65153,0.016266388089489773
65154,0.39957006775135967
65155,0.27820758941328044
65158,0.018788556371166238
65159,0.07778772733468589
65160,0.07261096813359234
65161,0.13861124360425567
65162,0.03395222610389031
65165,0.2477852510502883
65166,0.03094252800088438
65167,0.26137245345704263
65168,0.4387062606380419
65169,0.1250109016587434
65172,0.19943126332386546
65173,0.0089908080271871
65174,0.4573151647704864
65175,0.2577840270659811
65176,0.04464576637493514
65179,0.06138015895601317
65180,0.4772403786451065
65181,0.5724372112980063
65182,0.005623803417364202
65183,0.0265383094480747
65186,0.10577587273823696
65187,0.06446079209786118
65188,0.1685395635347281
65189,0.11648706695847334
65190,0.027755218545654214
65193,0.009211151186150604
65194,0.24847078940154047
65195,0.011247447344718782
65196,0.3337266029680237
65197,0.21476197382939852
65200,0.49679659371894397
65201,0.30465792609377784
65202,0.007810518966315966
65203,0.06773718663160548
65204,0.4103338307006949
65207,0.006385226224745105
65208,0.009344290632472102
65209,0.016797948683592495
65210,0.007221906132885017
65211,0.20938083416584555
65214,0.01141047235941628
65215,0.022769253411985404
65216,0.009741624729793967
65217,0.01373774056152759
65218,0.11522234552947344
65221,0.015265236556960016
65222,0.17128692789285987
65223,0.12531894386961312
65224,0.3553836065597604
65225,0.007139759604244264
65228,0.14959222827944235
65229,0.05054641464305362
65230,0.09309734643199079
65231,0.0063388589215785385
65232,0.12143424416453294
65235,0.014923240333344972
65236,0.01037464508342082
65237,0.07545251554938072
65238,0.09897506723452294
65239,0.017247107221755424
65242,0.00789449424739603
65243,0.01665682404926989
65244,0.20202145138670535
65245,0.008861193619754319
65246,0.09457592699750123
65249,0.03873588473158406
65250,0.011582062878527553
65251,0.24250012154082104
65252,0.014454069920568254
65253,0.03522611622292679
65256,0.008629207580508674
65257,0.2619819491317243
65258,0.08074488252942402
65259,0.011481136315372953
65260,0.5396416082332387
65263,0.3474981004870921
65264,0.005435561647418129
65265,0.1567207835157653
65266,0.0058330137199404984
65267,0.24903128010017947
65270,0.10689728806366237
65271,0.016720009021090415
65272,0.026224517717673968
65273,0.03769498356682934
65274,0.04803587473546749
65277,0.010873396969776574
65278,0.1941216113192454
65279,0.07262603125142511
65280,0.2828520406711167
65281,0.035091279009872654
65284,0.1802009862792175
65285,0.12142082098744474
65286,0.06330614900705848
65287,0.520249947054649
65288,0.38199962189028913
65291,0.02286604561108922
65292,0.07728879207974301
65293,0.009789802390313258
65294,0.021924720689183972
65295,0.5682451759540138
65298,0.03170569377375577
65299,0.37856773584859277
65300,0.014546335373820692
65301,0.005357203647496261
65302,0.04752988099268942
65305,0.02314648018060345
65306,0.19149726338017486
65307,0.07404109959993407
65308,0.010165335249003473
65309,0.26672597491978783
65312,0.16740861487100991
65313,0.07128047448504339
65314,0.02009003762820486
65315,0.09913045095846458
65316,0.007221502315837295
65319,0.37687332843965954
65320,0.10148910699356598
65321,0.020377778665292095
65322,0.20180042399317907
65323,0.026141082160498902
65326,0.2705018268733877
65327,0.45224830337022137
65328,0.3320608373852294
65329,0.0071209039404612606
65330,0.042918634062675175
65333,0.013421564344014016
65334,0.12145310230036117
65335,0.03530891611854459
65336,0.056159230650049
65337,0.006593799130669837
65340,0.016895864328992805
65341,0.018316487893378162
65342,0.47312899221628296
65343,0.04325328926638389
65344,0.06406506200786642
65347,0.007160640167110695
65348,0.17347760063137213
65349,0.16345984986052137
65350,0.08339770809986612
65351,0.18534399411040922
65354,0.31893411299583324
65355,0.009989143904887655
65356,0.041430582206309845
65357,0.009798638557111555
65358,0.011311144926966759
65361,0.15406233390125593
65362,0.043517817849503745
65363,0.39668985547500957
65364,0.007569684817825732
65365,0.08609013394777594
65368,0.09050421988999537
65369,0.1394910274337628
65370,0.06577965599442036
65371,0.17777727037852714
65372,0.0989389507918149
65376,0.013067066516734982
65377,0.011095228713393815
65378,0.13841916376327268
65379,0.0631351027800938
65382,0.009179022672297895
65383,0.4583690552407702
65384,0.008528723378917946
65385,0.20735761337716793
65386,0.023247218722898397
65389,0.03670516976043289
65390,0.0422595415598019
65391,0.009812255712459018
65392,0.3629644888879945
65393,0.11268293035423706
65396,0.04527937146685352
65397,0.012321171735312863
65398,0.20986248987909056
65399,0.012816198454635452
65400,0.08761839605801389
65403,0.2392004713557897
65404,0.015785729171306617
65405,0.38165466971489376
65406,0.050564050625709574
65407,0.4341037354132136
65410,0.10754105397544314
65411,0.03347485485680681
65412,0.04147472253366015
65413,0.08540646156350114
65414,0.07601494516809718
65417,0.199466827497515
65418,0.0668436621622001
65419,0.006226986403260583
65420,0.010167517473030444
65421,0.2942487860462511
65424,0.5104455837226186
65425,0.0068311685514585285
65426,0.04760591610371976
65427,0.0451445083156106
65428,0.014157039483513444
65431,0.13093408509838422
65432,0.05891711937487589
65433,0.005764059637469764
65434,0.023744647250432044
65435,0.2822771572749643
65438,0.31128137662237554
65439,0.22169725968523293
65440,0.015096757826415848
65441,0.14343762937625285
65442,0.5309937992444284
65445,0.00645888512485686
65446,0.26135195173825737
65447,0.5617861932719144
65448,0.18934036817665742
65449,0.1912363371780083
65452,0.07822052635508032
65453,0.0072215364292560836
65454,0.008791519403827282
65455,0.06617785136762819
65456,0.0824423507413626
65459,0.04137356879958952
65460,0.18351256606671554
65461,0.45799574444588353
65462,0.006584423676949499
65463,0.2406770653631028
65466,0.22752557032918155
65467,0.06132608743575208
65468,0.055948804805735955
65469,0.5380779110981438
65470,0.2895436834836495
65473,0.09621619576848683
65474,0.022291570237530107
65475,0.19694507915717455
65476,0.07759844824190719
65477,0.040792804583250956
65480,0.00835121407102058
65481,0.12334199036606423
65482,0.3099649697643715
65483,0.05645342381002034
65484,0.01645556586621908
65487,0.34710863158565375
65488,0.07685913874143768
65489,0.5394083507110065
65490,0.5001437497590331
65495,0.05808513385257943
65496,0.1407346829325464
65497,0.010242565985695387
65498,0.032797559384414504
65502,0.06668337805208767
65503,0.08311764461451095
65504,0.054168188650636
65505,0.4836622272757601
65508,0.008128426093791092
65509,0.004900388405781282
65510,0.2459163008038697
65511,0.3295992572798319
65512,0.2948924713762746
65515,0.024656634618400976
65516,0.024603071290982135
65517,0.010057586321078551
65518,0.015942505123557982
65519,0.06789345342331338
65522,0.031025171330518214
65523,0.02160139829109997
65524,0.05013773245554538
65525,0.05989249007223925
65526,0.026559400465197214
65529,0.04041954447056844
65530,0.02668713278470515
65531,0.030975453337070014
65532,0.018589923330921555
65533,0.02681842187201829
65536,0.04839009063844301
65537,0.022223394633820392
65538,0.06778287099911472
65539,0.18381616006124815
65540,0.5825638296702288
65543,0.03984710068870972
65544,0.03438047430277473
65545,0.005504467314972037
65546,0.10332597041010343
65547,0.08831600098002418
65550,0.22241027003847388
65551,0.41783264478186877
65552,0.014310085910011086
65553,0.1766610448977829
65554,0.0314396133548425
65557,0.0215099378792735
65558,0.06088529960970369
65559,0.0086864430457507
65560,0.06944976052173261
65561,0.14903653698336222
65564,0.007893303012830219
65565,0.009312880710139939
65566,0.2663567377383888
65567,0.5173307597268111
65568,0.3802347557902777
65571,0.14772224615381083
65572,0.005459377739063206
65573,0.03992688646927406
65574,0.09731454308379958
65575,0.008153071046255303
65578,0.06623436783182908
65579,0.12857478980990336
65580,0.006325225527480046
65581,0.009830850249166597
65582,0.010109088440504779
65585,0.049777572173868606
65586,0.01311159353858305
65587,0.24707847888570625
65588,0.03710618056349935
65589,0.005139840779324616
65592,0.14432075491263865
65593,0.01278514194431066
65594,0.055211756840522215
65595,0.4835101503159943
65596,0.014857333324992474
65599,0.2600267521449459
65600,0.027971971370782053
65601,0.3875972577515897
65602,0.006120429197899542
65603,0.14363286052835378
65606,0.19663919520174863
65607,0.3142607340255157
65608,0.0061363851686624905
65609,0.018953643822117512
65610,0.01641833790867211
65613,0.05273805814668991
65614,0.05938989838736877
65615,0.34442805004693905
65616,0.03939202709914788
65617,0.1780146833271616
65620,0.005264351166777023
65621,0.012569672512154611
65622,0.07988951829577047
65623,0.28208339701634044
65624,0.013261465324320335
65627,0.32479618983678277
65628,0.2347759133487763
65629,0.2109327595126347
65630,0.03986423486876603
65631,0.013131238109939996
65634,0.12840452156760465
65635,0.38881941067792714
65636,0.062184888868017485
65637,0.015825147660618315
65638,0.2007126977751106
65641,0.20235488389923412
65642,0.006046390836507759
65643,0.00584604686267397
65644,0.0049048156370918765
65645,0.011851254348124547
65648,0.23573310798290678
65649,0.21012916697623482
65650,0.11311378217164006
65651,0.12583444694384072
65652,0.0057657606954645045
65655,0.012934979914222173
65656,0.017707510403963667
65657,0.23811747748587506
65658,0.0072240017403816335
65659,0.010714797576334121
65662,0.26513705209493577
65663,0.00868397170169691
65664,0.1568537401063689
65665,0.39545228759549944
65666,0.02444967936104307
65669,0.024794812207955052
65670,0.36937850010642237
65671,0.12513253085802106
65672,0.004812699143295161
65673,0.021995732435006677
65676,0.01712499281412316
65677,0.20871444215377843
65678,0.39921890022433326
65679,0.1531456082890045
65680,0.17533874086562057
65683,0.18789486435688227
65684,0.22996735564443746
65685,0.03623412896659939
65686,0.11946550154893522
65687,0.011040266455813918
65690,0.23987079878131584
65691,0.06167486778949942
65692,0.5467508500885436
65693,0.05677279923615941
65694,0.4457678359920423
65697,0.005142284278399114
65698,0.01271830403915653
65699,0.054455112716963905
65700,0.3840198642044205
65701,0.03317029988499599
65704,0.014817682010453512
65705,0.2318818365036853
65706,0.03726876163332421
65707,0.011321025088973318
65708,0.014140347371376398
65711,0.011942341107800677
65712,0.008249210690442208
65713,0.006216276421403303
65714,0.08185488281649508
65715,0.03711166074054322
65718,0.012657740081582975
65719,0.019909855863089892
65720,0.004688348769360869
65721,0.5462108127661208
65722,0.10438968752179734
65725,0.14945383240829557
65726,0.16362810806537992
65727,0.1984176032389599
65728,0.018752435711907885
65729,0.3868908020516351
65732,0.01600655031389449
65733,0.020215191206079536
65734,0.17289500247889122
65735,0.17118625357599718
65736,0.027631975754498547
65741,0.014459557019181767
65742,0.008302513451105607
65743,0.009341178948845702
65747,0.005399915664676592
65748,0.034715161015482575
65749,0.007090315449524703
65750,0.011524822664884325
65753,0.0075808295310705555
65754,0.5511164175112345
65755,0.005361850570481338
65756,0.058523361015140156
65757,0.012098362825056391
65760,0.3143610682647184
65761,0.08524095224189622
65762,0.15600240880585312
65763,0.1414129082296152
65764,0.320372449529536
65767,0.01163483761843269
65768,0.5573005691301085
65769,0.12771668154419935
65770,0.24978807469696185
65771,0.03331680305804895
65774,0.1694162782515636
65775,0.16553875055913883
65776,0.05430301273610391
65777,0.02442693819713917
65778,0.32316308624915724
65781,0.24826256694345256
65782,0.17522034531107392
65783,0.0051229680123640415
65784,0.08449706942002018
65785,0.031666606120275664
65788,0.17998989236757112
65789,0.05364251783891199
65790,0.40623927755803213
65791,0.4919637113554079
65792,0.05959464420952828
65795,0.0837644421190823
65796,0.2992726714325318
65797,0.02053382400771696
65798,0.004648421199053265
65799,0.08495848621633764
65802,0.02787876695162857
65803,0.0053698838084764765
65804,0.010177909275137223
65805,0.061003054402598476
65806,0.016078585750048904
65809,0.31203995262917944
65810,0.04812777483150666
65811,0.1496428277023139
65812,0.2656421193696265
65813,0.07305844960084121
65816,0.3075679867398549
65817,0.01935010146528679
65818,0.06309824636904827
65819,0.043804697419836405
65820,0.2853276442455973
65823,0.29460025712327104
65824,0.033930264252405855
65825,0.004795292168917957
65826,0.3641158406994144
65827,0.14463422323025238
65830,0.00840956204651941
65831,0.4091457872497034
65832,0.008146312522426412
65833,0.04519342887667653
65834,0.07954150876620986
65837,0.12857113425582625
65838,0.13667771236374143
65839,0.13099787331045407
65840,0.007784554116011824
65845,0.01704933982050135
65846,0.022189441875228283
65847,0.011823983606083773
65848,0.1659574688265857
65851,0.02852447955245578
65852,0.06163750229868455
65853,0.01278591274745432
65854,0.1286106165641148
65855,0.025214016233830627
65858,0.007848823919784042
65859,0.08168956229671875
65860,0.420033508635667
65861,0.0468409723858041
65862,0.10742028277738705
65865,0.021839987984527773
65866,0.005598094632162486
65868,0.05428833888820042
65869,0.059678672919266075
65872,0.023772679129375515
65873,0.3506110049928193
65874,0.16850987512376553
65875,0.006531419210366131
65876,0.02203799276269092
65879,0.5441824506009542
65880,0.21384610870936632
65881,0.020672540720651757
65882,0.01387526602897642
65883,0.009594425455088205
65886,0.13934278288167
65887,0.006139173021255945
65888,0.03894919869983777
65889,0.019303206269217537
65890,0.03143373163961164
65893,0.3187954993146921
65894,0.005238458924312505
65895,0.31854759846536357
65896,0.16704944255027832
65897,0.010871684327713807
65900,0.028197770086891213
65901,0.0096342684937092
65902,0.046616603107746506
65903,0.09187266006743752
65904,0.006393226331434921
65907,0.48630952866821886
65908,0.00880851782566373
65909,0.1877012794419177
65910,0.0091286606809943
65911,0.29382645274165226
65914,0.03393807082026923
65915,0.007519878415642344
65916,0.05718629609888224
65917,0.015026776913193913
65918,0.011304626708636124
65921,0.015772968655033952
65922,0.006256346872022893
65923,0.06510848550092294
65924,0.24865416689770498
65925,0.4592496392226189
65928,0.17358144559512556
65929,0.28780525761532016
65930,0.03774614779350945
65931,0.23455237399997744
65932,0.47952828059197383
65935,0.4864401241164027
65936,0.009868711241966123
65937,0.031995367779208306
65938,0.10036707918447832
65939,0.0072546925820641825
65942,0.41125902834796374
65943,0.0047527148430660145
65944,0.028293274377129366
65945,0.23601994663103798
65946,0.020791654378823306
65949,0.013744438869256729
65950,0.07067521327683209
65951,0.008486580146526373
65952,0.276966636298465
65953,0.14777368053586443
65956,0.3666295072108846
65957,0.20614874207453127
65958,0.17981343648292103
65959,0.006435897538860869
65960,0.39528377594148345
65963,0.07122325348204675
65964,0.04254769520103238
65965,0.007051895103014184
65966,0.004337413474764647
65967,0.01437927370700428
65970,0.004944245530489358
65971,0.01217612708609407
65972,0.005129125023942894
65973,0.01800893755810193
65974,0.39183202304345355
65977,0.0805697280608774
65978,0.024233578339164986
65979,0.1035713152924223
65980,0.1513906553147368
65981,0.034020450378690774
65984,0.005915748112023709
65985,0.48796837807581867
65986,0.013249023503359325
65987,0.01664523302366074
65988,0.005088630929930903
65991,0.005986606780707325
65992,0.013694658265302369
65993,0.0449222744088601
65994,0.21232965674829
65995,0.03975075354686565
65998,0.013468900381808806
65999,0.007097140996983884
66000,0.011943915465528731
66001,0.2218132547600444
66002,0.030381842389789235
66005,0.11312248519377306
66006,0.5534779743303906
66007,0.2163776294381523
66008,0.3318639942262376
66009,0.009185039532547151
66012,0.16238943001274386
66013,0.14274935283319182
66014,0.005154516260010969
66015,0.08971397720796326
66016,0.5522805867476226
66019,0.14326490677171855
66020,0.3218718914111591
66021,0.349057031781137
66022,0.3953508658721462
66023,0.031242797551716956
66026,0.22793898713609645
66027,0.09780714126659494
66028,0.008315504926338889
66029,0.07167920780682711
66030,0.006381733207618333
66033,0.04986558841089934
66034,0.08121451710938307
66035,0.014383180876358538
66036,0.40357212743604715
66037,0.3724231201484539
66040,0.023328539938586346
66041,0.05257773265835553
66042,0.011792092822110075
66043,0.006342633194931783
66044,0.08540535572277129
66047,0.03063365029940172
66048,0.04908176110104278
66049,0.004589817625290051
66050,0.009633639648525007
66051,0.0064727733813735155
66054,0.1651248139081882
66055,0.012841798070886881
66056,0.15627987442254188
66057,0.20668244234323327
66058,0.005504121139208041
66061,0.525738086205881
66062,0.004954599121564403
66063,0.2769898360115938
66064,0.010169915609149887
66065,0.14830737513341313
66068,0.1025351095272093
66069,0.19848355428435113
66070,0.03219555021369361
66071,0.10382653569505776
66072,0.022576833759754954
66075,0.5350687128451788
66076,0.42071492218018525
66077,0.3534742726512115
66078,0.07312000723454433
66079,0.01036979751866162
66082,0.007214252798063327
66083,0.17262472993521832
66084,0.03393437318574073
66085,0.01302290097469422
66086,0.13887469719297954
66089,0.07670478955563263
66090,0.04347673586716174
66091,0.29684738363594587
66092,0.508178679839034
66093,0.27166106852485755
66096,0.026133034233634715
66097,0.4015751228101409
66098,0.22633627323345584
66099,0.10886829009081421
66100,0.39317530487070906
66103,0.2240245948145249
66104,0.006401609175897618
66107,0.5249746799295625
66110,0.02285796908658302
66111,0.08637676747602546
66113,0.020774960481907148
66114,0.031455151789630355
66117,0.1912342484905134
66118,0.008756002568562026
66119,0.05070732768974528
66120,0.009887454203231956
66121,0.07753046327171272
66124,0.004430114024917542
66125,0.012775489218437222
66126,0.004857631589572205
66127,0.04533831454485762
66128,0.05542345854294156
66131,0.013744095748493512
66132,0.00740946384333439
66133,0.004892090787475544
66134,0.11582526673135606
66135,0.011086609239690182
66138,0.20344117968178646
66139,0.03877004955717683
66140,0.236902918614129
66141,0.10336344764759928
66142,0.00574041416155857
66145,0.2798954263902377
66146,0.025194797408325503
66147,0.030623374875759345
66148,0.3172713568189654
66149,0.11482446635575726
66152,0.03549297130450386
66153,0.22824328617641093
66154,0.010935019572131012
66155,0.004674434368315686
66156,0.19905304088249504
66159,0.22844416040043025
66160,0.0605406087585492
66161,0.014186536486465178
66162,0.14286435273153086
66163,0.5225242784349375
66166,0.039442850288122194
66167,0.005032921769759221
66168,0.08290654885870678
66169,0.07184797651986911
66170,0.0047314667631170905
66173,0.018417270158130526
66174,0.016302247578581196
66175,0.03540657524573429
66176,0.004592100212055008
66177,0.01893405712649152
66180,0.006806756544545141
66181,0.01795800302778124
66182,0.015038079208435922
66183,0.1364778037661586
66184,0.12789916289901576
66187,0.011846831821545225
66188,0.1322155430432903
66189,0.03531238639623172
66190,0.16720072440230754
66191,0.009998890414974428
66194,0.332929945384408
66195,0.009390539437346308
66196,0.02892591557052539
66197,0.22780988234217203
66202,0.03905680525753653
66203,0.14166508445162015
66204,0.11557830662342958
66205,0.10053487903901442
66208,0.4205175992131701
66209,0.004302174951407908
66210,0.4923880430610313
66211,0.021439474456612154
66212,0.09109046407744714
66215,0.023251651309108074
66216,0.09808149535475605
66217,0.020250409453112177
66218,0.015368064794848599
66219,0.01862116951370803
66222,0.3267527188217708
66223,0.02199455057944566
66224,0.14315231678333534
66225,0.4988597929971844
66226,0.07321863565450518
66229,0.06668852959628581
66230,0.0564127570216397
66231,0.01730455554253062
66233,0.12390997893839059
66236,0.11996905073860405
66237,0.4258130733409941
66238,0.018898871624681814
66239,0.034150507156361996
66240,0.10118721321013724
66243,0.017231525885749756
66244,0.03970690032549058
66245,0.05571521910486147
66246,0.045183733793645126
66247,0.02425153785576583
66250,0.021546373567466318
66251,0.13654599760963007
66252,0.28550070796569177
66253,0.2637727481856635
66254,0.023856201431447815
66257,0.007456830747144034
66258,0.07487783385343919
66259,0.24728325609556945
66260,0.013294175571305961
66261,0.00910883491888259
66264,0.007163795009719931
66265,0.027998904761650907
66266,0.007904518668156321
66267,0.5324832589756288
66268,0.3370240695017371
66271,0.3625001255601393
66272,0.016509864510009145
66273,0.406461341018375
66274,0.048471672566836155
66275,0.05452776922756298
66278,0.12219615744026588
66279,0.007508932118581193
66280,0.24580307555725622
66281,0.09920376599324734
66282,0.012122290077073761
66285,0.49382159852622587
66286,0.020061674303372412
66287,0.009810222126178571
66288,0.005503960007552868
66289,0.007273930261021454
66292,0.11684887981483712
66293,0.030854535869520326
66294,0.39075907224709006
66295,0.15875760938831637
66296,0.3590843995662916
66299,0.11923247858368842
66300,0.00729473948952404
66301,0.10162732194879076
66302,0.03480663650386265
66303,0.06608253532007773
66306,0.05815242049728423
66307,0.004546720036566339
66308,0.13098995845191802
66309,0.02508052864294058
66310,0.07055844493887946
66313,0.4231888614016047
66314,0.049904059087322594
66315,0.009897387696380319
66316,0.3506975084198141
66317,0.40564491281605275
66320,0.2665760557020434
66321,0.012620623994387698
66322,0.015439252448156396
66323,0.03414928327908676
66324,0.05536988288580043
66327,0.006786611289543245
66328,0.012457739642558792
66329,0.009935155462412928
66330,0.00986759821054853
66331,0.023131027556338026
66334,0.05818566816658934
66335,0.007622950864904775
66336,0.005609195797785224
66337,0.5094991846476215
66338,0.4434997374865313
66341,0.0047563464242689635
66342,0.1435470123502308
66343,0.00728475696662259
66344,0.08213136692520591
66345,0.31629863698956107
66348,0.3836886930228096
66349,0.2622718630406041
66350,0.16439447816107827
66351,0.04983352619651063
66352,0.017171707362365264
66355,0.004126545082925465
66356,0.06300013348801266
66357,0.042921741956179545
66358,0.042142540837140655
66359,0.03858048509197261
66362,0.0429839148085809
66363,0.5488292004730718
66364,0.568522449528874
66365,0.3517170811243275
66366,0.3449170117177037
66369,0.016824589666565217
66370,0.20554276855296005
66371,0.006502103772310549
66372,0.005485943811245332
66373,0.004328273246845184
66376,0.005200257564566024
66377,0.14689456795293748
66378,0.0446221031175808
66379,0.23805618703385595
66380,0.010106558601037688
66383,0.006690046661788423
66384,0.008056247947209012
66385,0.06536356224412575
66386,0.012806968946076
66387,0.35147240775607713
66390,0.46838384837432795
66391,0.013146643227522866
66392,0.0679775038956435
66393,0.0039012411771968828
66394,0.35191853601210793
66397,0.007858634773536367
66398,0.05165191631744251
66399,0.009060318924062154
66400,0.009525038964008168
66401,0.005800829775715237
66404,0.12863484276330595
66405,0.004891256201258697
66406,0.26770832617312873
66407,0.3797045741372328
66408,0.06573697475514191
66411,0.0089822021443031
66412,0.0532717007912923
66413,0.008934739931444887
66414,0.014723053651975529
66415,0.20023819429563386
66418,0.00489715119802759
66419,0.4220602245643716
66420,0.006309642760371207
66421,0.12423467654381504
66422,0.04651711282682173
66425,0.06870953789914122
66426,0.24161855740096064
66427,0.09481727970674146
66428,0.21730205859417207
66429,0.20566029463022126
66432,0.2237440780938405
66433,0.049109768776849284
66434,0.010407679543967565
66435,0.032858815930386566
66436,0.006446752472121499
66439,0.023385287613749944
66440,0.017934119019980852
66441,0.019999108190845678
66442,0.059827500408267086
66443,0.017923619585446825
66446,0.4030851986135319
66447,0.00760243648779193
66448,0.011478940352293045
66449,0.1668161745461501
66450,0.012051967103373036
66453,0.5368315494290743
66454,0.19192865104387274
66455,0.4122885374865617
66456,0.011320559532045266
66457,0.012792235898289437
66460,0.009561519439025721
66461,0.559184041290241
66462,0.04598599238017053
66463,0.016514409666725315
66464,0.2617420168252113
66467,0.0217652529667476
66468,0.37454715560441015
66469,0.2296630095282938
66474,0.052170384814117864
66475,0.02132372962364475
66476,0.27438691087768724
66478,0.22505587074976502
66481,0.20425487780469173
66482,0.17189083552197013
66483,0.18271400549648495
66484,0.07818477157974368
66485,0.02125951932815488
66488,0.06296933040140887
66489,0.011482038882750678
66490,0.015273553118144392
66491,0.3021722330772554
66492,0.4468330806231251
66495,0.006861021301656631
66496,0.382192573796369
66497,0.27063351124777285
66498,0.511066267193302
66499,0.0241045021437782
66502,0.030370222886643792
66503,0.003954458883894507
66504,0.0065427285000198045
66505,0.07205019771611612
66506,0.08780177018069937
66509,0.1279218894410577
66510,0.2649204178395996
66511,0.2847375470841375
66512,0.2931678508571242
66513,0.32127057854553953
66516,0.16982937742916945
66517,0.12164600643550341
66518,0.0044749168778759315
66519,0.030883117640760807
66520,0.003922584285484841
66523,0.0872357345742226
66524,0.05676574295358954
66525,0.11104606224470435
66526,0.2269260411315008
66527,0.2772587508717765
66530,0.00484799986454516
66531,0.0039264360310570555
66532,0.45506926844714385
66533,0.26729044611969527
66534,0.0673319256016828
66537,0.22283560074131875
66538,0.09093703446988684
66539,0.29744054019138655
66540,0.056958178362928984
66541,0.14477852168963268
66544,0.09653731024379043
66545,0.35442427877815336
66546,0.06568064879681021
66547,0.003980244087918929
66548,0.10841745153441323
66551,0.006819850815023911
66552,0.008064265889683018
66553,0.004652114683124107
66554,0.010539805129870232
66555,0.020374119980713437
66558,0.007526277600828348
66559,0.3892070721181991
66560,0.055014028295703205
66561,0.0038468412989926424
66562,0.011670060423862412
66565,0.004408556610865479
66566,0.01108330151740878
66567,0.006846673187302549
66568,0.01603137467515389
66569,0.012200784365989698
66572,0.04047854601254557
66573,0.005326785862870026
66574,0.008794209188565326
66575,0.007992970876957363
66576,0.018962220883074195
66579,0.12215520468737777
66580,0.47605803729955093
66581,0.00501760901136945
66582,0.02939470965813283
66587,0.12609577624853718
66588,0.26798112289866255
66589,0.008567188989482548
66590,0.008267230024693782
66593,0.009235058269226843
66594,0.021765292209413565
66595,0.08936103473529715
66596,0.12225753991453027
66600,0.5456049170142417
66601,0.008368514722255822
66602,0.36593058717658755
66603,0.02336383241636558
66604,0.044367341401037694
66607,0.039547968323093305
66608,0.005213630557260541
66609,0.48532849087185376
66610,0.011329325096332702
66611,0.4375657818438727
66614,0.4694317732533396
66615,0.06452605347308689
66616,0.4137139717704325
66617,0.010444253130054287
66618,0.03890886519773625
66621,0.49149917372608576
66622,0.46374400659706916
66623,0.02551340010384151
66624,0.00956863406859602
66625,0.06188480032645264
66628,0.03421990080612772
66629,0.00986715674755353
66630,0.0257624601454755
66631,0.1821251885273819
66632,0.025422966843476922
66635,0.02352092436431779
66636,0.013749070378874685
66637,0.02441226659691884
66638,0.004169841609829427
66639,0.20921960367796885
66642,0.004567198649502411
66643,0.03706767926257424
66644,0.018814797767423574
66645,0.343540011476904
66646,0.08250017923389534
66649,0.011464498348118805
66650,0.015738030035759524
66651,0.4640917797919095
66652,0.035495466049100005
66653,0.363454883181215
66656,0.003625416548995654
66657,0.005977982889971309
66658,0.5111110422896079
66659,0.007270429018858356
66660,0.005338538279366253
66663,0.09444321608518826
66664,0.014721543763797461
66665,0.06021971277917021
66666,0.020395997663240916
66667,0.10096215854793657
66670,0.1104570483617708
66671,0.06582185458189718
66672,0.2714154880829843
66673,0.008333197056170291
66674,0.09667780321009575
66677,0.0744085311150622
66678,0.0060456429427571045
66679,0.045558473610147
66680,0.035757474351244024
66681,0.004398219968472058
66684,0.006265791093978277
66685,0.24016552914088665
66686,0.05126258420357336
66687,0.004073005585073217
66688,0.08557998818248926
66691,0.08589516105831929
66692,0.2107848264034431
66693,0.3177381738168379
66694,0.013162352827932256
66695,0.011313032421556603
66698,0.004108510433506462
66699,0.011110067696014917
66700,0.16474356706610835
66701,0.46328094126801395
66702,0.0037750982418835385
66705,0.1004678383668281
66706,0.1161240105845122
66707,0.005649597629303777
66708,0.02891459335994373
66709,0.19029356632892763
66712,0.006148153477517087
66713,0.003615085278550244
66714,0.36532958880058763
66715,0.007043361656101225
66716,0.07776606884862103
66719,0.03937875984443459
66720,0.005382755987644808
66721,0.003993622439282267
66722,0.1494049614062924
66723,0.19204564818794734
66726,0.37675832325684555
66727,0.0324529417781756
66728,0.5297435306639219
66729,0.06962742083631848
66730,0.3906277773024097
66733,0.07199840234483412
66734,0.4631461941893271
66735,0.008045061961345462
66736,0.19491307824830761
66737,0.10650147740453576
66740,0.006728443030487427
66741,0.012643014402627564
66742,0.18580009863916683
66743,0.39336286257306285
66744,0.014767716695124678
66747,0.07739468069716199
66748,0.011411085578898892
66749,0.0585726697436399
66750,0.09717503890821275
66751,0.05681773965524316
66754,0.01246170758627796
66755,0.005689367748965851
66756,0.4401216301387216
66757,0.03913728332699276
66758,0.47979350137612686
66761,0.05197047214745679
66762,0.006192134422978697
66763,0.0896131319503204
66764,0.0048650393568239305
66765,0.0226985948967224
66768,0.0048179234053759255
66769,0.011888153098276783
66770,0.3344638693754648
66771,0.1742467687418076
66772,0.07580163364637121
66775,0.23789587841310694
66776,0.04529533519298101
66777,0.05107427866651954
66778,0.004292568148556223
66779,0.06188174461632844
66782,0.010251150921014428
66783,0.004612928757068027
66784,0.006425297873027201
66785,0.19522451909262645
66786,0.04497004662458735
66789,0.09589376125177161
66790,0.07346518073201756
66791,0.08967945394607099
66792,0.008306389982646016
66793,0.05621894112502664
66796,0.03898197791785812
66797,0.0037360304802746555
66798,0.41704053620915355
66799,0.046773454215243655
66800,0.010832312563092623
66803,0.26158431725014075
66804,0.02484644882609129
66805,0.1665162106229754
66806,0.00671199690528144
66807,0.1063523218619871
66810,0.1052556615513145
66811,0.026567519720668998
66812,0.22150321878923881
66813,0.13189914058866434
66814,0.06722070667774407
66817,0.09274889624888144
66818,0.0386135549284459
66819,0.026334761271229773
66820,0.03116955017386995
66821,0.019915443564912424
66824,0.11720889058678381
66825,0.2964686750108088
66826,0.011527117452406664
66827,0.0072712263135468495
66828,0.15191286937936047
66831,0.0704295108783148
66832,0.04408451034390991
66833,0.03689166974959951
66834,0.019332567900766068
66838,0.4574241057987829
66839,0.01406026316210645
66840,0.41207678453656554
66841,0.051411596647362584
66845,0.008150280374739098
66846,0.05607139410401075
66847,0.2636253181706421
66848,0.0036364881781934585
66849,0.005938130424467124
66852,0.010861973546672444
66853,0.0686587929471232
66854,0.22050840752833656
66855,0.0045390959445412125
66856,0.03694138955836093
66859,0.007158211358447093
66860,0.09791981141742113
66861,0.1013862007253529
66862,0.003613354934623713
66863,0.038945232176679855
66866,0.27488705116821194
66867,0.18331976889311713
66868,0.04774937878202262
66869,0.4548615635834992
66870,0.05273286194153481
66873,0.06592106631524963
66874,0.010374191269591172
66875,0.09152006607111864
66876,0.0036553851142005532
66877,0.22364181674354078
66880,0.027237879279074676
66881,0.35679174037810923
66882,0.013078236867211586
66883,0.0034269456736540412
66884,0.008438643285402296
66887,0.03260709211721317
66888,0.04693113690670927
66889,0.007768565769419178
66890,0.004625390904952986
66891,0.003518275268087231
66894,0.07375547371586265
66895,0.003483713325798073
66896,0.2537306647509852
66897,0.15366839766153487
66898,0.3577446814332828
66901,0.1399099571327677
66902,0.01093242438152674
66903,0.007063102431506416
66904,0.010329599524849421
66905,0.02207285899021379
66908,0.04026805342059678
66909,0.014799936105749457
66910,0.07579831164086828
66911,0.007483379933819754
66912,0.017391734616069666
66915,0.015633881527844302
66916,0.0359232104179542
66917,0.005962413265661536
66918,0.1545937877706433
66919,0.07958001632901264
66922,0.010355229516227199
66923,0.044806790224468984
66924,0.005831424461797
66925,0.09508277201931621
66926,0.08449517265500822
66929,0.00583858245279359
66930,0.05179560829130226
66931,0.0396825351996938
66932,0.1019120823716336
66937,0.13594132442825574
66938,0.01930289880637978
66939,0.30464806814374146
66940,0.0061133856947269685
66943,0.010225213582722279
66944,0.2114223197474001
66945,0.015846372311439892
66946,0.02536131568443789
66947,0.2182460376991359
66950,0.13821767773422827
66951,0.06868448235732537
66952,0.015404427760315921
66953,0.021033744831068457
66954,0.036393223287556196
66957,0.01077658131283783
66958,0.011371452831951132
66959,0.023394475589464992
66960,0.009786546002653222
66961,0.10080725545393779
66964,0.006016066049448943
66965,0.023727098195888235
66966,0.008144919034947974
66967,0.03378254776186811
66968,0.18297805774827658
66971,0.03444067362458927
66972,0.08326780827702927
66973,0.01547843103029043
66974,0.048529510027558405
66975,0.007571867218743756
66978,0.017092100696686405
66979,0.016527904105781154
66980,0.18401304241464445
66981,0.0035223003253061604
66982,0.00734572681149017
66985,0.00963189778866284
66986,0.10265210727222215
66987,0.035574381419139864
66988,0.27791527892194523
66989,0.035045014935851194
66992,0.26553297972307305
66993,0.03248751448506041
66994,0.0198252145969116
66995,0.07525226037270057
66996,0.04301632145855289
66999,0.006139558305432252
67000,0.32178803939144685
67001,0.009463550955697187
67002,0.23339896525559028
67003,0.46622510152120206
67006,0.21614613844245592
67007,0.010847325784251825
67008,0.06955702346909155
67009,0.00622452505282118
67010,0.037501102736475986
67013,0.5021879134215
67014,0.013901951923579693
67015,0.3187655266868535
67016,0.009547355165788625
67017,0.23637188623230973
67020,0.09453348385686408
67021,0.011027385275662386
67022,0.004067975019857529
67023,0.08262667509012776
67024,0.0077499182894489845
67027,0.2100724472604535
67028,0.008685025252000492
67029,0.0188225620429784
67030,0.20791789039427927
67031,0.11788316244744569
67034,0.2848801738122402
67035,0.07773274775623831
67036,0.19643063826230717
67037,0.02015241669181242
67038,0.0032893486177203277
67041,0.529015482408049
67042,0.034312335654040155
67043,0.028961646019531155
67044,0.00497477124049604
67045,0.04108418464834542
67048,0.033789494020489474
67049,0.049045201661366104
67050,0.13999366391248108
67051,0.4211330254609718
67052,0.06791603609824717
67055,0.42862149472696465
67056,0.03258043799634198
67057,0.11469228442824658
67058,0.03554524722036921
67059,0.2807588697365366
67062,0.004501744553392005
67063,0.005482165287650851
67064,0.21035950793708497
67065,0.09503585584500174
67066,0.02347357888698683
67069,0.34269463886341184
67070,0.0896655841426286
67071,0.15320478511951377
67072,0.0049063301485600935
67073,0.006797922406083649
67076,0.02789529102203588
67077,0.037957218416235776
67078,0.00452769213341456
67079,0.004486789369676347
67080,0.00370498207620896
67083,0.2936115527523526
67084,0.24466562831371383
67085,0.016856187769886836
67086,0.033979705878947344
67087,0.5108907802117835
67090,0.40769501033833383
67091,0.005629083145844676
67092,0.006216999752840152
67093,0.08818455518821049
67094,0.005538964421175207
67097,0.025870439786886048
67098,0.008605122012230196
67099,0.06124549381207996
67100,0.31212386854927726
67101,0.059262145694521144
67104,0.05242015195434586
67105,0.03224539127805001
67106,0.32493105617427703
67107,0.003280442693128921
67108,0.15832674095896648
67111,0.20052371344563086
67112,0.03650706400893755
67113,0.03458261734236894
67114,0.057317163204812914
67115,0.010227098861550002
67118,0.03844541700468203
67119,0.0237152312853426
67120,0.013116673591121578
67121,0.49325097297331105
67122,0.029029850009250093
67125,0.005695901803632569
67126,0.513116576664012
67127,0.06849140524580459
67128,0.004575556080574656
67129,0.08971632547017776
67132,0.051828708130610905
67133,0.0034285211221998443
67134,0.19937130351287535
67135,0.4000377529380526
67136,0.00646071267140076
67139,0.006159755338467905
67140,0.048301256910586524
67141,0.038799054701573646
67142,0.007293818782017482
67143,0.012087458579289266
67146,0.1414745929507049
67147,0.5140973336298881
67148,0.04637153983199405
67149,0.006457751011540237
67150,0.005328657460543956
67153,0.0038898148942685127
67154,0.0057933463360176456
67155,0.027492204715793583
67156,0.055590546513307706
67157,0.00997932617189305
67160,0.011965678336429315
67161,0.034151736235740186
67162,0.3562298423152046
67163,0.0045382245127771085
67164,0.05244216162150758
67167,0.08471917694281361
67168,0.021200296280780285
67169,0.016835377225177448
67170,0.1874066113174077
67171,0.007202030845196192
67174,0.12402877954321855
67175,0.2122612396012883
67176,0.06763543141621817
67177,0.012511944880247042
67178,0.0036829919751116555
67181,0.008298012751571939
67182,0.004192915295754509
67183,0.26965533585626295
67184,0.3870657662478181
67185,0.030726083644689758
67188,0.12362494105146692
67189,0.007511415496891127
67190,0.01692943726305073
67191,0.003570926149957064
67192,0.14868042543426702
67195,0.04461828475619976
67196,0.041160152241437015
67197,0.16120990994066442
67198,0.02589916745530376
67199,0.05564526877039414
67202,0.05463544943071361
67203,0.08462608128011544
67204,0.5130769956108847
67205,0.036870596869243905
67206,0.09762889169141312
67209,0.5564858806478291
67210,0.11251415059420235
67211,0.13108080745306824
67212,0.07202881274566408
67213,0.28172338973205796
67216,0.03968010328747105
67217,0.015137564327017886
67218,0.020939964972596325
67219,0.008467327674346018
67220,0.05301805356158065
67223,0.03734772283134041
67224,0.008169527215610404
67225,0.0601444675828767
67226,0.014405513431187313
67227,0.05800194295189802
67230,0.06331264983309273
67231,0.010599120121582503
67232,0.22485575751416592
67233,0.09565806807435862
67234,0.17378588790530633
67237,0.08590150736074724
67238,0.16819339940336894
67239,0.027191851627572577
67240,0.008676611478737193
67241,0.009214235939745722
67244,0.08344930523629038
67245,0.003203539686963702
67246,0.02518556596588561
67247,0.06952086396361416
67248,0.007125448091809436
67251,0.012365493438701749
67252,0.01117138691345657
67253,0.2008775879117852
67254,0.0484568411339217
67255,0.006200898402581433
67258,0.040184911384067615
67259,0.01573396452958219
67260,0.02591382853369946
67261,0.006855220007279973
67262,0.12645779571092847
67265,0.027633645239993197
67266,0.29376924527422155
67267,0.015164049137345394
67268,0.012187840883726441
67269,0.4471659354516871
67272,0.016335413788615888
67273,0.06396942837947404
67274,0.29231258186899733
67275,0.0622315625728653
67276,0.20253709679649168
67279,0.06362969306847968
67280,0.07490738053352027
67281,0.011753304219295378
67282,0.009742780777272671
67283,0.0233575489506799
67286,0.49656450290236553
67287,0.0042843581992164734
67288,0.015418848322607238
67289,0.4674965278353406
67294,0.007693511975622253
67295,0.1959604454446811
67296,0.026955241087499245
67297,0.04858799094383373
67300,0.06205052226921505
67301,0.005299729711885179
67302,0.056596024936635125
67303,0.3766907721944769
67304,0.003930735332959424
67307,0.004503049677730437
67308,0.015503862306107065
67309,0.04818640776191344
67310,0.34355848518063126
67311,0.008878159372299979
67314,0.37623649819289434
67315,0.39002145765691154
67316,0.03344757524784638
67317,0.24141933249163294
67318,0.5364802302072357
67321,0.06082726554005327
67322,0.2721291146971964
67323,0.24083326329284888
67324,0.37324994605945266
67325,0.19062433753612862
67329,0.013120509321545465
67330,0.008037007946854044
67331,0.05206356899781904
67332,0.03921564485796951
67335,0.4705122421396799
67336,0.3881997355249069
67337,0.14462743760758068
67338,0.03221051956289209
67339,0.01154097266709767
67342,0.023361720541827283
67343,0.07135694854866714
67344,0.3000803585384331
67345,0.009284700988413535
67346,0.08276691590736554
67349,0.011730093573493854
67350,0.03781162886629555
67351,0.011565801358157258
67352,0.004772287889530897
67353,0.0044391333034400175
67356,0.03363395967081433
67357,0.03806361738587162
67358,0.1383341229711534
67359,0.004101639544364002
67360,0.05040847115385014
67363,0.2855202308092407
67364,0.057512711247039064
67365,0.286294343308546
67366,0.03984595931093722
67367,0.029263584004967595
67370,0.09462766073637875
67371,0.38287188335225836
67372,0.003925764688438984
67373,0.009594520796833839
67374,0.006798517146406328
67377,0.08114211685635907
67378,0.010235912626518306
67379,0.04352013284141931
67380,0.1938513062187958
67381,0.2900061599471261
67384,0.0909268585856246
67385,0.27060461022267446
67386,0.002933020861721178
67387,0.43054844182984525
67388,0.05484020861352988
67391,0.05175084426413512
67392,0.11474590146563046
67393,0.027634048810236775
67394,0.2533489742537144
67395,0.009032810126169175
67398,0.09700567789776283
67399,0.02485073433500835
67400,0.012921465206035584
67401,0.005188843666962651
67402,0.00686489235029964
67405,0.022704892261430364
67406,0.07220634462456554
67407,0.039459551322407097
67408,0.009755795291990523
67409,0.005501592908932364
67412,0.3227057224929726
67413,0.07349974696565377
67414,0.009371794702115112
67415,0.05743828072714412
67416,0.09692705726838904
67419,0.06389273680215803
67420,0.023305506548354393
67421,0.0028816709252440617
67422,0.041545023682175164
67423,0.18581583417336137
67426,0.23625907474861063
67427,0.4456349241222344
67428,0.029346651193656894
67429,0.03162814225160058
67430,0.18893057587746614
67433,0.014284306703561617
67434,0.011220918203332498
67435,0.14219343061082343
67436,0.09085074535424283
67437,0.0030136998769295675
67440,0.07746292090470289
67441,0.010099764886743242
67442,0.05121476009264043
67443,0.008504146531401961
67444,0.00966519173739978
67447,0.016473259781226282
67448,0.006144513665792971
67449,0.003935861673613022
67450,0.02615252353095523
67451,0.15913836095030334
67454,0.06800882756869672
67455,0.010202831937273681
67456,0.01797524940183069
67457,0.21788678726969907
67458,0.42472329047365887
67461,0.015162675379975774
67462,0.14797282814763837
67463,0.039862665663582285
67464,0.010823509652200388
67465,0.02858137965189597
67468,0.3584690069111268
67469,0.20894145062468847
67470,0.1748411315427658
67471,0.1426529135412876
67472,0.028138782955125313
67475,0.03889859621975632
67476,0.19032619317606778
67477,0.38937616737039127
67478,0.22499746418608202
67479,0.0030768779908828736
67482,0.04684866447033054
67483,0.00570225082659886
67484,0.006289035790032123
67485,0.03732072853844914
67486,0.013311586665652278
67489,0.20088018705127322
67490,0.014650117181043667
67491,0.13187960032539814
67492,0.006855748541359979
67493,0.3572431573612842
67496,0.009351161408997551
67497,0.32784942242812404
67498,0.005280848671706685
67499,0.11138327335655546
67500,0.017499625376091576
67503,0.042255347184064075
67504,0.08017582206003265
67505,0.018330278089388856
67506,0.0037116162415262908
67507,0.44683186809765
67510,0.004314628717789584
67511,0.02219110721252936
67512,0.00777798912330403
67513,0.07298411736558183
67514,0.04582905999835723
67517,0.005610819086685877
67518,0.06191771936818881
67519,0.03284925819216698
67520,0.4992840326345441
67521,0.24008347155744175
67524,0.0186319599943651
67525,0.012507522494917217
67526,0.025460908562590815
67527,0.26020870875255137
67528,0.05260477916174585
67531,0.08480579397497073
67532,0.040296579965454486
67533,0.005545606720287547
67534,0.009141303752503757
67535,0.35602259417743715
67538,0.004982923038454996
67539,0.045683001990817436
67540,0.010814824585183761
67541,0.2645220300783128
67542,0.01592358600942466
67545,0.15881615619940245
67546,0.054464015701942425
67547,0.5077295766437023
67548,0.24868846030050104
67549,0.3408570797922325
67552,0.15587265094572447
67553,0.32675482676943196
67554,0.01419964959380778
67555,0.4758856594345807
67556,0.021027270596575498
67559,0.2632927860725942
67560,0.003705754470273826
67561,0.003949473330828765
67562,0.1679479038522627
67563,0.021373572374764636
67568,0.47828812542611626
67569,0.003968722186784558
67570,0.03466380190146464
67574,0.44111512050756696
67575,0.09020638823536498
67576,0.36903431858375013
67577,0.06901525020630381
67580,0.015874011304550104
67581,0.04586252516161322
67582,0.07243074072750316
67583,0.2947448767845919
67584,0.15121599175939443
67587,0.32596035807561075
67588,0.007637788557071444
67589,0.27054040678302654
67590,0.023533221940934244
67591,0.08993027765439233
67594,0.16708037768426887
67595,0.01860580048522657
67596,0.04900456773060177
67597,0.06626177361568637
67598,0.023817139124530005
67601,0.04082410449661514
67602,0.11063695127015712
67603,0.028473521719642386
67604,0.01583674510215077
67605,0.4810218375951728
67608,0.046670990351286974
67609,0.4079585981334298
67610,0.20589280069524402
67611,0.028218095512366925
67612,0.005561580653374391
67615,0.005087930379363088
67616,0.3821172783771169
67617,0.05976057706735872
67618,0.025009416593601497
67619,0.25359331139497987
67622,0.009478134636865249
67623,0.010606181620411888
67624,0.004551748481696196
67625,0.5295440173856664
67626,0.17507634104678002
67629,0.006815143193412868
67630,0.015667340576597463
67631,0.004765274463037995
67632,0.40866118852803296
67633,0.023160869878877048
67636,0.026854027841115388
67637,0.45808618757947733
67638,0.03606808352702405
67639,0.021641827449136675
67640,0.20016760432737005
67643,0.1293456987350091
67644,0.018351817993874343
67645,0.045829770550511184
67646,0.005761445610926437
67647,0.08953917098824311
67650,0.13393054477642888
67651,0.0029296276435132997
67652,0.004336299331837924
67653,0.4743957785147267
67654,0.009151149091858558
67657,0.30762283157092885
67658,0.47813595955752647
67659,0.1288982986835828
67660,0.13190574375157438
67661,0.0070542961069593076
67664,0.01257296816603039
67665,0.002969621874027299
67666,0.01251139833107781
67667,0.059640443214507295
67668,0.013373389182546883
67671,0.0026959016863592118
67672,0.012587784139067104
67673,0.009563439402733489
67674,0.0037299888821098713
67679,0.30187097025853066
67680,0.012931402622456664
67681,0.005937202273821609
67682,0.003417765696880003
67685,0.17963315303104926
67686,0.03768090000176652
67687,0.01469366703590264
67688,0.14783514962659244
67689,0.02251044529262412
67692,0.14002627150441457
67694,0.09341141017077563
67695,0.05248977382247436
67696,0.03288165490455021
67699,0.050310666871771416
67700,0.039816618352620486
67701,0.11242066990055226
67702,0.23674680019823607
67703,0.4293964281024333
67706,0.1942669611141669
67707,0.0247714324093413
67708,0.00833139952997582
67709,0.2240017076561297
67710,0.30966051393167454
67713,0.01012972726141318
67714,0.10840439846787824
67715,0.0034407371092095456
67716,0.01220107890629513
67717,0.09656964279039029
67720,0.11775732127845823
67721,0.03372670551134071
67722,0.3620808771270218
67723,0.2947321497819383
67724,0.21600839505576364
67727,0.008816895942193688
67728,0.03550792363713198
67729,0.5220866106065859
67730,0.015129074862561992
67731,0.05745197340452997
67734,0.03604923301392225
67735,0.17593812158208316
67736,0.02895922840861773
67737,0.002951044615539782
67738,0.3729987356524842
67741,0.12109976262598789
67742,0.15068838581251187
67743,0.14626997831778435
67744,0.07294269982905584
67745,0.006964513382130605
67748,0.004193822974798166
67749,0.18728586939643696
67750,0.030290143424036277
67751,0.018326352498779057
67752,0.03390089220728805
67755,0.054176209178483814
67756,0.19772088316360711
67757,0.04054467950369631
67758,0.06456016247432059
67759,0.007831972106848425
67762,0.009285989967095605
67763,0.2694793485866295
67764,0.3436916337937503
67765,0.004282306484897498
67766,0.03143926231221386
67769,0.005600939558918661
67770,0.40422077391760425
67771,0.032963031086759034
67772,0.030757423358471255
67773,0.005509377189646324
67776,0.32717369100558985
67777,0.152294999258698
67778,0.0625879185714984
67779,0.005352153944919313
67780,0.0036190088466785636
67783,0.0027104731373162614
67784,0.0032426993457852363
67785,0.5342814421045222
67786,0.427185510223794
67787,0.2501751515463253
67790,0.08511258857546032
67791,0.0064690935501516295
67792,0.00462152654242693
67793,0.20268084953784138
67794,0.019940282481981132
67797,0.004043505030440645
67798,0.045950205226848
67799,0.3165597436162538
67800,0.047417378622084914
67801,0.07358142406435511
67804,0.024930325580018276
67805,0.052507659312975616
67806,0.5022946212269646
67807,0.002674510393788454
67808,0.02991332146858889
67811,0.04349481501021202
67812,0.003298780119998442
67813,0.23894822482104547
67814,0.19977728859103916
67815,0.007234953750904963
67818,0.13603776092361428
67819,0.007577247558277062
67820,0.1284248652860227
67821,0.46115620747747876
67822,0.0344095251418881
67825,0.19179472609723686
67826,0.009446047937352963
67827,0.017659033026198968
67828,0.003879726353181878
67829,0.008248587945266287
67832,0.20878006212262212
67833,0.0075158200491433
67834,0.017585321199630764
67835,0.015192560286765574
67836,0.006321825220287024
67839,0.02529794040677635
67840,0.045123748649100105
67841,0.01804963062329312
67842,0.11120701223848925
67843,0.20658480399598786
67846,0.02008337382991261
67847,0.156832931181688
67848,0.35846064201634176
67849,0.5489523718793617
67850,0.020980335388519022
67853,0.0786851927220394
67854,0.009672952403516304
67855,0.07334924835191056
67856,0.04043434720810535
67857,0.06177826522608325
67860,0.01668895951562049
67861,0.08119196735617831
67862,0.003099494464262306
67863,0.0035945444513497435
67864,0.0057705310218649
67867,0.003910111457539119
67868,0.049209033804000164
67869,0.03077425850430715
67870,0.010184449943833216
67871,0.013035495420495376
67874,0.004577089932352861
67875,0.011685376637456274
67876,0.0025704009482415335
67877,0.08443851848458125
67878,0.0062356706386153
67881,0.012905803332853202
67882,0.013344281541832623
67883,0.09532510913793997
67884,0.008035405825032373
67885,0.004332636277363892
67888,0.16969711552677136
67889,0.01899620929373637
67890,0.0666717937325599
67891,0.002677333903433699
67892,0.0418029953238079
67895,0.16091115948150855
67896,0.07041134721228515
67897,0.016284784603074066
67898,0.3650585115262967
67899,0.02133371299767269
67902,0.0036540915430987755
67903,0.005646122768938559
67904,0.381875815649783
67905,0.0026125720132734545
67906,0.012766323694774333
67909,0.2293728182099772
67910,0.5141137512399339
67911,0.2184874110978867
67912,0.0060163405949807255
67913,0.4891506429995437
67916,0.15650516410414939
67917,0.009290678368376208
67918,0.023363672313017097
67919,0.008097551007182267
67920,0.009859913526092647
67923,0.4183265126607461
67924,0.004476469887816491
67925,0.16162603451539773
67926,0.027831096078972283
67927,0.01704828729975735
67930,0.22134334262965424
67933,0.002844030665949085
67934,0.039511404194707125
67937,0.40251527183525454
67939,0.0035035555362118017
67940,0.023255734575043294
67941,0.012645568498927399
67944,0.03231122020027575
67945,0.0060818031969192
67946,0.45924392384115276
67947,0.12907370030801615
67948,0.043570267198441155
67951,0.36315739090660104
67952,0.012168870727558463
67953,0.06560916210296949
67954,0.12603735453244438
67955,0.5390715301077496
67958,0.011274185040172075
67959,0.0060924418605292335
67960,0.06506651262806756
67961,0.02610109637128605
67962,0.1605595970453873
67965,0.019072540315553076
67966,0.5140103462472432
67967,0.039215741483610796
67968,0.01692614443604601
67969,0.0038536166698822285
67972,0.06996077586220796
67973,0.008797184587929784
67974,0.021737131174189864
67975,0.0036687172010686133
67976,0.06377652551909037
67979,0.09784332785459277
67980,0.004544822196591755
67981,0.4204316641896232
67982,0.2625282667552991
67983,0.3514290612380951
67986,0.0057574291855596055
67987,0.5179480444792284
67988,0.005205780096372444
67989,0.04783982592791154
67990,0.5366605694060216
67993,0.06252609956063558
67994,0.19974616357214825
67995,0.01874476650930947
67996,0.01392332389824742
67997,0.0392785321012901
68000,0.4404143662350948
68001,0.01577186304059757
68002,0.005769122754536159
68003,0.011140908327541834
68004,0.0061558132123538944
68007,0.1852915134409252
68008,0.004471173156869357
68009,0.09591124880174853
68010,0.5098155899891545
68011,0.0057149450814522615
68014,0.0033525389354068544
68015,0.0157787959315776
68016,0.15662567877594488
68017,0.14031103122085528
68018,0.043855008752447626
68021,0.004246237576623778
68022,0.2438107467681857
68023,0.006262365512879125
68024,0.11318959753949577
68029,0.006871139334006415
68030,0.0037519250871634845
68031,0.05409754148341664
68032,0.07585700941349843
68035,0.007102495485177141
68036,0.03111371880286268
68037,0.013436821760340062
68038,0.01875815171953944
68039,0.2392403294294058
68042,0.005630564499509278
68043,0.18958144358034398
68044,0.003503006228319937
68045,0.14085262235889628
68046,0.010260874197108496
68049,0.11705150840313379
68050,0.09780115455101952
68051,0.10200512364143074
68052,0.009498494744278087
68053,0.026756834767178047
68056,0.004563076596182272
68057,0.10340524579767742
68059,0.012842722506011232
68060,0.009225936013205463
68063,0.24069629769440642
68064,0.062323215434929906
68065,0.039892522122665953
68066,0.07949136302218085
68067,0.095360555858683
68070,0.01320813263888538
68071,0.16964224427219965
68072,0.011655779184759229
68073,0.003425245923200786
68074,0.025478761789433774
68077,0.019814472306258008
68078,0.3763768541051419
68079,0.005016024728165834
68080,0.11619710173729422
68081,0.01941540575387431
68084,0.002688806372482444
68085,0.021573844555957084
68086,0.010695242424712741
68087,0.04874317018483888
68088,0.3941232207225097
68091,0.0071917508808630685
68092,0.4522604122436345
68093,0.012170105371188181
68094,0.482886454075567
68095,0.005056044111537811
68098,0.23225590080356862
68099,0.03345945089991099
68100,0.021325730921155344
68101,0.045523152587281984
68102,0.0858490553131765
68105,0.04302833080987864
68106,0.10064792479386812
68107,0.050548575488334135
68108,0.07773330036494983
68109,0.025192186729658596
68112,0.14997754704275035
68113,0.002533035146758754
68114,0.03590495516882395
68115,0.19021208385899102
68116,0.04085320752723903
68119,0.004915907776587465
68120,0.4854052609495838
68121,0.013573772241511694
68122,0.027758434005547554
68123,0.21731457556376468
68126,0.006404345770732642
68127,0.07346738014704707
68128,0.110514841747876
68129,0.006039741758630408
68130,0.016938528455503817
68133,0.004119950645724944
68134,0.017740861420132398
68135,0.009699254905058727
68136,0.005763019582751024
68137,0.40553579575678783
68140,0.007998442538347177
68141,0.019349036472902866
68142,0.3741359927215391
68143,0.03427930072627034
68144,0.34863779827674124
68147,0.009934811721903638
68148,0.027862917237304313
68149,0.00303641830074953
68150,0.20145114669148934
68151,0.020138590198364996
68154,0.17248883320918018
68155,0.019263035090831215
68156,0.010660990672494531
68157,0.010678869309714055
68158,0.006441337579575372
68161,0.005219694515246237
68162,0.3583213098502189
68163,0.08411232342851643
68164,0.012916676094436062
68165,0.0360758162469494
68168,0.19308839781836473
68169,0.026844470896154226
68170,0.05924296284007407
68171,0.06512705660276313
68172,0.006609694136405601
68175,0.05915261959775681
68176,0.47239316189836683
68177,0.3976026965797453
68178,0.005122837491097802
68179,0.002899354903886284
68182,0.01278099530829769
68183,0.0748018283192045
68184,0.003264631271129806
68185,0.014687812584798312
68186,0.0054562410574491415
68189,0.008365767654986282
68190,0.06895443444475279
68191,0.04005230834549237
68192,0.1975814198707601
68193,0.11087623397786822
68196,0.007812033362733893
68197,0.004150675103187098
68198,0.0104654123147234
68199,0.043071032367581544
68200,0.34010402605660145
68203,0.39959706425449615
68204,0.07067056211274071
68205,0.04335309532944911
68206,0.019610390978205435
68207,0.5262374220385568
68210,0.0024529517857777927
68211,0.07473168896021534
68212,0.005312686044652748
68213,0.029363299584261555
68214,0.2673799825737188
68217,0.006992841482316892
68218,0.011289587860968729
68219,0.03056706193891971
68220,0.03279045360627834
68221,0.33796003340437497
68224,0.01514346071445243
68225,0.003750888605881779
68226,0.32739975716268005
68227,0.12912443437670312
68228,0.003935635850292962
68231,0.1151868588474521
68232,0.015278840284302866
68233,0.029293665744503455
68234,0.020926400590977078
68235,0.056130340924724374
68238,0.10567101915153006
68239,0.4177852417752664
68240,0.009309705259777302
68241,0.00921595695312171
68242,0.013912967487169976
68245,0.01612541519922682
68246,0.14363459306791052
68247,0.48196846425466516
68248,0.006533609186649761
68249,0.03710420148530404
68252,0.10164216100803543
68253,0.31178039319376993
68254,0.3863551591515599
68255,0.08073807345846078
68256,0.006665277160987224
68259,0.0035697619847387544
68260,0.0040248325108129795
68261,0.0035431005935270374
68262,0.0037883423226768072
68263,0.030391162128533433
68266,0.1637830042000787
68267,0.006896754721467292
68268,0.1689490243058199
68269,0.12604818074302895
68270,0.15178326235237272
68273,0.03244707358617064
68274,0.09342078654199942
68275,0.2339639028132207
68276,0.04549602739099679
68277,0.004541979844470263
68280,0.023906738018219045
68281,0.0044288299696847045
68282,0.1860846557234203
68283,0.21798550911655834
68284,0.02324207555244447
68287,0.04296790892160273
68288,0.01461101033131431
68289,0.006992635329871591
68290,0.00886410142809348
68291,0.003112388993770995
68294,0.06131964695694597
68295,0.17549116298754394
68298,0.02654376824924546
68301,0.29632930902408583
68302,0.1116000208348517
68304,0.17392988544467358
68305,0.061805993151245006
68308,0.29544774189507006
68309,0.45657584022196107
68310,0.014822137138310787
68311,0.01912934703827867
68312,0.011166362849443008
68315,0.014519138425255217
68316,0.29037313016134764
68317,0.11008136478820531
68318,0.2670630800132484
68319,0.0053275692677628534
68322,0.00901932830429947
68323,0.17983968814080026
68324,0.08350111577293891
68325,0.0026990481025380812
68326,0.02083978328976419
68329,0.006686468633008079
68330,0.12714596737509087
68331,0.17151040551611044
68332,0.007345231591418355
68333,0.012580135009201755
68336,0.012915203833322161
68337,0.026127100478192694
68338,0.024599152876727003
68339,0.009557386967845234
68340,0.12330856493004197
68343,0.07824134431400008
68344,0.004524746493657393
68345,0.09955787167756873
68346,0.02701105643810929
68347,0.011441588820101458
68350,0.002232756244747269
68351,0.04967222933572556
68352,0.051669429352096535
68353,0.005296290879710232
68354,0.006492001494885485
68357,0.00976648986474222
68358,0.04256117678483911
68359,0.09150861743699439
68360,0.019122297534485834
68361,0.004393953021713274
68364,0.0042121236639241205
68365,0.2989607833454657
68366,0.051500401975519514
68367,0.042159591765253315
68368,0.0025117572292310208
68371,0.013039168068436024
68372,0.05779255035674481
68373,0.4702717705161863
68374,0.024210461749581462
68375,0.3199297440905467
68378,0.005506339248246701
68379,0.008640143500525851
68380,0.04306861376026496
68381,0.0511549788863438
68382,0.0038920320995385477
68385,0.11092975514057939
68386,0.13780512054056915
68387,0.003087363413331101
68388,0.006310955836693065
68389,0.0059264501321576275
68392,0.18523209458529183
68393,0.24646838369928015
68394,0.47001118352221727
68395,0.14708183114859139
68396,0.007640619547786079
68399,0.14462485419043178
68400,0.009785388206578097
68401,0.13545000424169573
68402,0.061489030939652425
68403,0.0024134011733228486
68406,0.14078649195082574
68407,0.06820142519170105
68408,0.10324059882724836
68409,0.29640392689305184
68414,0.03645521811754805
68415,0.06727033654617422
68416,0.011776795098475913
68417,0.005987635322907564
68420,0.026993711034903518
68421,0.4538886975756614
68422,0.01787978599213037
68424,0.3993679164177516
68427,0.018118225890308835
68428,0.012404945416973269
68429,0.18211225832703032
68430,0.005912454134356734
68431,0.003564219572543054
68434,0.00611450386281025
68435,0.10069890939160159
68436,0.021310332491866636
68437,0.0034863608556921586
68438,0.09239017232509959
68441,0.005875414328211836
68442,0.514124838803208
68443,0.5309107749682902
68444,0.008189798057313546
68445,0.008109984348966993
68448,0.006962408938572861
68449,0.0031959098560191707
68450,0.2825304016478889
68451,0.15051916615863628
68452,0.00369240290944573
68455,0.20356458689145449
68456,0.012529175268817902
68457,0.02895488312507228
68458,0.34205968387576974
68459,0.11208362805775166
68462,0.030589895512403615
68463,0.004890194222106446
68464,0.010877795578736383
68465,0.01745416892272812
68466,0.03496942156497957
68469,0.10397359708405425
68470,0.2801323863862549
68471,0.05649199627312216
68472,0.4623714890990535
68473,0.16865540794645192
68476,0.049606417870133326
68477,0.05355309747741452
68478,0.42368011608162837
68479,0.020872577698985924
68480,0.025942283613265716
68483,0.351397343401671
68484,0.002945493876395904
68485,0.31237447993459394
68486,0.0047972187983363794
68487,0.5401227549615862
68490,0.004117847582770014
68491,0.485104660858336
68492,0.00819141308181646
68493,0.07320788518687132
68494,0.009125005190584099
68497,0.058633639049061846
68498,0.3654101685373894
68499,0.00775209961710859
68500,0.3646812479506908
68501,0.0032945119978321103
68504,0.40790472744895134
68505,0.03813272904909289
68506,0.009899734928327984
68507,0.06137906477428325
68508,0.16253514381608702
68511,0.0081005973345398
68512,0.007044421665275681
68513,0.0032740276015198883
68514,0.06740650104205596
68515,0.03280483179328747
68518,0.07241620299294173
68519,0.13024259830573362
68520,0.00845382183925521
68521,0.08243910182886041
68522,0.0504988647023876
68525,0.05780578083429255
68526,0.010442035060738986
68527,0.0033520939174874
68528,0.013459311091211838
68529,0.039664726046321465
68532,0.007213925053609214
68533,0.015510981667853625
68534,0.3862370414009758
68535,0.31805111998991237
68536,0.4379457046446807
68539,0.04298477612164069
68540,0.005560929079305826
68541,0.09530365348490702
68542,0.06426854492664394
68543,0.003496027784623332
68546,0.005223310327297736
68547,0.01353791233837872
68548,0.12308493734140942
68549,0.2823054984969931
68550,0.494109188943118
68553,0.2983837898085674
68554,0.10662328940042705
68555,0.025329693056647
68556,0.3786918939307652
68557,0.2536974841586795
68560,0.19778793862861832
68561,0.016219500791483835
68562,0.017740409130019143
68563,0.025440735822154153
68564,0.1345339036352486
68567,0.06887995530669605
68568,0.3157139038978446
68569,0.1536626212785463
68570,0.003706734380001854
68571,0.0023512919310276206
68574,0.014832598661970649
68575,0.003329439026679367
68576,0.01523731180641374
68577,0.4488949113658755
68578,0.0021347035845056903
68581,0.3115655734350699
68582,0.012196168133520455
68583,0.13257647851593088
68584,0.06122271828794592
68585,0.01494459091319049
68588,0.047792729056449726
68589,0.13420107703838755
68590,0.08420892764271333
68591,0.08094322108316117
68592,0.0026180817530330252
68595,0.006387703633507981
68596,0.04223460912077526
68597,0.17775769532097088
68598,0.0059583607030591675
68599,0.22523858911478867
68602,0.1674875219076191
68603,0.07055971576800568
68604,0.004047696694850203
68605,0.2592766886699756
68606,0.2733968404995078
68609,0.03462252160362564
68610,0.11601245956675987
68611,0.022843570007934744
68612,0.04379051123925239
68613,0.04803807143470009
68616,0.28928190815509247
68617,0.24608380244447337
68618,0.005608567622483693
68619,0.003910654155131947
68620,0.14617236781301052
68623,0.2867880219328999
68624,0.40047516303133995
68625,0.018287660867629573
68626,0.010079998759812416
68627,0.06775025001428825
68630,0.012283147151489756
68631,0.010204777363082184
68632,0.002960378918126201
68633,0.3756048139125685
68634,0.18483815378866408
68637,0.3679834310883806
68638,0.004299905722691371
68639,0.006540692516360803
68640,0.02199666046902143
68641,0.33818833355614036
68644,0.11764788678998397
68645,0.10269059381294061
68646,0.02374227093537262
68647,0.1280500977921545
68648,0.3588351960538661
68651,0.009204113972207375
68652,0.10184368480698998
68653,0.043363618260604635
68654,0.2645174318588387
68655,0.006165675822832062
68658,0.023071412599593253
68659,0.003548043463219682
68660,0.034074795813939206
68665,0.0028374477768535397
68666,0.0037389218989148892
68667,0.021675778117789528
68669,0.002956022811389519
68672,0.08890751245881665
68673,0.07012598047301156
68674,0.41774715774639065
68675,0.020162272742738747
68676,0.009618930182920307
68679,0.007209823721155826
68680,0.23342811086034643
68681,0.0452199477075671
68682,0.2007225619964759
68683,0.013406691311253844
68686,0.2229938724369237
68687,0.0034730228039602886
68688,0.148646700220749
68689,0.10590311133236155
68690,0.004670931282182988
68693,0.0416819337133023
68694,0.4705761728691656
68695,0.03406473542208408
68696,0.3356442136917329
68697,0.0022023649245500763
68700,0.020197836255861683
68701,0.12850151127995496
68702,0.023135740888182415
68703,0.3502190225067007
68704,0.006189098178600052
68707,0.0030705881866782297
68708,0.0040783090022032025
68709,0.07979077235009328
68710,0.08723178435411441
68711,0.4420671185156872
68714,0.014150429775790284
68715,0.02711587458887579
68716,0.0413441101646515
68717,0.0033809293452096
68718,0.21051278291717096
68721,0.5093333804128084
68722,0.3569203308211688
68723,0.1543462263556166
68724,0.4463308925025491
68725,0.03238348472790752
68728,0.09293314539291196
68729,0.1960479547759157
68730,0.008127705093067863
68731,0.17144651317960966
68732,0.011519321835780796
68735,0.07629012023591765
68736,0.030746184991078673
68737,0.00290510798809107
68738,0.4360828548526972
68739,0.032784237008035955
68742,0.004523842304502432
68743,0.02006404929482951
68744,0.11424228033233388
68745,0.05812946481618398
68746,0.011968898637886636
68749,0.0036846602905128622
68750,0.42692834253023765
68751,0.3600117451971714
68752,0.08718677834494046
68753,0.14607148429492853
68756,0.12199380874929587
68757,0.15573428714780074
68758,0.17954661183081655
68759,0.2585729805862657
68760,0.0028865352930911143
68763,0.2396125672492295
68764,0.17105236487963116
68765,0.13531431854705364
68766,0.0028972668934917176
68771,0.0078072580585100216
68772,0.006453183873025079
68773,0.2986161167095883
68774,0.004968699600273865
68777,0.05458690799587966
68778,0.12319079775238635
68779,0.021352782181315217
68780,0.005370248050221852
68781,0.006851360233351874
68784,0.003669639725365028
68785,0.0029630748359481406
68786,0.14136852404627795
68787,0.04993670555459724
68788,0.4943810811653857
68791,0.003889124578146707
68792,0.22565767404500112
68793,0.004296082316516167
68794,0.08471039024375622
68795,0.06816895078558116
68798,0.4308050302389289
68799,0.08586324756953499
68800,0.003688802971559985
68801,0.4648414279654
68802,0.054984497495957706
68805,0.44977626222853356
68806,0.0670237519517633
68807,0.20371546137633315
68808,0.13037727538432572
68809,0.003909665115880461
68812,0.046482935167907274
68813,0.11546333481575714
68814,0.019668918368918268
68815,0.24163560765383893
68816,0.12514569846391854
68819,0.025026038375909283
68820,0.14142974067435676
68821,0.01187055163831483
68822,0.0340101990032596
68823,0.00704712459685304
68826,0.0026191623503549646
68827,0.279860216199745
68828,0.08193492575926917
68829,0.08917978642986076
68830,0.22941963229876486
68833,0.005670996433078813
68834,0.0075248385752278634
68835,0.035318135723039136
68836,0.02617368662508005
68837,0.3836028897501628
68840,0.02367735493368382
68841,0.0062967040209822795
68842,0.021355482851244997
68843,0.12075874404785428
68844,0.012611538934713812
68847,0.07032800831091825
68848,0.025101765104376148
68849,0.03462938107230831
68850,0.06294282497478661
68851,0.009439464976498085
68854,0.003732985447558186
68855,0.5201605868419826
68856,0.002821351580604096
68857,0.030233087427403254
68858,0.010437888717798202
68861,0.0043678766478632185
68862,0.03877563347747952
68863,0.004903137260075292
68864,0.19730431843194432
68865,0.21885386768606585
68868,0.013285300975999956
68869,0.004017827686117383
68870,0.0035438325475817436
68871,0.014343505864503019
68872,0.027884072109076032
68875,0.08302652694641496
68876,0.002162347820728416
68877,0.08865324241518266
68878,0.008141909775174608
68879,0.026854594937984536
68882,0.017451572318097124
68883,0.05849795008868849
68884,0.0023500376595377813
68885,0.021458400803097404
68886,0.002734691810477274
68889,0.512743390411227
68890,0.021321435104475563
68891,0.009452037141950781
68892,0.008077160362361759
68893,0.003283395166105867
68896,0.5219262349940765
68897,0.5340114370529375
68898,0.037472681156241985
68899,0.45363961860244423
68900,0.002215597145880327
68903,0.15319445702508108
68904,0.03735585017384907
68905,0.37908978118888015
68906,0.028278328037345618
68907,0.0629393922488162
68910,0.4158693432577947
68911,0.08098106108927709
68912,0.05896242661297404
68913,0.002024559325039779
68914,0.16578364421695307
68917,0.0248362728498903
68918,0.0020517186031501697
68919,0.006164771010432296
68920,0.0019818553080569856
68921,0.002281953319891739
68924,0.03386915281587757
68925,0.01055481108983756
68926,0.28685372122207337
68927,0.04447044842146835
68928,0.005590240091585319
68931,0.030951333172563798
68932,0.010170977076700607
68933,0.007977303972360824
68934,0.12800790248900243
68935,0.003832210812499452
68938,0.03996558002510888
68939,0.16332633580721978
68940,0.004056105600277
68941,0.05062794003432594
68942,0.00775992330039045
68945,0.024274432057306675
68946,0.061969548077253335
68947,0.0055393196114549275
68948,0.019754143440791842
68949,0.05898282417479692
68952,0.2878160921894297
68953,0.003413142009264587
68954,0.4372679626961369
68955,0.004092632791245086
68956,0.07004135490265022
68959,0.014465461763283094
68960,0.0029296158935383843
68961,0.22681257384274678
68962,0.02175547410609446
68963,0.007133441646252729
68966,0.007409908031143161
68967,0.027449221599363693
68968,0.015682385601906657
68969,0.007407525203641648
68970,0.0046215390401845476
68973,0.007224164020568339
68974,0.07228666211271012
68975,0.001915697863823935
68976,0.04586466559763052
68977,0.4649277117133644
68980,0.06880631686031682
68981,0.2593030001895682
68982,0.2687450092371905
68983,0.10875527053164197
68984,0.39476070752645653
68987,0.010899083736924053
68988,0.3512912834051993
68989,0.16914607854482733
68990,0.31565056305967076
68991,0.373398165520281
68994,0.11744331295771762
68995,0.021038873237847675
68996,0.0022830120813822317
68997,0.003777879090752895
68998,0.003768911766364193
69001,0.19711250531529795
69002,0.11925863074664825
69003,0.3463095322074562
69004,0.006531012575414596
69005,0.359401355952888
69008,0.022878159422833534
69009,0.13123533985875588
69010,0.1345538689481386
69011,0.0019624627367705707
69012,0.007370708233763381
69015,0.004679990655889535
69016,0.020954667649990818
69017,0.0038574325714740058
69018,0.013818835206267515
69019,0.002519752011399696
69022,0.10846594284125498
69023,0.018340042813491206
69024,0.010721146164547975
69025,0.05765052412505554
69026,0.0036641860919658406
69029,0.0020774643731320324
69030,0.03255252763099906
69031,0.05836159620318672
69032,0.036825118842466364
69033,0.004261537893631294
69036,0.013774233464235081
69037,0.41358243444779086
69038,0.024717657791204783
69039,0.4831812456476137
69040,0.006477183383850726
69043,0.08295376102329094
69044,0.03674715998598423
69045,0.005772262138828092
69046,0.40953079063189757
69047,0.21698367441144376
69050,0.05585875309235657
69051,0.1447494915989545
69052,0.07848922459321997
69053,0.001859980898362608
69054,0.0049505704422614935
69057,0.0035511046227451595
69058,0.0026265975830171524
69059,0.07709074454302767
69060,0.09884275227582535
69061,0.141274676746514
69064,0.004809187854392909
69065,0.011292190107542026
69066,0.13953529953503602
69067,0.06277761081011267
69068,0.030077745260022565
69071,0.026623187379212095
69072,0.0034425197959130085
69073,0.06147383977704206
69074,0.003075314041723023
69075,0.043529124941562046
69078,0.007709391516915876
69079,0.0027151524668388633
69080,0.0030872469608797487
69081,0.38530882407053363
69082,0.16564543149795072
69085,0.035529620806909586
69086,0.04595354822944964
69087,0.014002892365390303
69088,0.0024954925913861104
69089,0.2811624178419518
69092,0.040917269606965234
69093,0.17847787085782993
69094,0.00332089261703361
69095,0.002225168715955724
69096,0.035113020312292985
69099,0.29472840650673504
69100,0.0061517421573549546
69101,0.010147134107900557
69102,0.07096435285311317
69103,0.003442026129160025
69106,0.0020813066151185414
69107,0.02236061589767565
69108,0.02137882611266403
69109,0.09811282946859382
69110,0.019208886244850468
69113,0.04373100768919006
69114,0.09549107907117785
69115,0.3630298820655217
69116,0.12647661632766888
69117,0.1727299395444016
69120,0.024411058395584082
69121,0.01739037260824972
69122,0.016718338649816034
69123,0.05851359395352909
69128,0.048459063435882035
69129,0.004627448750912061
69130,0.035433835131830745
69131,0.0019316690018488535
69134,0.043612694695711995
69135,0.013209534322176406
69136,0.39911545070486953
69137,0.01292522462477307
69138,0.004187609028648429
69141,0.002493023893315455
69142,0.0018240922325298162
69143,0.10669212367216806
69144,0.020116229483918113
69145,0.040881843703440564
69148,0.021468741204591694
69149,0.2168564818139125
69150,0.004064939950400006
69151,0.002998464537154374
69152,0.041088533924274584
69155,0.10763429668470834
69156,0.23826658526171798
69157,0.010828580982825207
69158,0.08978156805778065
69159,0.0029929510809310264
69162,0.011632807134268378
69163,0.01343511959609293
69164,0.021956899429199744
69165,0.4092060925949846
69166,0.002630062704257263
69169,0.014847788885481574
69170,0.001844102892843799
69171,0.024866357588336708
69172,0.009291985749204675
69173,0.3854716086189635
69176,0.01451133436486757
69177,0.006802966494547596
69178,0.006284796753837164
69179,0.006591622586398779
69180,0.14619129604815345
69183,0.002043837621429202
69184,0.001825388662065433
69185,0.3449722828052071
69186,0.0025499522443451915
69187,0.10192449667116081
69190,0.010425479350064491
69191,0.07719829764520217
69192,0.002129751818164115
69193,0.2974840611653384
69194,0.031053569215684324
69197,0.04619062957033902
69198,0.0826440909068059
69199,0.013356690992737058
69200,0.2512450872677221
69201,0.008898727428042411
69204,0.0019730357943084273
69205,0.005385017708161471
69206,0.003923478368494378
69207,0.06815497097915248
69208,0.08309232195951151
69211,0.027743808584147746
69212,0.408578689410343
69213,0.0024066584917305837
69214,0.23344347598155107
69215,0.0030630540427339834
69218,0.3290978274686383
69219,0.004841985396615374
69220,0.22271183067095626
69221,0.4265364790623616
69222,0.008718796367570114
69225,0.10700985275572829
69226,0.008963635496811081
69227,0.022271720962721665
69228,0.2848081457370827
69229,0.0025847249297067513
69232,0.040025484149783484
69233,0.00798677273869579
69234,0.03029575319152257
69235,0.01678533216462664
69236,0.0939978261223757
69239,0.16869941941829106
69240,0.023871657680520093
69241,0.0428360335547054
69242,0.057029417894193794
69243,0.011351201673456487
69246,0.010239096551066596
69247,0.40757516040536024
69248,0.07643511896174766
69249,0.05034708372032565
69250,0.30451930717557574
69253,0.13753171247893775
69254,0.39435091682381934
69255,0.0017795574368698781
69256,0.007853247981324302
69257,0.32129690414163564
69260,0.4717871943464008
69261,0.008659413792007232
69262,0.04296549947142081
69263,0.005883290128021868
69264,0.002691544523323601
69267,0.01718113933156284
69268,0.18158113939060141
69269,0.006032248464509861
69270,0.0022335286890270965
69271,0.01914834084138925
69274,0.010690663792758289
69275,0.07676231163498609
69276,0.05965023675810893
69277,0.007904459651549515
69278,0.0026168256517506115
69281,0.014460571669749107
69282,0.005757156539791394
69283,0.19818025648845647
69284,0.15731693470397926
69285,0.025172557070115686
69288,0.19260906493718463
69289,0.013951286495853102
69290,0.09962754076612394
69291,0.005690492916043756
69292,0.005173960369353706
69295,0.03715325187143641
69296,0.1878634733554346
69297,0.013021806633195665
69298,0.0017939413798490269
69299,0.014951154909498556
69302,0.4310483921539828
69303,0.4791760220396146
69304,0.08439906940705552
69305,0.1723061132627047
69306,0.0050135952790088196
69309,0.004176559772240049
69310,0.12015440332821788
69311,0.08182098726567391
69312,0.13656797659877193
69313,0.002898314479027573
69316,0.029645005149971634
69317,0.012295289204302033
69318,0.04884888501125379
69319,0.014194810256618227
69320,0.057878156740520936
69323,0.0753969973102816
69324,0.013902741221430693
69325,0.01783027483717629
69326,0.09821033346582313
69327,0.2245123003586822
69330,0.06383021090298882
69331,0.048846134946890656
69332,0.014351622089168138
69333,0.0027838697766508634
69334,0.42953729119798506
69337,0.13060021615736367
69338,0.17392791708839148
69339,0.029602225502654175
69340,0.04489292263710624
69341,0.008055171620725242
69344,0.13145634503995418
69345,0.017421612548365856
69346,0.0033088792891987798
69347,0.0028360360833734727
69348,0.0021511378572335576
69351,0.0062360310910542565
69352,0.0029097707683581665
69353,0.13743680876231482
69354,0.1699060260935292
69355,0.5090120574885675
69358,0.00911797945018382
69359,0.0024242590196505423
69360,0.1805362488584396
69361,0.013614482365792992
69362,0.007256457012288127
69365,0.0025614588926787616
69366,0.012848680332105126
69367,0.00200343307107176
69368,0.07289854726769751
69369,0.07072226340240965
69372,0.023309807922335612
69373,0.05828648507711164
69374,0.5237496332308261
69375,0.007873918112824297
69376,0.007019664883983571
69379,0.007209052510311598
69380,0.07265501151221086
69381,0.02622078028764091
69382,0.0666553236201253
69383,0.4814320396154584
69386,0.02079804085448348
69387,0.2590990408980588
69388,0.3331375466915278
69389,0.006849671274234148
69390,0.49974600507583555
69394,0.0021224566011557645
69395,0.02724381902456702
69396,0.001847704336203744
69397,0.37801739099570264
69400,0.018379752874654195
69401,0.07070974517460141
69402,0.004117229976708112
69403,0.06601668447472636
69404,0.11785490465823546
69407,0.0037925030680256945
69408,0.06107051884332018
69409,0.47883842325719206
69410,0.05580100153823811
69411,0.012191361052815156
69414,0.12197496809306599
69415,0.043864867879638794
69416,0.38051716289241033
69417,0.017851095239154877
69418,0.006776233699174433
69421,0.048805879394211486
69422,0.04689309307296212
69423,0.31717216995421976
69424,0.1648123365017809
69425,0.2163627951110938
69428,0.03288733278519665
69429,0.025001293558078275
69430,0.002227936844281297
69431,0.3457652224719934
69432,0.01663716759159255
69435,0.025377577563284143
69436,0.026919756148344562
69437,0.0034415805069011292
69438,0.16125626860762363
69439,0.41673553311352074
69442,0.010941620940727039
69443,0.07208516103892462
69444,0.47622854478214
69445,0.12374613379864413
69446,0.08859392926392272
69449,0.015041564745369123
69450,0.19481535139698586
69451,0.04868935018341349
69452,0.03262365451686668
69453,0.037296199221635705
69456,0.0019157277927561844
69457,0.40524521167352484
69458,0.0021859710918708465
69459,0.0183628295873764
69460,0.005349401607840084
69463,0.04398668728273192
69464,0.03841680103135746
69465,0.0032987855313082997
69466,0.0029966301930200103
69467,0.13288143172521266
69470,0.1668060009776631
69471,0.030049661197432295
69472,0.002918113514395613
69473,0.0819470547857188
69474,0.012222850592198109
69477,0.008834822873850555
69478,0.005879077420574334
69479,0.020305568337499996
69480,0.05156803039866801
69481,0.0019805762690195193
69484,0.015430350290053758
69485,0.007839782866017202
69486,0.07180964926354426
69487,0.010993372419102188
69488,0.11878224616237035
69491,0.12778840096490712
69492,0.008480076220101175
69493,0.02589961788900506
69494,0.010165079647439531
69495,0.11098653084176283
69498,0.016554895682363666
69499,0.040481436513758885
69500,0.016718547662425386
69501,0.0979985874748903
69506,0.008420395107694061
69507,0.004990382520920947
69508,0.11712315675314053
69509,0.0925598977537323
69512,0.011511204315194172
69513,0.009431718272765604
69514,0.008976886885341345
69515,0.01015724567298752
69516,0.05427828435258315
69520,0.05361321463951946
69521,0.12048487670120066
69522,0.21232468840842558
69523,0.009578157792302183
69526,0.3067400712149641
69527,0.0023168496088396707
69528,0.004404766104482189
69529,0.0036845958290591175
69530,0.0027717921183169135
69533,0.049432437363719536
69534,0.003917636839325377
69535,0.21064075323431392
69536,0.4638357861290005
69537,0.0055983858325321795
69540,0.34095368129602677
69541,0.0017210643117510477
69542,0.010576584212727344
69543,0.006707029394964257
69544,0.12667545135811678
69547,0.010623450914916982
69548,0.4091999363090613
69549,0.004109630132980701
69550,0.19680357507615545
69551,0.009265090170139205
69554,0.14319946486672439
69555,0.3534696688391677
69556,0.032314045712951135
69557,0.19709357762698088
69558,0.007682974870319769
69561,0.1326687410308518
69562,0.07224149552505497
69563,0.019620020844217934
69564,0.10078183316352944
69565,0.0587858368448387
69568,0.004653194818481046
69569,0.1859246222562413
69570,0.3261827688076862
69571,0.07832057036873712
69572,0.04488930522860719
69575,0.022605193310983412
69576,0.06063242722427622
69577,0.005389962267635185
69578,0.4180805285794244
69579,0.04296678883710188
69582,0.05723153904542112
69583,0.012286727377790229
69584,0.0019353649130297308
69585,0.02721533233157051
69586,0.0017165174437695713
69589,0.09094791626548786
69590,0.438889835282008
69591,0.20080677704322994
69592,0.05305025998816866
69593,0.08377846497688637
69596,0.29888204051967876
69597,0.042641986266973464
69598,0.0737932349183549
69599,0.25763808831360424
69600,0.09413681981784398
69603,0.0030605443310740763
69604,0.09091472030862759
69605,0.008324138373626938
69606,0.015035981224435899
69607,0.04396089352554898
69610,0.1309961966786883
69611,0.06158678809139206
69612,0.016863295802323024
69613,0.06845894839538372
69614,0.1506440467472783
69617,0.26673833680218784
69618,0.0031696825236818857
69619,0.04066821229932084
69620,0.013894799174217825
69621,0.030393155906417706
69624,0.003300221724681984
69625,0.021873666336996948
69626,0.03211782066797147
69627,0.002437510815301512
69628,0.008013818443287616
69631,0.2742465881497506
69632,0.18671409604927666
69633,0.005410287449271905
69634,0.004075191211560948
69635,0.022060659415421593
69638,0.020894071995288498
69639,0.013316176140953054
69640,0.040835434682265435
69641,0.010054830471942819
69642,0.27901396427815617
69645,0.001960387560955574
69646,0.00668826924862336
69647,0.013355461837989113
69648,0.083299958466347
69649,0.20556428762352866
69652,0.04847582889571924
69653,0.011178747475891843
69654,0.013143109055310331
69655,0.05659857901906597
69656,0.0147954840079297
69659,0.004607374033438766
69660,0.4496463183404774
69661,0.03808295728957768
69662,0.006347646842677204
69663,0.021839412631787354
69666,0.011826143123477344
69667,0.02590790143995805
69668,0.0016307065004172818
69669,0.38117010960837433
69670,0.030061859495279796
69673,0.30763411164452203
69674,0.20662214123756278
69675,0.056330537933523245
69676,0.21176405328006656
69677,0.0019168103235684148
69680,0.0021132996470997418
69681,0.07397699891808547
69682,0.012623964139293248
69683,0.02339752363806632
69684,0.004532390661296671
69687,0.013549098294422586
69688,0.5227661379982469
69689,0.006143469080786279
69690,0.006754926102906567
69691,0.026878824003425818
69694,0.0027187784970402725
69695,0.0026319645698387635
69696,0.024727197285868037
69697,0.015148004124338985
69698,0.0015742421331631296
69701,0.0917305147311791
69702,0.07891836782679186
69703,0.18036405126700455
69704,0.002825778012049395
69705,0.006826776260495387
69708,0.2826569841559774
69709,0.0017104950911649693
69710,0.007379126760903913
69711,0.003674463942693986
69712,0.3951299771805299
69715,0.02753425407825663
69716,0.008900692065702796
69717,0.022056632421598832
69718,0.010719441282465212
69719,0.0044367127921949604
69722,0.058924822066023265
69723,0.0037038504128005705
69724,0.20220675513594386
69725,0.10770356228095726
69726,0.40613963417684523
69729,0.062380052700796405
69730,0.05698516689847222
69731,0.004762180589902899
69732,0.011568055331146174
69733,0.04089051659105051
69736,0.011628131404791957
69737,0.38421233549461503
69738,0.18255410104591432
69739,0.013460448496662315
69740,0.012371650395312779
69743,0.0056959946491694155
69744,0.04971424479275695
69745,0.007694264599671593
69746,0.00963583181687338
69747,0.0018848092074679268
69750,0.1488028184354399
69751,0.020845338964125965
69752,0.01555627966344756
69753,0.0015316369739926032
69754,0.16137877006798093
69759,0.024583890965172873
69760,0.06914318404211094
69761,0.024195110499346174
69765,0.13457048136730881
69766,0.3955354572713374
69767,0.018402045340730935
69768,0.0733800857039683
69771,0.1803529075183498
69772,0.07863977801965107
69773,0.3915908414329133
69774,0.002018550665142621
69775,0.01747797950343121
69778,0.0044573511671106595
69779,0.04400161265072675
69780,0.0026547913454609312
69781,0.03093709566039338
69782,0.018208059474905395
69785,0.029423719251035325
69786,0.007165848533262685
69787,0.018985069005088128
69788,0.10662084572104906
69789,0.22285890805239178
69792,0.015058273946493837
69793,0.029841632639390464
69794,0.2977324690179583
69795,0.05157403064754842
69796,0.02567957417074547
69799,0.004132203665708288
69800,0.33435215944775915
69801,0.06790010243383598
69802,0.004233015068799772
69803,0.01173311480715084
69806,0.09559443267755365
69807,0.0037024963238917134
69808,0.0290669948236913
69809,0.028214667856939313
69810,0.0017158211171346633
69813,0.002037338186854904
69814,0.06393017195542267
69815,0.22904992258289947
69816,0.07748002239985306
69817,0.4363983024884645
69820,0.4619019479455711
69821,0.051435469737458155
69822,0.0021064549791133323
69823,0.003167064093980218
69824,0.026073057307741183
69827,0.019017204394963853
69828,0.5037123402735458
69829,0.1475391758778196
69830,0.4510388196227017
69831,0.006267481107337076
69834,0.22208681311288944
69835,0.0032009171146224896
69836,0.012014604318538994
69837,0.13589432208111515
69838,0.2068599952065842
69841,0.013160569905202082
69842,0.002652182462941218
69843,0.007728517912227432
69844,0.06754970336446804
69845,0.016650378907495305
69848,0.08426562810929374
69849,0.001487543092305229
69850,0.006454306349946534
69851,0.0141975335749845
69852,0.04354450602641196
69855,0.013877042048478136
69856,0.07025678636753317
69857,0.43994623135799643
69858,0.05132867404296285
69863,0.0022171165304166593
69864,0.013207730241221783
69865,0.31833465809600314
69866,0.002893211528625169
69869,0.10751419467862208
69870,0.12457131579527841
69871,0.091087588881126
69872,0.017593763799836067
69873,0.02128988155338422
69876,0.029093218952307157
69877,0.007712150514137938
69878,0.08120209537385652
69879,0.005277842385908233
69880,0.18603005772124726
69883,0.005255997408831695
69885,0.010556017242672522
69886,0.009417558452024834
69887,0.03077753198121991
69890,0.01035007432060443
69891,0.3257995468939686
69892,0.0034988850737300704
69893,0.3756483571307821
69894,0.21725721514208476
69897,0.0175617887728554
69898,0.006752873836881113
69899,0.3325334088719976
69900,0.0023251908440307255
69901,0.0017040314067528906
69904,0.014778066497752327
69905,0.03075265345124747
69906,0.006663408200583446
69907,0.07552042336933441
69908,0.02864192470011367
69911,0.002382449995351563
69912,0.0018881668588291898
69913,0.0022331791611636905
69914,0.11118512539183857
69915,0.13260715443565488
69918,0.0903524268154516
69919,0.03881419893987026
69920,0.08197820545863475
69921,0.05757987617567694
69922,0.013511931031718737
69925,0.005861054688577127
69926,0.006867258256503734
69927,0.004317033676675075
69928,0.4303811507064227
69929,0.39273956120488035
69932,0.004996708572523245
69933,0.02257510019357056
69934,0.01731371709855157
69935,0.38159128887212523
69936,0.11571831835489564
69939,0.012136495142982564
69940,0.003307300087927169
69941,0.0023528573776058475
69942,0.02732174685071744
69943,0.02095305494089239
69946,0.003851885221768604
69947,0.02193003632664786
69948,0.02477853066852135
69949,0.002518527429591987
69950,0.004960691669691886
69953,0.0024575897835360226
69954,0.1437180981161211
69955,0.023679681126788622
69956,0.003635446685505178
69957,0.2700205044727914
69960,0.0048136726094453845
69961,0.17681537737925168
69962,0.004444771497828048
69963,0.014112489994531685
69964,0.16640375202080943
69967,0.0319257614319924
69968,0.009338963963294401
69969,0.01239387900284989
69970,0.04187673464620505
69971,0.002590527821513411
69974,0.024331581773623108
69975,0.02632690679681096
69976,0.35986318991094496
69977,0.0022619305122083344
69978,0.1828021393514637
69981,0.023037848029144277
69982,0.004545022779469771
69983,0.14576179790930224
69984,0.023159246248193627
69985,0.12558802721342452
69988,0.005879399061164926
69989,0.01860720964899956
69990,0.0033303634928070315
69991,0.0026518149546544433
69992,0.011304406647450659
69995,0.007187515303783143
69996,0.020319929031654273
69997,0.05372071437289317
69998,0.011332795223432312
69999,0.0024405795997477385
70002,0.044382514585250735
70003,0.08115150725127156
70004,0.05241987573814132
70005,0.03972482089111985
70006,0.3361907280358208
70009,0.02736473811583893
70010,0.028035547021010826
70011,0.016080107042370305
70012,0.060919234320758804
70013,0.013896136939780862
70016,0.0029024246224577284
70017,0.0018387327178232245
70018,0.01652558264295859
70019,0.4034268141253411
70020,0.0016938236167971952
70023,0.00801991903286375
70024,0.07129261951620794
70025,0.21746646492784114
70026,0.22230946130344872
70027,0.1925377354482289
70030,0.3962166110419749
70031,0.002510394781920003
70032,0.021235708916449623
70033,0.008287887623559692
70034,0.003885594929385071
70037,0.00481969338014516
70038,0.002812956240709663
70039,0.0017051257000589624
70040,0.038688724205001024
70041,0.0018834833104166954
70044,0.0072041836082514825
70045,0.34138344764408196
70046,0.009204246425034826
70047,0.008937876500532536
70048,0.0024455655016630993
70051,0.05712202926432709
70052,0.01630385004191975
70053,0.4822791407449067
70054,0.07271037321611468
70055,0.35866454567568506
70058,0.02364807152233274
70059,0.004114652095231443
70060,0.15279251328416213
70061,0.022871024076089003
70062,0.15498456793895649
70065,0.253692813019836
70066,0.025188647918422378
70067,0.3243537278261885
70068,0.01602574904923811
70069,0.4303942725278011
70072,0.275457607524744
70073,0.019974636900514983
70074,0.01562969791906214
70075,0.43633294247811244
70076,0.017384311527337364
70079,0.003615803432436643
70080,0.007192371047398971
70081,0.23818705881658456
70082,0.01550972722369769
70083,0.009668460873446786
70086,0.41538215299234726
70087,0.003266344502051195
70088,0.00241533093396771
70089,0.003360841627643025
70090,0.003915344573633196
70093,0.006272478602377497
70094,0.012142782130494176
70095,0.009288565485842604
70096,0.0043560580802897535
70097,0.010216045974732997
70100,0.07423419812449035
70101,0.05577199892289432
70102,0.0025418860377922708
70103,0.4676674765316147
70104,0.008226376293460574
70107,0.001803118580839762
70108,0.007866672771298289
70109,0.0014290311518207106
70110,0.008784547372469495
70111,0.4221196990647532
70114,0.0038391970175387894
70115,0.09569365173016178
70116,0.03673786993753369
70117,0.08129653175037761
70118,0.10523489167786604
70121,0.04004569451071407
70124,0.05470514044172329
70125,0.012080566859400798
70128,0.004154725053621017
70130,0.08874492849107181
70131,0.145522995313267
70132,0.009886728475556989
70135,0.009682238111882265
70136,0.002460284987251647
70137,0.4704381445572856
70138,0.003271376129294865
70139,0.023471992821305004
70142,0.012934909186234201
70143,0.3005781849245029
70144,0.039637097305627526
70145,0.13409926551590923
70146,0.11427976397260459
70149,0.025910385044090278
70150,0.0041510488433116575
70151,0.006239882335472475
70152,0.015457296208873497
70153,0.020994339042327476
70156,0.040841149632245846
70157,0.0015997670678079107
70158,0.018542140005882748
70159,0.1143215205989641
70160,0.13173121259264103
70163,0.013670625750133156
70164,0.023128498797312047
70165,0.4936347970898433
70166,0.0037250427561099746
70167,0.00787157626465555
70170,0.010114920932386778
70171,0.3432905509868307
70172,0.060062966846256366
70173,0.001988650004533969
70174,0.0030645282640355404
70177,0.09460157508607675
70178,0.20304688260223072
70179,0.03577087179825988
70180,0.06226968409783907
70181,0.0089408957708051
70184,0.001648653193450968
70185,0.059635637559747365
70186,0.3567032584912378
70187,0.002480515166855034
70188,0.41207051383466886
70191,0.001784979215901396
70192,0.009909155829367482
70193,0.001905560088848882
70194,0.15742379326716274
70195,0.40527913331958815
70198,0.028267963118023754
70199,0.03534775142284935
70200,0.07180817786157499
70201,0.0017292372664458452
70202,0.003862241576731515
70205,0.010062471117906967
70206,0.19579474199688646
70207,0.006523761122232191
70208,0.00681251667162302
70209,0.04109865849658849
70212,0.002096938678145925
70213,0.19096052757359502
70214,0.10505154557240586
70215,0.3541460745799072
70220,0.004520821968219073
70221,0.012716994223070517
70222,0.07905796897917448
70223,0.1944602941402283
70226,0.4061424873080757
70227,0.19104150706748263
70228,0.03465228568019515
70229,0.11829283971155616
70230,0.11024878191131549
70233,0.0027964238598590144
70234,0.02394949769257411
70235,0.006684797771465016
70236,0.41686908533775596
70237,0.058515398573203134
70240,0.02964841956945791
70241,0.16974149498081229
70242,0.2518842540523227
70243,0.002878701894372779
70244,0.0019059777159277994
70247,0.32228262507424993
70248,0.06434502179168644
70249,0.0017011074089647938
70251,0.3139619223720313
70254,0.011094766369862676
70255,0.0015629612730551287
70256,0.0015075939675889259
70257,0.031010621101001157
70258,0.19523526799275243
70261,0.15436854858920385
70262,0.0025538809258326056
70263,0.002238095939721354
70264,0.013708014440773865
70265,0.005329754513155357
70268,0.006229342144030733
70269,0.009926315267146947
70270,0.0036972298405810503
70271,0.008619698885179272
70272,0.02127406320340413
70275,0.12522437799575004
70276,0.006073723942537351
70277,0.030515602197057762
70278,0.0886399195922232
70279,0.004291891881114844
70282,0.008039587581364022
70283,0.0019105372618484064
70284,0.1917843701791735
70285,0.010671478245542133
70286,0.11978156225207638
70289,0.0023336793411086157
70290,0.28424083435456887
70291,0.01022466164733818
70292,0.00456616672343733
70293,0.061800742406752575
70296,0.0017223071630823518
70297,0.003193800882422724
70298,0.08855435412634202
70299,0.49216141194275986
70300,0.08746455550168923
70303,0.09583652807505245
70304,0.002522069876573943
70305,0.0015899576596708532
70306,0.3378735201632586
70307,0.030775624240904735
70310,0.01940993481575847
70311,0.2953357175863749
70312,0.053879208381969204
70313,0.07730935211786825
70314,0.020874476124502727
70317,0.009873085645639301
70318,0.00766538982265596
70319,0.22713155226903434
70320,0.003981690031316577
70321,0.008893168049490995
70324,0.0025230400185929916
70325,0.03500471454941079
70326,0.0024502019824075845
70327,0.0028982528917305245
70328,0.03735376291951676
70331,0.052596219697161266
70332,0.001938289556278689
70333,0.0071264887228865035
70334,0.001990958973235101
70335,0.004366094181376526
70338,0.01341504123003263
70339,0.2570843883829618
70340,0.08985469081026577
70341,0.0015586717833002356
70342,0.07600116134261668
70345,0.29422586757914226
70346,0.007438999304693119
70347,0.006348235694783871
70348,0.09308002976870476
70349,0.08650748328874801
70352,0.031020338712462358
70353,0.45119788889332185
70354,0.004551412851694714
70355,0.07696435113139614
70356,0.003092740309229984
70359,0.004198044141136199
70360,0.00978019297608132
70361,0.07341056601858087
70362,0.023315531420906564
70363,0.035774335983737256
70366,0.06746485695405446
70367,0.003190428078578419
70368,0.028354530387239018
70369,0.003497477920112925
70370,0.27352575735419216
70373,0.2206635641880259
70374,0.0014684892200407377
70375,0.01516277544934862
70376,0.024196206290753162
70377,0.022327105683638295
70380,0.14133208563934263
70381,0.006908971234416846
70382,0.3089842818845381
70383,0.016511739113868322
70384,0.016763803929559045
70387,0.0021368417374277517
70388,0.021887809184989764
70389,0.22574498185375547
70390,0.016548765481369816
70391,0.29695738170827396
70394,0.15123234606758584
70395,0.426078727627208
70396,0.0236176494292375
70397,0.30922022447598607
70398,0.030724375524874965
70401,0.0019026483321951666
70402,0.006835835353396536
70403,0.32262627396389176
70404,0.13369038572363964
70405,0.009008882777535613
70408,0.00238924172637866
70409,0.4212680385529324
70410,0.003912515253254993
70411,0.017609445696438006
70412,0.019349180713383735
70415,0.0016328775344763519
70416,0.00576556729174179
70417,0.0031156105735131094
70418,0.061257672929093156
70419,0.018390631152141224
70422,0.012740337697830496
70423,0.07437847754765672
70424,0.016703590753212785
70425,0.123846284185568
70426,0.21685393110203569
70429,0.05426276489289693
70430,0.006044387165459759
70431,0.0020879811878370897
70432,0.03279784433650768
70433,0.010784109335238006
70436,0.2761605764720283
70437,0.0022369742046596743
70438,0.016829787105642775
70439,0.0047141085366445845
70440,0.004330072826325847
70443,0.10976461272611891
70444,0.0213093908304728
70445,0.0015942572027103628
70446,0.29917266819316
70447,0.008445645077502369
70450,0.0015751633386501104
70451,0.08414005072564194
70452,0.0028864025902088845
70453,0.0018693217400748458
70454,0.005738598040073325
70457,0.1275277475096712
70458,0.06876914530752959
70459,0.41327264455022206
70460,0.003450440452584538
70461,0.003092717457519981
70464,0.011394716409819277
70465,0.06146873590028015
70466,0.3228473633985247
70467,0.005520880948105619
70468,0.006475044820192395
70471,0.0021120005418811855
70472,0.0063156053766682515
70473,0.003497609356876456
70474,0.00575341064291698
70475,0.01151105944874552
70478,0.03921211261691446
70479,0.0022450569875622655
70480,0.010178798848463712
70481,0.04656378922435669
70482,0.3099325143849586
70485,0.08898527268024468
70486,0.019392683875781597
70487,0.09741806569806756
70492,0.13512017725002057
70493,0.02137320713189441
70494,0.18413665548401556
70496,0.0041252487538055655
70499,0.027671207383485042
70500,0.016136414701850028
70501,0.21068680210195384
70502,0.07243637358135514
70503,0.04326553150866856
70506,0.003926933466280916
70507,0.004937962757626583
70508,0.13353376912722936
70509,0.012484985104512226
70510,0.1180091982569611
70513,0.001324539168971472
70514,0.0016463251695411289
70515,0.01715745898682261
70516,0.007572862602311958
70517,0.004080645249994268
70520,0.006622978289800204
70521,0.0075231747984579956
70522,0.0015803946764179485
70523,0.014026529340085374
70524,0.01102848620361701
70527,0.0030510344097963646
70528,0.00899939984130572
70529,0.006151615471447109
70530,0.12459107833503734
70531,0.054486079324558324
70534,0.21034805145755311
70535,0.024191764772399513
70536,0.03271266445994377
70537,0.0012470296126593696
70538,0.012798364670083934
70541,0.004442814211354361
70542,0.06813231841381046
70543,0.003382637661704726
70544,0.01248906630623492
70545,0.007616436250442501
70548,0.08646483293113774
70549,0.018635595196822893
70550,0.011126923870293261
70551,0.014592496129234914
70552,0.0020371369275754675
70555,0.0022545666242958515
70556,0.0014530279179817268
70557,0.009083372129140574
70558,0.0014441188899084407
70559,0.0033511524576491534
70562,0.09957094062341704
70563,0.03866263790724639
70564,0.12110153625682384
70565,0.4983107186931935
70566,0.16411634842135453
70569,0.49866534234526383
70570,0.006601484557012204
70571,0.039067839563300254
70572,0.07730094268518534
70573,0.005122292764256729
70576,0.003337746763248926
70577,0.0014077117962661514
70578,0.010548820497875163
70579,0.0313962142535616
70580,0.08072568494369801
70583,0.13324124203112025
70584,0.14101383773215764
70585,0.04304563678108882
70586,0.0012710952470692959
70587,0.508168445867294
70590,0.15500139693905152
70591,0.16347334061549687
70592,0.006680743569892236
70593,0.060591599967786854
70598,0.03213100633326312
70599,0.207809202005512
70600,0.044066369278734085
70601,0.2734956601304655
70604,0.020297139819059264
70605,0.28228256722164496
70606,0.00427299548984694
70607,0.01655921598645802
70608,0.006388635762330216
70611,0.04054768476811037
70612,0.0507256173488118
70613,0.2817045653852953
70614,0.02142378582651334
70618,0.022657664593760465
70619,0.030001471839588074
70620,0.005765261073477796
70621,0.0033026302198413777
70622,0.005415369913668364
70625,0.21352824870122425
70626,0.011798060235573947
70627,0.3137042431138949
70628,0.007599811489074881
70629,0.05051446568785849
70632,0.22864693991870663
70633,0.002753721588399735
70634,0.01236982176909179
70635,0.05948856595173754
70636,0.42347029486045085
70639,0.019669474274854687
70640,0.0018976348140524537
70641,0.01374706516791634
70642,0.0014143417835345094
70643,0.22308856924057877
70646,0.01628268241981011
70647,0.004043201535150736
70648,0.021093498328201916
70649,0.29362221297424296
70650,0.01489534875255187
70653,0.012498725677360876
70654,0.006149089878487897
70655,0.005048253996527792
70656,0.004762903979249226
70657,0.009128509573738553
70660,0.13772920985312104
70661,0.04392794539290575
70662,0.00460463541834864
70663,0.0015707915148396572
70664,0.3157814766633955
70667,0.019793413658739368
70668,0.07655390866816471
70669,0.12985688276615884
70670,0.02369356369827995
70671,0.012893029381846366
70674,0.48024581244639747
70675,0.004479376099698375
70676,0.003520185865594711
70677,0.00145437666711636
70678,0.1702471147474637
70681,0.0138037106720134
70682,0.03824410641183384
70683,0.06675573212737766
70684,0.0164438716907681
70685,0.004410879504131513
70688,0.4428607844955386
70689,0.001415919608823754
70690,0.0037285428858928934
70691,0.005324755569508268
70692,0.0050333615330440135
70695,0.047960756491055176
70696,0.005304039094516449
70697,0.048620585011906386
70698,0.0021700056356980264
70699,0.17355947360735935
70702,0.08622786490499103
70703,0.01787896214252851
70704,0.07322971559788677
70705,0.03868484850828046
70706,0.025560909608300944
70709,0.0027992042965131465
70710,0.021189422504032777
70711,0.05626387558089417
70712,0.11296685541725811
70713,0.04247685294790178
70716,0.02215096243630477
70717,0.005460090619726718
70718,0.24386411331956784
70719,0.1323288181169339
70720,0.05062681965592551
70723,0.05689367126658464
70724,0.04701505123736477
70725,0.0040858952735691985
70726,0.07089569961790602
70727,0.024054519287873496
70730,0.011448955486251609
70731,0.12396849333641534
70732,0.006430511164938958
70733,0.01825480660677451
70734,0.03359917860696692
70737,0.003691148072581539
70738,0.1156527808357893
70739,0.002360805813414295
70740,0.01675171282170713
70741,0.012497583590192082
70744,0.002477294519925072
70745,0.003513688126576929
70746,0.013078543859461687
70747,0.005197005530056808
70748,0.036397489346672494
70751,0.018172061923367264
70752,0.34850439550717566
70753,0.2942603906345036
70754,0.003262573331351455
70755,0.35358481093520755
70758,0.18126411402805
70759,0.0039983590620173955
70760,0.5048480024458261
70761,0.0910734859181981
70762,0.014510384160668539
70765,0.013529285107151066
70766,0.004473098678796753
70767,0.02333009470658333
70768,0.02283794069109707
70769,0.006129976954045343
70772,0.024372692018248387
70773,0.01247862962549184
70774,0.002141461549200792
70775,0.044037002770220074
70776,0.04863637760392539
70779,0.4972479837969375
70780,0.012093915016429195
70781,0.4237880563575869
70782,0.02353046220474635
70783,0.0037784634952486105
70786,0.01779114293066384
70787,0.0981964669749553
70788,0.004213560410547789
70789,0.09812966247510475
70790,0.005822855792512428
70793,0.01230115913205049
70794,0.180156183239448
70795,0.002036819276397558
70796,0.14942748192190244
70797,0.0012164160095086709
70800,0.48568267330603676
70801,0.1018173443772951
70802,0.1500739060255671
70803,0.4662429334547481
70804,0.00582947044539976
70807,0.00738801939343469
70808,0.0040396834030164515
70809,0.10604189081566592
70810,0.033749645949115024
70811,0.009101273285836799
70814,0.03468432543254229
70815,0.007202830601795378
70816,0.010600297870750675
70817,0.2521457731626209
70818,0.00431868181911602
70821,0.00623857909824569
70822,0.009265899741998571
70823,0.19691720039886615
70824,0.09884037376893728
70825,0.0460266803978608
70828,0.0918608409546344
70829,0.12626758434101357
70830,0.003713025778714852
70831,0.01029976447611247
70832,0.016058549949256203
70835,0.1276441728459268
70836,0.0018627783417717644
70837,0.15781792480600385
70838,0.003949554491046554
70839,0.0013833039358327702
70842,0.005972994506837795
70843,0.001177551039921745
70844,0.00950106075515516
70845,0.13433016885938448
70846,0.14599374764300369
70849,0.06979093135952816
70850,0.48550923204210084
70851,0.00786795502768009
70852,0.09817837536267703
70856,0.003476111691377684
70857,0.056435447843938946
70858,0.026967921773184623
70859,0.001384270733878493
70863,0.11532480612911804
70864,0.006161995929838668
70865,0.005008484646438374
70866,0.13123193370390476
70867,0.02368100508190366
70870,0.05952838271333758
70871,0.0045139506888084375
70872,0.011255654909611928
70873,0.027571032224417875
70874,0.00430986462541311
70877,0.12023606260615688
70878,0.005040515538857784
70879,0.002543626215453562
70880,0.0023450328545979466
70881,0.004191240200755728
70884,0.04172467112002818
70885,0.0012456147134015927
70886,0.04963832289850877
70887,0.010169243648765368
70888,0.18903159965311023
70891,0.0012539911843906506
70892,0.006809757587782588
70893,0.005031940688956714
70894,0.33862609731154125
70895,0.004729943028882325
70898,0.004410752093427862
70899,0.008282871563349344
70900,0.08477295524497187
70901,0.025248789714052006
70902,0.2575148817853026
70905,0.02819250634555236
70906,0.11373719215741587
70907,0.05968090990954596
70908,0.18702148041864738
70909,0.12371392483760467
70912,0.3167137157868728
70913,0.0018064238868205006
70914,0.019636123688133188
70915,0.0445311142518259
70916,0.01908220357988205
70919,0.010770021813607597
70920,0.001781492754290372
70921,0.16930889383698353
70922,0.0827202493114271
70923,0.0012792531587932704
70926,0.05200896736642828
70927,0.4406978794527341
70928,0.20470321558981994
70929,0.43058251217955656
70930,0.0011708753924779293
70933,0.09152776108754627
70934,0.0017571320454981745
70935,0.0011273043759560657
70936,0.01278326818983468
70937,0.41273869713187766
70940,0.30670800357481864
70941,0.026378213372745683
70942,0.04188665796123522
70943,0.012280905919243664
70944,0.03427023262675479
70947,0.0016417157872639237
70948,0.01901891321534592
70949,0.007169584454115436
70950,0.002065997498156004
70955,0.2053208271625624
70956,0.12346776978994217
70957,0.26169898189574514
70958,0.21460056045118808
70961,0.021744505438708626
70962,0.0703965181009643
70963,0.03763464991092692
70964,0.001214283354786554
70965,0.19317061400146335
70968,0.018264600781172556
70969,0.27545331018555486
70970,0.07150487306913027
70971,0.019807664640802324
70972,0.001510136225861881
70975,0.04572012117753307
70976,0.339224982077568
70977,0.046577960111180906
70978,0.20644952252387702
70979,0.12303649258699642
70982,0.01133572637408669
70983,0.3339178734245818
70984,0.02907483963448042
70985,0.011946497958468872
70986,0.03782505149393381
70989,0.44918123682914524
70990,0.0011835582951354973
70991,0.05291798231279829
70992,0.004219972026729418
70993,0.06826404628752718
70996,0.02724580423109915
70997,0.046377186888650716
70998,0.06149764286652799
70999,0.44157721629993246
71000,0.05521860704206678
71003,0.002128583222943523
71004,0.0072385809976648376
71005,0.20650059567760246
71006,0.013320183366087318
71007,0.0020909415967467395
71010,0.006813772393156158
71011,0.2023226016309637
71012,0.0024264941513752344
71013,0.07900296194574294
71014,0.030910947159706253
71017,0.01983274873293325
71018,0.002695525808951532
71019,0.0016362042222518567
71020,0.0016555748847250826
71021,0.48065109939324085
71024,0.0017348174154026691
71025,0.3611435693264304
71026,0.09832744269188534
71027,0.021208802943555656
71028,0.026312955250590523
71031,0.012200961930349636
71032,0.026375351316264103
71033,0.001602778354870461
71034,0.11476078812676926
71035,0.09337926631177056
71038,0.0017409316556168852
71039,0.3145266833851453
71040,0.011823096629233901
71041,0.007579329852437569
71042,0.022427143016308587
71045,0.007012406239403325
71046,0.17405437532796958
71047,0.002642232910780963
71048,0.2129012136541634
71049,0.0427057780392478
71052,0.3172202605013943
71053,0.017535005906053586
71054,0.008139727861160378
71055,0.0015278879372752142
71056,0.005299320327916911
71059,0.017967137735775282
71060,0.0016090054666079746
71061,0.026428099004386987
71062,0.01586579847564198
71063,0.012793552446210789
71066,0.04027294797493513
71067,0.0028693767837894486
71068,0.16097598648990774
71069,0.016481446260773684
71070,0.005871349548725144
71073,0.0019133701145911688
71074,0.002164727074946752
71075,0.021879076611259648
71076,0.00954918709531596
71077,0.04431596901641394
71080,0.028076686445713397
71081,0.001882765632722418
71082,0.0016189116249313473
71083,0.0020120963184949324
71084,0.2146066746385402
71087,0.002658706336012214
71088,0.0014495598090135658
71089,0.05423788761111753
71090,0.02053473023412455
71091,0.004116131284867921
71094,0.015697112215007834
71095,0.0010952515246487316
71096,0.030252493532238408
71097,0.006145400533884055
71098,0.0037813467337362784
71101,0.023853368953891653
71102,0.002538801440547376
71103,0.017292675483852743
71104,0.039665470951998266
71105,0.25881302777979026
71108,0.044370332177630596
71109,0.005418432157548646
71110,0.0017035506970153823
71111,0.10642487780895173
71112,0.05613958942566371
71115,0.1945349540351784
71116,0.007065720588545171
71117,0.0013372913605893561
71118,0.009605069099947254
71119,0.01112940374754008
71122,0.016475698225507353
71123,0.2914280053887573
71124,0.005551497471875418
71125,0.012199076940816352
71126,0.008448489649099266
71129,0.0019479315901751765
71130,0.0039601603458846715
71131,0.004034513480188329
71132,0.0016334040707205169
71133,0.0011080111337450098
71136,0.013843196359913112
71137,0.25668216137798777
71138,0.029446874999380722
71139,0.0038643480656648465
71140,0.4238650728103603
71143,0.3538947439603679
71144,0.33210552853339914
71145,0.005475272540806396
71146,0.022680683395886244
71147,0.051383991853178934
71150,0.2617328401625762
71151,0.005427867004530422
71152,0.06905322185188201
71153,0.09744439889720019
71154,0.008893323798378554
71157,0.015831395325699077
71158,0.05341868116988994
71159,0.009500802842907123
71160,0.09389177854550315
71161,0.0036773308981356626
71164,0.12164068127746375
71165,0.18813581970820897
71166,0.003965986845199138
71167,0.006289686174256155
71168,0.1623332771388885
71171,0.24479229197163535
71172,0.00280114147483669
71173,0.004105677619412941
71174,0.06628198065970828
71175,0.008541662810796609
71178,0.23299416631530298
71179,0.02176093030713089
71180,0.4475307698782549
71181,0.044465273736627606
71182,0.31614183994588235
71185,0.02649024622921979
71186,0.03688418641570414
71187,0.032041355276957346
71188,0.37944766535629876
71189,0.0534882104624622
71192,0.004631247302184333
71193,0.051099790883474994
71194,0.005979604525896566
71195,0.050909370179913795
71196,0.03648191932421774
71199,0.015253462604626017
71200,0.001387681924222104
71201,0.25582615275135656
71202,0.4095817122080239
71203,0.01160027829258349
71206,0.001399181932547602
71207,0.0010873998219013148
71208,0.024966967035940126
71209,0.027580512150715795
71210,0.009210648850316739
71213,0.016017392406811458
71214,0.00984585796254318
71215,0.002223775202363471
71216,0.004907698099363848
71217,0.02304372966786451
71220,0.028619777542766737
71221,0.009502612363246711
71222,0.02972570466794813
71223,0.02934181008047209
71224,0.45367239012747484
71227,0.1704726571594541
71228,0.02423102989527551
71229,0.003047656378049597
71230,0.08903017039505254
71231,0.019597875987062155
71234,0.059001622758427394
71235,0.26186459906655263
71236,0.0013111973661330864
71237,0.002493787467652376
71238,0.3082687122036451
71241,0.00575535110278025
71242,0.057998380739041684
71243,0.0010430950480592987
71244,0.07675942352961988
71245,0.11395383191897554
71248,0.01475858096949434
71249,0.0028075767955253552
71250,0.15176948449028588
71251,0.0061261494094833075
71252,0.3425509472297717
71255,0.0016659717262099206
71256,0.3031083997150327
71257,0.001714487686657986
71258,0.02378254124904643
71259,0.031004869418332148
71262,0.001186306154223165
71263,0.0010666062918206474
71264,0.008827717919164157
71265,0.22759798156933114
71266,0.02159168222926333
71269,0.018708323520632734
71270,0.02049675360969586
71271,0.014556278077868553
71272,0.4462300026313462
71273,0.006030173151071582
71276,0.005982947363856995
71277,0.24451856674437789
71278,0.014471775438308338
71279,0.014639285841018014
71280,0.007201283930623943
71283,0.29469282122208945
71284,0.010189417278430252
71285,0.08745261295902028
71286,0.021414852221159075
71287,0.004086885646536819
71290,0.006221687128636361
71291,0.23916546211768558
71292,0.01267423251965743
71293,0.001207583148612208
71294,0.1889425230830471
71297,0.002485578983898784
71298,0.006332548724551617
71299,0.004059001788076048
71300,0.0866729507455674
71301,0.0835248533536765
71304,0.0017830633960491241
71305,0.05335906305137692
71306,0.33836026359809995
71307,0.011922147703266312
71308,0.2302993070511157
71311,0.003517277817114448
71312,0.00921996926919631
71313,0.0021616581807117285
71314,0.00378187150348627
71315,0.24915168665641194
71318,0.046679104591891306
71319,0.004027332921661715
71320,0.03723332152877731
71321,0.0011746047102927438
71322,0.005125305818705723
71325,0.4545108555063928
71326,0.002085398599726016
71327,0.267157553491919
71328,0.2085935004141342
71329,0.005157761090147279
71332,0.0022865550743994935
71333,0.01770934760751798
71334,0.082654189614378
71335,0.05607117315917468
71340,0.059060441665910436
71341,0.06533166797421527
71342,0.11010449455207791
71343,0.011251883016894646
71346,0.0018272155299287485
71347,0.07377186705019362
71348,0.15623077961225035
71349,0.002684443641896238
71350,0.004907041064966665
71353,0.0015087907803048874
71354,0.17820245036857216
71355,0.20345993631190287
71356,0.01709430041516537
71357,0.010841025884193417
71360,0.02503142952782159
71361,0.011930377900094605
71362,0.16233964641469414
71363,0.02510798208611442
71364,0.008246243882928495
71367,0.033623581427807074
71368,0.007212208290791491
71369,0.029953176764912867
71370,0.06237487988596629
71371,0.07520360298946313
71374,0.03848814194288185
71375,0.4328098903678938
71376,0.0077089078504466125
71377,0.002560434099811439
71378,0.05465557587518435
71381,0.37498687482187204
71382,0.0010562092154690927
71383,0.09635914036730268
71384,0.22671651798236495
71385,0.04969093452954156
71388,0.004967034963902547
71389,0.07974635564791213
71390,0.013811642646333161
71391,0.03730310631800289
71392,0.23949678500073973
71395,0.06350439477995096
71396,0.005401228162439304
71397,0.01092831621447652
71398,0.23642227765930776
71399,0.18011145241617743
71402,0.009124774360229444
71403,0.003101924650718637
71404,0.05627532505163191
71405,0.012112343050410234
71406,0.17197680852122896
71409,0.07136108935730107
71410,0.43999300525142554
71411,0.004105324755184388
71412,0.04074283822515954
71413,0.0030428830581695934
71416,0.005963278319649493
71417,0.0028095250204089846
71418,0.08372809262385861
71419,0.15696648293134047
71420,0.0011472380866013997
71423,0.00563061744131727
71424,0.002713577660178106
71425,0.4598484896382796
71426,0.05441139688351548
71427,0.004797121550094505
71430,0.30648918681607856
71431,0.014362627667329413
71432,0.03409797875934568
71433,0.44702371120110185
71434,0.11406527082081747
71437,0.0840269295640539
71438,0.24786367253714572
71439,0.009599085892764855
71440,0.10951671069816607
71441,0.08784924978504273
71444,0.0018074345788337835
71445,0.026826850279371046
71446,0.04288691321690173
71447,0.005378278594923439
71448,0.0016815621691732405
71451,0.4264943335280077
71452,0.030162748221746968
71453,0.010902857168009244
71454,0.06790279060246122
71455,0.003962515183302114
71458,0.001138706677521688
71459,0.0013569594998158066
71460,0.09431718912037572
71461,0.12088073155264226
71462,0.0012416063812955907
71465,0.028212054076397666
71466,0.13528344003863826
71467,0.005953225657175366
71468,0.08396826710803634
71469,0.09349489301910786
71472,0.002021611720577089
71473,0.1801610081874709
71474,0.33304180991466403
71475,0.09231404804369185
71476,0.0111224316424268
71479,0.23050463800822552
71480,0.02595574893345987
71481,0.009779562882888978
71482,0.0024416238585692695
71483,0.1180187169951287
71486,0.002969708763753484
71487,0.11431266272076085
71488,0.007164849486022914
71489,0.033502209565340335
71490,0.24282333318762975
71493,0.005658345717675216
71494,0.12720820033660968
71495,0.16462717643785718
71496,0.05268478387441062
71497,0.008286640503344125
71500,0.11483927937459129
71501,0.15745172290486487
71502,0.46800565003371686
71503,0.02586225962145004
71504,0.03386315127241244
71507,0.11486361347759023
71508,0.3557310404172709
71509,0.033711307522810936
71510,0.0035458937512481076
71511,0.005601740093621566
71514,0.0022466297908015046
71515,0.46891423226931855
71516,0.0011573680664063862
71517,0.05844091230726796
71518,0.0009951498524052452
71521,0.10198876174651121
71522,0.025809028055736642
71523,0.05398950219132737
71524,0.053365733700693814
71525,0.0025168439517938537
71528,0.004591168798290442
71529,0.000981317250168756
71530,0.010571455485766943
71531,0.027151123156446313
71532,0.2827340092432092
71535,0.0009529570583359921
71536,0.015585591197040371
71537,0.0061150725816606815
71538,0.03868166604085597
71539,0.015955721066028147
71542,0.0013350938574750208
71543,0.17492840957582373
71544,0.07928672435475355
71545,0.1914164034191079
71546,0.003430168875976503
71549,0.3368957288565938
71550,0.2978708790837795
71551,0.07624167830998134
71552,0.01965617737891986
71553,0.03872126027842007
71556,0.37531206042852067
71557,0.001210904896599855
71558,0.0012462711744142911
71559,0.0859181124445051
71560,0.005007751384196655
71563,0.013090848660479992
71564,0.1117436733757011
71565,0.09566578419747138
71566,0.022670487318445235
71567,0.03562690408582461
71570,0.07965248628609012
71571,0.003098294097383969
71572,0.024073557388952505
71573,0.008089141593503517
71574,0.15118694656486242
71577,0.017339981230683622
71578,0.06726448984802019
71579,0.018125559202250396
71580,0.0036571711028018693
71581,0.003940918343073566
71585,0.05350829381224252
71586,0.006296322272086579
71587,0.001330311966574617
71588,0.009692059919022203
71591,0.19528016707302792
71592,0.006892720334800321
71593,0.25675850741333006
71594,0.002052453243454499
71595,0.0192247709550111
71598,0.04397817755088764
71599,0.34701218650626636
71600,0.045190173665922914
71601,0.0016846451752996466
71602,0.4353067563727733
71605,0.025008232995259727
71606,0.001410982516202462
71607,0.0413265245034649
71608,0.033496642884753264
71609,0.01299009804599774
71612,0.026895468318102682
71613,0.1717157520344809
71614,0.44184153541659865
71615,0.010657856900248128
71616,0.0015021962835962818
71619,0.25405581649195885
71620,0.13143532541465977
71621,0.04817473778872884
71622,0.003039050619381077
71623,0.09099936640633431
71626,0.0019128772475397121
71627,0.3511140795123576
71628,0.0013190015006801768
71629,0.01448423366526935
71630,0.007806744517576074
71633,0.04888263984821215
71634,0.0035874712897226275
71635,0.1736697439521834
71636,0.3646219572328493
71637,0.04099704937639018
71640,0.002279601476581151
71641,0.004248606987999813
71642,0.019025872922865093
71643,0.013449032783958589
71644,0.2187273509434723
71647,0.002470501377681432
71648,0.0034661503565819886
71649,0.007892676182498908
71650,0.026207725938445937
71651,0.0011304827775373224
71654,0.0019363804751742792
71655,0.008505932391791609
71656,0.0475016809500825
71657,0.010044482418694003
71658,0.013138366403076253
71661,0.041204522536347515
71662,0.07159845960604962
71663,0.03800472552599934
71664,0.013252346974121648
71665,0.033252283751644594
71668,0.09392759350465082
71669,0.004065369799461664
71670,0.017307025551767687
71671,0.3234424496920584
71672,0.04846585197419962
71675,0.001856245654957207
71676,0.004208732588016617
71677,0.06438459673261382
71678,0.0013250085145226221
71679,0.3056031137185207
71682,0.0011442961502864633
71683,0.10500483316144278
71684,0.46800364567765795
71685,0.03199654481332835
71686,0.051328376443149935
71689,0.016443845400262738
71690,0.003227617812881902
71691,0.002418245678570011
71692,0.03927277301055978
71697,0.03275501774369707
71698,0.19423269613262126
71699,0.36686626977564185
71700,0.0086081025786779
71703,0.32966455677952616
71704,0.004789853378565104
71705,0.01640159996266234
71706,0.14115890134533302
71707,0.016351538757394382
71710,0.15573024407340913
71712,0.030902307673550074
71713,0.0031549371379828036
71714,0.026681170694154495
71717,0.19335797993060028
71718,0.005087777788265301
71719,0.15196076801096398
71720,0.0046334976240017265
71721,0.023871710828888865
71724,0.028058156279867172
71725,0.0022661487498162255
71726,0.005593033699871513
71727,0.4020236471007093
71728,0.07599820721127801
71731,0.002000406892450166
71732,0.44081710977660493
71733,0.01570351767408578
71734,0.004944376210856699
71735,0.009667169983314393
71738,0.004016441815507861
71739,0.005006433391600323
71740,0.006194139472842873
71741,0.002727916230675872
71742,0.008302676938410214
71745,0.038718244639593224
71746,0.02493277122346103
71747,0.0052901840568310736
71748,0.0019253973572868383
71749,0.08826116758870266
71752,0.05668932346390519
71753,0.0013622795142909539
71754,0.01267757846916718
71755,0.15924205518630036
71756,0.007388466591397821
71759,0.0009299476735636799
71760,0.002683293119994185
71761,0.004389265912807403
71762,0.132376531596186
71763,0.0019204002026974956
71766,0.017670313619414426
71767,0.001765134695362031
71768,0.061155666804451975
71769,0.33373378503354867
71770,0.02421465947446572
71773,0.08940037611335647
71774,0.005311218024628445
71775,0.0011461029018485901
71776,0.006191466601813061
71777,0.0017872830081519606
71780,0.02796714415132288
71781,0.00370884905603551
71782,0.002357877654598937
71783,0.005449880432157906
71784,0.019752375042968888
71787,0.00933626536669463
71788,0.005814412965110133
71789,0.09927339976724692
71790,0.002909937356985349
71791,0.0011914496178669256
71794,0.025831468295859725
71795,0.005785675875800709
71796,0.004604609470650219
71797,0.007398455912012232
71798,0.015356723177621582
71801,0.0018373637916149735
71802,0.028616116694022396
71803,0.33526068620150706
71804,0.0023232909115447962
71805,0.006857064205841939
71808,0.0022528508623467247
71809,0.20501577759580114
71810,0.40636857971756096
71811,0.0013115166609177955
71812,0.19337308109979534
71815,0.0028921268039599386
71816,0.002652988968542624
71817,0.0054875572873889595
71818,0.21460324019048552
71819,0.007130403043740663
71822,0.001743599868162372
71823,0.033103777682270755
71824,0.03572395635537184
71825,0.02964626438476084
71826,0.2927961170109067
71829,0.0017083982826721336
71830,0.0019747023125816026
71831,0.0008714530690835268
71832,0.011991383544013759
71833,0.004175864859207861
71836,0.1361800607704342
71837,0.007099931773099761
71838,0.007948454817984618
71839,0.0016075738743214362
71840,0.002514236847184326
71843,0.001267349581237514
71844,0.001972406462968697
71845,0.001973680174722705
71846,0.3291212298196111
71847,0.0022794111333218807
71850,0.010374563054087094
71851,0.043929810761155284
71852,0.34446760033285356
71853,0.006636002179398948
71854,0.06121617972191127
71857,0.025191518359988962
71858,0.006460791974199092
71859,0.0014956169307310907
71860,0.002589298023604212
71861,0.028083958336305944
71864,0.04186024943805876
71865,0.10730612258573927
71866,0.04614454934426263
71867,0.24334213078473582
71868,0.001023073922593235
71871,0.012796503247220571
71872,0.2186683408977075
71873,0.052237124883218314
71874,0.015175795884999881
71875,0.01660339161649255
71878,0.39332982548360823
71879,0.0011605009267286349
71880,0.08544091478499284
71881,0.4447469339119947
71882,0.30305148500578527
71885,0.012266161479223756
71886,0.20503844374117092
71887,0.3779318851467716
71888,0.04396159951264097
71889,0.00934779099044984
71892,0.24178444447254455
71893,0.0670142197105749
71894,0.03445797206816931
71895,0.1785037416319961
71896,0.019629445725923383
71899,0.2863615595910841
71900,0.36638666168578055
71901,0.01796829698160429
71902,0.10157276380308272
71903,0.2683625485998989
71906,0.0330816928233465
71907,0.0014462653072699672
71908,0.004881277528164358
71909,0.0027254966445536487
71910,0.0019034669860223425
71913,0.0010011030255750956
71914,0.0038010226058118944
71915,0.010195184556101747
71916,0.047963439988845405
71917,0.15474012355789418
71920,0.006185418979433444
71921,0.0008664604958775146
71922,0.025025403965450426
71923,0.004882164189536481
71924,0.02096352588197716
71927,0.0313453296109272
71928,0.03597575026512864
71929,0.01971244759964202
71930,0.04743787514014685
71931,0.00415331617625898
71934,0.0018641769572883711
71935,0.00176409468924445
71936,0.11519236142892994
71937,0.0016226646908515088
71938,0.05570968355549568
71941,0.06841072137457893
71942,0.0047685771431816085
71943,0.07043880034130795
71944,0.3510179391998697
71945,0.04536586885439157
71948,0.0049262105968032755
71951,0.06105893253615001
71952,0.008849419301137898
71955,0.007277057012681713
71957,0.004546647398023441
71958,0.00160168817045917
71959,0.03108580983483672
71962,0.1699701809078803
71963,0.06418917934421303
71964,0.03114388074979592
71965,0.005152319594490666
71966,0.4523223196585378
71969,0.0654479445348953
71970,0.003377708202128666
71971,0.0067740254487046
71972,0.00459062008958818
71973,0.00275201285242998
71976,0.0033009231725493423
71977,0.006293912404897594
71978,0.029632191319123154
71979,0.0009170179268297762
71980,0.012957995263729151
71983,0.1345562915429349
71984,0.07567757939410981
71985,0.005843301411785294
71986,0.0013332876327362421
71987,0.15686355125416757
71990,0.2903768482632816
71991,0.0017551758165503231
71992,0.0014142483256339832
71993,0.083985172121775
71994,0.04405568407053944
71997,0.0072160031900699514
71998,0.05960637002107174
71999,0.0018014078942803226
72000,0.24699219707938957
72001,0.38542645438517453
72004,0.12951474192217396
72005,0.07883852464683996
72006,0.2386095534550752
72007,0.3227582409645571
72008,0.003911283147744374
72011,0.1717532428856306
72012,0.0014193655681225027
72013,0.04664544116715514
72014,0.00672892963452627
72015,0.11612852618524594
72018,0.10552767184226995
72019,0.012417497127134207
72020,0.013584816618984795
72021,0.003586276872901381
72022,0.0038449401692362034
72025,0.006711156244685392
72026,0.027708319871145803
72027,0.001641233159515659
72028,0.009126268260760387
72029,0.0008672949210952017
72032,0.0025870298968145326
72033,0.3696886311240895
72034,0.06303089017602875
72035,0.01261067707527595
72036,0.004837891878817924
72039,0.014466108200694947
72040,0.0031948818146348428
72041,0.08030702973800669
72042,0.15113788190478367
72047,0.34743677414265584
72048,0.012467710470406065
72049,0.0059559616983333764
72050,0.06072326969525134
72053,0.009624050311851933
72054,0.3512759165229616
72055,0.2596886766110085
72056,0.005466892004599684
72057,0.04638278138877838
72060,0.006638474208984661
72061,0.002374273426853238
72062,0.0020760919767740314
72063,0.16270621463548343
72064,0.021721696542967767
72067,0.004438215796396065
72068,0.0034323682500066797
72069,0.0032041898719107134
72070,0.11356826783044906
72071,0.14270709193001024
72074,0.011152577825949172
72075,0.004232000751716137
72077,0.06333102282621618
72078,0.25053050498386664
72081,0.00494084859554391
72082,0.07170472183636975
72083,0.16864353582286692
72084,0.19005092528378298
72085,0.06501795826498931
72088,0.010936955960740806
72089,0.04916478126979433
72090,0.4293261623484668
72091,0.26320139508182994
72092,0.0759857959640691
72095,0.0071047700225389775
72096,0.2604345165583129
72097,0.013411455399048493
72098,0.22702892172934852
72099,0.12599256540841453
72102,0.16224183378426554
72103,0.31825196805435524
72104,0.0065825368319898546
72105,0.025007662799897638
72106,0.00235965822305693
72109,0.25963234848239736
72110,0.19341477503326795
72111,0.06845716727196793
72112,0.0035814233377155008
72113,0.06875097574398163
72116,0.03554480109533712
72117,0.07058164888109983
72118,0.29257052999514366
72119,0.0011726734757192064
72120,0.014442062324650258
72123,0.0031026218099470797
72124,0.00712715069219184
72125,0.017986471298608152
72126,0.2752230393444693
72127,0.007875332425474845
72130,0.18040673781065342
72131,0.03414241014838502
72132,0.008587813253944065
72133,0.0032092919732388306
72134,0.005992310744843389
72137,0.006532201308481048
72138,0.18779831020342067
72139,0.05289416848571064
72140,0.37149866642390333
72141,0.004795770245852865
72144,0.0010706235753658992
72145,0.08956898095995415
72146,0.2784765475620685
72147,0.022988484222864248
72148,0.0019814714768207134
72151,0.014055427062287854
72152,0.36221246495105425
72153,0.0009290350074483906
72154,0.0023698488773355995
72155,0.20987579885910354
72158,0.001300361366353015
72159,0.026932615765779357
72160,0.044706891019072804
72161,0.02518808040435988
72162,0.002277020276210282
72165,0.007021020268446261
72166,0.3340960338307671
72167,0.0010303642223166087
72168,0.18896105769853302
72169,0.004031243736665188
72172,0.008148507725757956
72173,0.1462600754194867
72174,0.16294849368040829
72175,0.0018033683619128754
72176,0.03280278052644673
72179,0.007226955210723372
72180,0.019043144988379522
72181,0.004521410980693892
72182,0.022337864090604502
72183,0.07683403839073556
72186,0.04708091964522006
72187,0.00193326012320971
72188,0.023989018371140015
72189,0.12362442332591034
72190,0.0011876712833731858
72193,0.0028870998658025943
72194,0.3414941320218525
72195,0.000783651481602304
72196,0.005554683203343567
72197,0.1740364874069056
72200,0.10600991395929621
72201,0.00563860445514648
72202,0.0032115554115007
72203,0.10471422636578603
72204,0.09327720010502584
72207,0.06749481413664511
72208,0.010349114485256874
72209,0.1614206551996608
72210,0.24951878321979326
72211,0.0061423487701124995
72214,0.003216824227527602
72215,0.01932990540512388
72216,0.04678022881676644
72217,0.03013023581126373
72218,0.03991536444476307
72221,0.001000330467535233
72222,0.003447438028086783
72223,0.12762671636350845
72224,0.040986035864086084
72225,0.014618139350028281
72228,0.009363823338741126
72229,0.0238260313403101
72230,0.0026240312022054384
72231,0.0034514760850185983
72232,0.018761501771942437
72235,0.0019693777743541767
72236,0.003835475570811383
72237,0.003211301470067364
72238,0.0010191505011117943
72239,0.08745325790008998
72242,0.08676483562796959
72243,0.0015730086493450713
72244,0.003340641089207586
72245,0.001233478153708611
72246,0.3247355516248718
72249,0.008480282073477051
72250,0.19184358432674387
72251,0.018860304813141656
72252,0.17853170756078826
72253,0.21343887617879215
72256,0.45109167495629
72257,0.008333300946357508
72258,0.04801943880778631
72259,0.24735599976595024
72260,0.06064732777345264
72263,0.16382489791718938
72264,0.0011130669660863383
72265,0.06173434557195448
72266,0.0564088210123736
72267,0.00214734943306553
72270,0.0074239111018729615
72271,0.004959147624881463
72272,0.008006710966615385
72273,0.001078634185818006
72274,0.12801096258582695
72277,0.0008169069269659475
72278,0.0022686553459212657
72279,0.01083683839803988
72280,0.006742059968329462
72281,0.007357577929940761
72284,0.33428065207610197
72285,0.11910910992910562
72286,0.000973903317034479
72287,0.015403939387843669
72288,0.042230581373592875
72291,0.003531782414943131
72292,0.01640346706636943
72293,0.4476963602650528
72294,0.00417038860890527
72295,0.004279339095566948
72298,0.1674909715594844
72299,0.0010012364000679828
72300,0.1145158382054519
72301,0.025228937743193645
72302,0.23200808596957612
72305,0.009834378181156506
72306,0.04293773165826421
72307,0.04958907210385538
72308,0.002311660690563356
72309,0.4580260533504919
72312,0.002786832085938456
72313,0.012067197900056755
72316,0.0008238422608852584
72319,0.010729531717644486
72320,0.3403610289886445
72322,0.3509243567308697
72323,0.001601287177152377
72326,0.002099331235075672
72327,0.05186484984114431
72328,0.008902398806936372
72329,0.02044767975757217
72330,0.000927791818257417
72333,0.001036315381726611
72334,0.0008319261066293833
72335,0.0017790147262128214
72336,0.0013453165567869775
72337,0.11917565784493088
72340,0.0022354832135672723
72341,0.004931160170607486
72342,0.0009514412727482639
72343,0.012020958355924809
72344,0.280343946826302
72347,0.010141241880535638
72348,0.0056888844487539
72349,0.11673560215587143
72350,0.037846057985015454
72351,0.010061872314833922
72354,0.04306508618848434
72355,0.04282556641100455
72356,0.20536973476384235
72357,0.0010932149947731249
72358,0.00375172115773851
72361,0.48265877840809973
72362,0.0033985148224007044
72363,0.004016965340505338
72364,0.4567755414613157
72365,0.04428233522967185
72368,0.009509707450647168
72369,0.025812846593476897
72370,0.003131032906634018
72371,0.03080293471659268
72372,0.17930528125953138
72375,0.0008633575440278358
72376,0.10117086837603047
72377,0.004622696681247447
72378,0.19212742062845695
72379,0.05752851768528845
72382,0.027622833003004388
72383,0.13968630082489913
72384,0.0262298589078715
72385,0.17535745593472465
72386,0.012922225828706837
72389,0.006546098309182421
72390,0.3241936627701354
72391,0.0017026101706849866
72392,0.14616778354245968
72393,0.11257169677767563
72396,0.006638428699802976
72397,0.02317558657220328
72398,0.01899155611517787
72399,0.21150383459610356
72400,0.002597645207861459
72403,0.00883913567348388
72404,0.2017471594911003
72405,0.042832691721227355
72406,0.0025165594655303727
72407,0.012118851373248989
72410,0.23991804500486763
72411,0.043143159192054165
72412,0.10042638740997446
72413,0.016849972957229477
72414,0.002027912136288085
72417,0.028539707035825385
72418,0.02908339122882589
72419,0.0013539628679257697
72420,0.011492589869536586
72421,0.012261675523714575
72424,0.08854375976673912
72425,0.009354772398291536
72426,0.01150144461548724
72427,0.03682355299077854
72432,0.0007748818998468376
72433,0.0015715222584802718
72434,0.003713490951494066
72435,0.01475652331973245
72438,0.02406471716236661
72439,0.14589763202069725
72440,0.06648773411047934
72442,0.003163746066966762
72445,0.02537622119705664
72446,0.0015626755337730376
72447,0.1854720627391902
72448,0.017782930592662914
72449,0.007216365955264854
72452,0.01681580387119398
72453,0.001490958498675513
72454,0.0007759598514444991
72455,0.22840105480370662
72456,0.20833939124493794
72459,0.20780236133797017
72460,0.005764118054487662
72461,0.04291472986971605
72462,0.004103874789277856
72463,0.03465785714900749
72466,0.008159541037995151
72467,0.0032317001816652836
72468,0.013676031154405792
72469,0.014471773493920445
72470,0.27313084055756087
72473,0.033437404225515374
72474,0.013881386265042041
72475,0.023951520423315754
72476,0.001375065546125935
72477,0.0013242105702891895
72480,0.0022959172358962454
72481,0.04208756201616734
72482,0.004536160401000933
72483,0.03694034533006262
72484,0.10658450343553018
72487,0.0519391761837121
72488,0.30538528393916015
72489,0.05583103245354286
72490,0.02409446162750091
72491,0.0009592224785756711
72494,0.06289503479989628
72495,0.0013537359997041179
72496,0.10909982289518674
72497,0.13964507140068802
72498,0.016464458727429434
72501,0.0060504062635515264
72502,0.3630502942254365
72503,0.11471732234789893
72504,0.024853116925614246
72505,0.05601518689389546
72508,0.004651871655824054
72509,0.017297774393064427
72510,0.1703265374556421
72511,0.0014204244860082174
72512,0.07175726519306284
72515,0.004117046747060521
72516,0.002994480741279773
72517,0.0009061616087992855
72518,0.018759920472667127
72519,0.008726031069554413
72522,0.05451698122544604
72523,0.005806049647043443
72524,0.02356958578133274
72525,0.027873669594625575
72526,0.0018251530054206753
72529,0.3491227079034015
72530,0.0015339222292608482
72531,0.0018638483248095549
72532,0.01778463420827362
72533,0.0197600596907315
72536,0.04565915969091909
72537,0.0007361858108169517
72538,0.23437197906348642
72539,0.01027751021343891
72540,0.0056560758023350794
72543,0.0010862940458774577
72544,0.002970530947453702
72545,0.0072338174051664855
72546,0.2257950223304658
72547,0.04218446156511132
72550,0.19549799068508303
72551,0.0015335441951158913
72552,0.0036208251558855218
72553,0.003437671480678862
72554,0.006835775497214822
72557,0.01763886319693896
72558,0.18170043834278274
72559,0.056164772273117086
72560,0.19785104208242543
72561,0.004246960363305346
72564,0.16985655180118847
72565,0.004925106325424525
72566,0.005251735342222576
72567,0.024059240973999134
72568,0.1999464879206934
72571,0.06182585137975609
72572,0.05971772982568433
72573,0.004973073971642034
72574,0.2300081728124264
72575,0.0021437021656750166
72578,0.003342613981834371
72579,0.1430898147459674
72580,0.004392370470878898
72581,0.00611537816468818
72582,0.003633310167441289
72585,0.14059598635142753
72586,0.17255827595687084
72587,0.10300412530999668
72588,0.04419280982417452
72589,0.0026934343705366046
72592,0.0038756645415319005
72593,0.0011365002943844516
72594,0.329474127918055
72595,0.4482581898164664
72596,0.004990761663133526
72599,0.07776676177437222
72600,0.05433407148719399
72601,0.013507876519016429
72602,0.24732234821035598
72603,0.007210315987216812
72606,0.05756639867696068
72607,0.00769118508742292
72608,0.0020597122968824
72609,0.15770425825129272
72610,0.0010921253662077813
72613,0.014981275590555964
72614,0.0011492468029164083
72615,0.12403882499923473
72616,0.009232403847673215
72617,0.03433896019465527
72620,0.0030379994052696663
72621,0.009143308254533054
72622,0.01895805029172894
72623,0.0012237441901090192
72624,0.04088200742394004
72627,0.11436838020651212
72628,0.009001822374845906
72629,0.00810866815020014
72630,0.027222077665456607
72631,0.019938755276039884
72634,0.000899497779533774
72635,0.00397502432224955
72636,0.2339849062432635
72637,0.12030599569299281
72638,0.0008090011993328813
72641,0.004135217467623071
72642,0.0012015597903036702
72643,0.06592025005530713
72644,0.0037359121103313336
72645,0.004483431963359908
72648,0.06996855658461122
72649,0.013055043899266499
72650,0.007900518134919413
72651,0.020606926650031946
72652,0.0021320260487737537
72655,0.002052529882781597
72656,0.0018268427470565435
72657,0.0024884624346317302
72658,0.019668633344013454
72659,0.03957282078179015
72662,0.002069346387501764
72663,0.019383009242015574
72664,0.0959019404578912
72665,0.017316772974472736
72666,0.1903132025947675
72669,0.00516683737697177
72670,0.053270462317852325
72671,0.08726813706812127
72672,0.0009084846979396745
72673,0.0029511250136350395
72676,0.002758484782180466
72677,0.008054602369381525
72678,0.0019588482593924307
72683,0.0033077917773477765
72684,0.009475534541667795
72685,0.0008783645236259429
72687,0.13711808046660484
72690,0.0009855758166450988
72691,0.034569112356799526
72692,0.015019174825515041
72693,0.2153906858970273
72694,0.013903488016995744
72697,0.008712846152790334
72698,0.0006884475328933306
72699,0.0007978962215767625
72700,0.0008451115195026453
72701,0.04891538833884074
72704,0.0007169916639936041
72705,0.02419731729871401
72706,0.001790716274888318
72707,0.11638885283406111
72708,0.017375128404965193
72711,0.0008447803717035144
72712,0.0009567233605009776
72713,0.005394722399666422
72714,0.0025489128695686722
72715,0.1511721393342051
72718,0.004200596613715456
72719,0.008297073935614846
72720,0.2639766366809353
72721,0.22901852840765038
72722,0.23621427606852755
72725,0.0041208198714799684
72726,0.18977014762627276
72727,0.02225603772397165
72728,0.04608733076996067
72729,0.01291216290488683
72732,0.0046282221945869815
72733,0.005338834215294026
72734,0.016238584550307494
72735,0.022732864917672922
72736,0.03520172504571505
72739,0.0016628433484313205
72740,0.054653188698647596
72741,0.08745047823299847
72742,0.00362499195751107
72743,0.04517347362243245
72746,0.0018311461948204131
72747,0.055686501177764094
72748,0.004752926425303175
72749,0.35779631308385845
72750,0.03809006128330206
72753,0.050306778313918554
72754,0.0022312626092522
72755,0.0008292527879384219
72756,0.023186253128255747
72757,0.0021131839019643012
72760,0.004812249792505446
72761,0.0008261315399954899
72762,0.002310358041286687
72763,0.2889786506248859
72764,0.004397006927828235
72767,0.014164701258271175
72768,0.43182014869866064
72769,0.09197670553898354
72770,0.001112992034380828
72771,0.0010816020604523732
72774,0.00249776557475922
72775,0.0007486273506907078
72776,0.002373277193341642
72777,0.44978486921266625
72778,0.0722542562906728
72781,0.3931310276977946
72782,0.2587658986716941
72783,0.11377180058128673
72784,0.017434711593369758
72789,0.0018062790018861332
72790,0.0016420059002864313
72791,0.008290758080483044
72792,0.0010609220139123777
72795,0.017811381595004533
72796,0.0013717305149442249
72797,0.024111793257519817
72798,0.07733542473644932
72799,0.0011443993397857316
72802,0.03726099645755125
72803,0.017402285923410872
72804,0.0549904863263639
72805,0.006080971290192366
72809,0.0006797322083908652
72810,0.40619356710487203
72811,0.001272616984534822
72812,0.46830722848222195
72813,0.043507798830994246
72816,0.15803800172706517
72817,0.003252861848692247
72818,0.34412849884131846
72819,0.012476223621159408
72820,0.06866761922017348
72823,0.1989079413982175
72824,0.002952127988216907
72825,0.1144539889821328
72826,0.10981514254585907
72827,0.07822192609966795
72830,0.009998071880591012
72831,0.006178858890015775
72832,0.4276470411885985
72833,0.09733322217192035
72834,0.027937498828274173
72837,0.05367835670596994
72838,0.0014019051706804274
72839,0.0026494771327742915
72840,0.007709054826886758
72841,0.051548846405550255
72844,0.004701662125393933
72845,0.0018289517615161512
72846,0.009453590527283567
72847,0.0027021072077942766
72848,0.0034119670916667806
72851,0.011001561492000015
72852,0.06107479082939571
72853,0.003483978148392372
72854,0.12248297434715585
72855,0.0027874133797937024
72858,0.002360609458177679
72859,0.002101047619204342
72860,0.02110234900090842
72861,0.13455899834602852
72862,0.24833365633320748
72865,0.003531193852300044
72866,0.001373201881916085
72867,0.006505358220552365
72868,0.1850830205769675
72869,0.000995004741687756
72872,0.000694856016724932
72873,0.02735344048515446
72874,0.009407943201520148
72875,0.00281696468047232
72876,0.0036891748496403172
72879,0.0007984894409510362
72880,0.2244407243321795
72881,0.010314629737136795
72882,0.0049436507126937885
72883,0.001333214907586825
72886,0.0014808037376158978
72887,0.0007447555418321392
72888,0.016221785403971595
72889,0.001971016655163059
72890,0.02841406231316402
72893,0.029351576867127655
72894,0.08973858039678946
72895,0.002138278461732559
72896,0.0007055219761583232
72897,0.08795525629155372
72900,0.3307021150459111
72901,0.002173756704539101
72902,0.007913585778368459
72903,0.0008370289787842679
72904,0.09031844553768979
72907,0.2995693474079907
72908,0.018416382739081163
72909,0.2722429065313668
72910,0.08474012533799621
72911,0.20818916943124413
72914,0.1086909992717171
72915,0.23734391734957053
72916,0.0008667723083295579
72917,0.07578504976058703
72918,0.025359584321880783
72921,0.0012483721129822735
72922,0.0054028508686059795
72923,0.00799897435831759
72924,0.004479512879456463
72925,0.0019798621761310353
72928,0.0014316182893852466
72929,0.006788851715546807
72930,0.001318630822398497
72931,0.013808468416379727
72932,0.07631617261530435
72935,0.0014065635759163337
72936,0.013253142772139544
72937,0.0011829306111152472
72938,0.3670222848246727
72939,0.03438455984931814
72942,0.0008963921527018534
72943,0.09156101738906477
72944,0.0009339288193061638
72945,0.0008602165589114907
72946,0.0013837136181715068
72949,0.011416083997890548
72950,0.006572386137003916
72951,0.0015016669842217397
72952,0.0027944072358146613
72953,0.007344801889585038
72956,0.0007107240825783606
72957,0.005077023001087469
72958,0.0007429909090594335
72959,0.3271604369919895
72960,0.19046979028467717
72963,0.023971196767453143
72964,0.037273322697915064
72965,0.002662927488452665
72966,0.16492699847121184
72967,0.0007381929749188332
72970,0.05918455523407384
72971,0.027805623046286882
72972,0.0773192795911901
72973,0.01024612933098896
72974,0.3242773150442509
72977,0.17720965021308194
72978,0.0033928169670662473
72979,0.13877487233658303
72980,0.10023521312891227
72981,0.0024790975261672977
72984,0.2575095773331323
72985,0.026222668090055083
72986,0.41041292078587
72987,0.04785521157195775
72988,0.004619640019799134
72991,0.26294221249877175
72992,0.001313104199479021
72993,0.001140687175180899
72994,0.23815984368926757
72995,0.0006648163935490099
72998,0.06629858466977463
72999,0.2735248980453072
73000,0.4623000278490486
73001,0.03171312370198384
73002,0.007293056562294267
73005,0.0526313208867408
73006,0.001843767652389039
73007,0.004093679146738931
73008,0.046689879578608484
73009,0.0036379785128817866
73012,0.0009240042047676769
73013,0.2574842323707894
73014,0.06252609728340998
73015,0.021994365990772858
73016,0.017466811214712583
73019,0.01301464765157318
73020,0.06480397698297971
73021,0.0056663997467015685
73022,0.0065649687067844496
73023,0.010263944624714359
73026,0.2242878037377159
73027,0.020053413995581932
73028,0.044742806161403484
73029,0.01825731608996557
73030,0.0010409107360559331
73033,0.019566823411467708
73034,0.4352713032108226
73035,0.025810927626519545
73036,0.002037366623990551
73037,0.0026680267982687783
73040,0.015709645601721164
73041,0.09069453324616933
73042,0.021655023653466117
73043,0.011236369980262787
73047,0.0006168247859195363
73048,0.006572735010134946
73049,0.004709168010474802
73050,0.018150212736069492
73054,0.04512766172692277
73055,0.002135073642682642
73056,0.01771911750265247
73057,0.0006367184465943836
73058,0.022782538354253496
73061,0.3035602236052906
73062,0.005076999558147325
73063,0.3499071334597735
73064,0.0900687966763909
73065,0.04529668994448655
73068,0.003471831344939227
73069,0.01776691674897867
73070,0.39434044150405473
73071,0.007850774998353254
73072,0.030822168087140552
73075,0.0010292669403324012
73076,0.01712982101745114
73077,0.004246014622166765
73078,0.11105324325074825
73079,0.003001887537685112
73082,0.003916377329392071
73083,0.0011561195374398452
73084,0.38079188307286704
73085,0.024198695183348752
73086,0.00516976149318301
73089,0.25299085870389126
73090,0.030921750763693
73091,0.0008953173873972886
73092,0.02611234654811638
73093,0.0006707447884013304
73096,0.3264968487745901
73097,0.00398652945739473
73098,0.00992049930580776
73099,0.016959752434340513
73100,0.0007376952695109514
73103,0.20088650554494367
73104,0.0012137289421429917
73105,0.004751947898946265
73106,0.08479146684781223
73107,0.001167829584303851
73110,0.027228217661152354
73111,0.002090166320859733
73112,0.03565143715423282
73113,0.0016356106138218612
73114,0.006827670188173952
73117,0.1860280863182056
73118,0.006254539343013835
73119,0.13298906098946636
73120,0.030532905979346377
73121,0.1530146422759258
73124,0.41140788024424013
73125,0.11590467081742888
73126,0.01329907635162017
73127,0.01916819351364622
73128,0.016778207382259658
73131,0.09122995058658152
73132,0.004922334556928823
73133,0.004332318808900236
73134,0.04368901741082956
73139,0.0013284233939594593
73140,0.006467762445264108
73141,0.004079228736107386
73142,0.07477215576519022
73145,0.4742850535729818
73146,0.0014736466623389236
73147,0.001962650389364784
73148,0.20918005689498242
73149,0.03915784674649521
73152,0.005748566061555655
73153,0.0061128578638528115
73154,0.00152101456531565
73155,0.1865565809027963
73156,0.0269455236295015
73159,0.24864552366121595
73160,0.03526191870812273
73161,0.43031840487564554
73162,0.0011783334140599022
73163,0.014070914635278056
73166,0.001627401841181915
73167,0.31893739349275896
73168,0.10409327023908381
73169,0.08408935180257235
73170,0.03590851883592694
73173,0.002223383789562966
73174,0.03592296155223908
73175,0.1211624871355002
73176,0.3081606820126882
73177,0.27967841868014226
73180,0.0029556419013391775
73181,0.02431544119895013
73182,0.0037051033994936855
73183,0.004967844328472655
73184,0.19243115106638498
73187,0.1829535596237043
73188,0.003044883840482633
73189,0.0038233273971545532
73190,0.03795652420030334
73191,0.28338982109321553
73194,0.4386175967195939
73195,0.06920083547105557
73196,0.44710973590154396
73197,0.10204116629163154
73198,0.02873308417329587
73201,0.2110334587385411
73202,0.23666052109093194
73203,0.0011807843747011029
73204,0.009456585712487283
73205,0.0009151023136703639
73208,0.04698335209645366
73209,0.005115698154574568
73210,0.12080191343333542
73211,0.007579952182862234
73212,0.19967720342541437
73215,0.46873923018458513
73216,0.0009305476147878256
73217,0.011578707595377893
73218,0.0009591003118035141
73219,0.0508488874807187
73222,0.05293199524600493
73223,0.0324912033683499
73224,0.004203440517732051
73225,0.010748506783180825
73226,0.0009673567956710673
73229,0.40069517768550905
73230,0.004138200915458427
73231,0.05198786300541135
73232,0.14206208786033786
73233,0.015558602611066223
73236,0.016116974673872065
73237,0.189705505690093
73238,0.12281775492903688
73239,0.03083455674145795
73240,0.0306972986952885
73243,0.05655830148087361
73244,0.17551989933490716
73245,0.4612050132204036
73246,0.0007124316758321174
73247,0.000852010400678445
73250,0.018564899886642783
73251,0.000602451369988823
73252,0.005193221770667912
73253,0.2992723212280628
73254,0.21567336935885137
73257,0.001021084491926873
73258,0.006948524900140727
73259,0.0016641703567619093
73260,0.0011499665258371662
73261,0.02354932882982238
73264,0.34282209602372177
73265,0.1342803146827225
73266,0.303719808133429
73267,0.13384736648895065
73268,0.030236164210023665
73271,0.21477595932539953
73272,0.15508176327663106
73273,0.023847188559635926
73274,0.04843852986946754
73275,0.02059185373554989
73278,0.026647417819944376
73279,0.0062833110362193354
73280,0.0008812626320982938
73281,0.23006549283931665
73282,0.24372702514942415
73285,0.0015505807055793827
73286,0.015852550876539494
73287,0.0027678180862669407
73288,0.11172681479327298
73289,0.0018191955230504129
73292,0.000960856528025697
73293,0.006657037646052818
73294,0.23298883585667604
73295,0.0011629897401588456
73296,0.0023186675236357094
73299,0.0030640091919218754
73300,0.37056038153585674
73301,0.0022175408924351527
73302,0.187763598959455
73303,0.10649295860102825
73306,0.009827405406421595
73307,0.07997021755374317
73308,0.005579938689316087
73309,0.007979413969997884
73310,0.2292657882580724
73313,0.005778000963784536
73314,0.0009547822478364073
73315,0.16057932203136072
73316,0.008581326538108081
73317,0.04766157998704517
73320,0.021596798513098855
73321,0.06888110937874553
73322,0.04386600036325623
73323,0.39021937855477284
73324,0.0006466649608561614
73327,0.007108017833477759
73328,0.016365745463116792
73329,0.03592609911848874
73330,0.012615687816710451
73331,0.03679950274267962
73334,0.042136741083527746
73335,0.02093219054236959
73336,0.07406827300667364
73337,0.14116885575716587
73338,0.01122101423729232
73341,0.0016369651857117407
73342,0.16946953419211028
73343,0.3800526840373444
73344,0.09005539530518272
73345,0.0006509849471970903
73348,0.0017957497925152875
73349,0.008600939739781792
73350,0.0009129497821981597
73351,0.023679405933463175
73352,0.0006343830752614419
73355,0.06448652735576436
73356,0.09398577422324685
73357,0.006466477209217049
73358,0.03716434427811056
73359,0.006992798865046162
73362,0.060778959073758555
73363,0.007396509042929783
73364,0.07398840562374315
73365,0.3358857843200334
73366,0.0010202149186738204
73369,0.0012386447767544428
73370,0.0006866540814171288
73371,0.003802604315869858
73372,0.0047735444109730674
73373,0.010977916639705747
73376,0.20265434043247524
73377,0.13232098846336734
73378,0.06736707349291343
73379,0.0011791027494702302
73380,0.14760708601914535
73383,0.0009449754770082729
73384,0.013985445393743653
73385,0.0038162912252605553
73386,0.2251262870439334
73387,0.07724129406414285
73390,0.000741907562885659
73391,0.07872709074515988
73392,0.06415225719156553
73393,0.12492365697940035
73394,0.19821469730346164
73397,0.09820796058616632
73398,0.006235277248319774
73399,0.021977722036279713
73400,0.011322465564413058
73401,0.20729710013642103
73404,0.0021212935713204764
73405,0.0023947606062091485
73406,0.40878989813714395
73407,0.0356338875637656
73408,0.29739516166286417
73411,0.002265839452251616
73412,0.003278744620333364
73413,0.001079588549352232
73414,0.0960076463885018
73415,0.02179184025211295
73418,0.1362118516221217
73419,0.038654181885674176
73420,0.01395794752954875
73421,0.32984536088423777
73422,0.003805522649324865
73425,0.012100759468088411
73426,0.0017611917007730718
73427,0.07553930149343878
73428,0.0010659215114625874
73429,0.0005599692146054959
73432,0.0009560276495823398
73433,0.0024817251029502574
73434,0.001966170060196334
73435,0.009837127236310335
73436,0.13092994529316437
73439,0.004895486560991163
73440,0.0038461736779845553
73441,0.0006105933749000539
73442,0.012230971645477226
73443,0.0756350739998646
73446,0.004674778869847864
73447,0.0006348440253010359
73448,0.14275570819945663
73449,0.05227482338353177
73450,0.012167527794919487
73453,0.1496117261186769
73454,0.40641363498668404
73455,0.04850577415724131
73456,0.0013677013716347827
73457,0.35204952126374767
73460,0.02605180980326656
73461,0.0027423320056372625
73462,0.0007546691619384224
73463,0.0006066023077231592
73464,0.027291360332529085
73467,0.0007680640330788966
73468,0.3715702003789234
73469,0.003056010337244256
73470,0.00613502917011502
73471,0.08743572635834301
73474,0.015309533449230828
73475,0.19662714344870122
73476,0.0013050429012641163
73477,0.042009491797716514
73478,0.0068579707250340915
73481,0.16132484306328193
73482,0.11709824468650802
73483,0.00057746826939522
73484,0.0029022095047233
73485,0.0007068530664106595
73488,0.06382493585534302
73489,0.15505208064216056
73490,0.015717487667360083
73491,0.016633608069217556
73492,0.1445086797575593
73495,0.0033117907480486462
73496,0.04083176681292054
73497,0.1337210216847376
73498,0.04993634127556692
73499,0.01041841908377293
73502,0.0034614406042092565
73503,0.0181029045575732
73504,0.013467176359998336
73505,0.184193302558285
73506,0.0009679290769062283
73509,0.0008795791658284652
73510,0.004624201382786313
73511,0.4184481059998507
73512,0.012444969254489265
73513,0.006669643232885755
73516,0.0005619529471846086
73517,0.0005564533833179416
73518,0.0014200979515028998
73519,0.30599678008942194
73524,0.0007420182805759258
73525,0.007444528358930414
73526,0.0020810654086845376
73527,0.0299144146812578
73530,0.054089441455415804
73531,0.020455523684586058
73532,0.1742737181502748
73533,0.04197414000625544
73534,0.0014146209471840646
73537,0.3643437462536993
73538,0.16954643744871495
73539,0.20185934899835192
73540,0.030709448078018675
73541,0.0005493848742686581
73544,0.14553762712140034
73545,0.1757795434164714
73546,0.0009558199210374763
73547,0.0011950654177382545
73548,0.3785643250792865
73551,0.002887959974109983
73552,0.005543187579228723
73553,0.0025894636149540228
73554,0.016496344640086355
73555,0.0005684890946217224
73558,0.34979794074846815
73559,0.09613756471805202
73560,0.03201802839876555
73561,0.022315830301094006
73562,0.0009120825857881256
73565,0.01056315197794368
73566,0.34670681692316185
73567,0.02962695235578907
73568,0.027939828374706297
73569,0.0006750136119950121
73572,0.008088199366851864
73573,0.006315387446024233
73574,0.003730215322125922
73575,0.0025372808912162217
73576,0.006337640504030416
73579,0.09415358802429748
73580,0.0012516003690942338
73581,0.0032773846877644395
73582,0.0030669516256863075
73583,0.0005447037905942826
73586,0.002030456763574767
73587,0.0016944627055799882
73588,0.0007389813829082331
73589,0.16869549632304398
73590,0.016052699893375263
73593,0.009144702071612993
73594,0.05033187877718403
73595,0.0015776297671585237
73596,0.002659804429583169
73597,0.00352540876805106
73600,0.0005400032851046205
73601,0.08083464698890673
73602,0.00318999697569108
73603,0.011128107469589428
73604,0.056156224156489395
73607,0.15802288871496012
73608,0.0010717807936007388
73609,0.008242763908189864
73610,0.0017344260182848856
73611,0.011580484401694275
73614,0.10551659265212089
73615,0.04747304443937051
73616,0.0352065232377234
73617,0.0006336034271281494
73618,0.4524441197511237
73621,0.0005804806488128051
73622,0.000601211408974522
73623,0.0005402734885000316
73624,0.01843795034512548
73625,0.0006726977262539661
73628,0.031951577077021884
73629,0.39304813722500315
73630,0.10229504246092333
73631,0.0007616822146646752
73632,0.42794438821444825
73635,0.011484793503329191
73636,0.2810445047936163
73637,0.0670517918618094
73638,0.25813978868381204
73639,0.0013617735472900444
73642,0.008443524736829017
73643,0.001018488745665693
73644,0.004355987295330291
73645,0.0006370815151071858
73646,0.014655922555331984
73649,0.006099380027365886
73650,0.00932234845691008
73651,0.017432135251928712
73652,0.0014888018462958091
73653,0.005858518910598135
73656,0.002015266680809069
73657,0.0022304876422213557
73658,0.12800988899925608
73659,0.005631737599902884
73660,0.12071432237636122
73663,0.008868452224934638
73664,0.004673491225606571
73665,0.0005301871023362492
73666,0.38137113891020874
73667,0.25230600518392826
73670,0.2778963286387255
73671,0.031188481810519173
73672,0.0017491645602821018
73673,0.001500757141596329
73674,0.0031100150716253687
73677,0.0010464662337035836
73678,0.05210167548724274
73679,0.2575120891342211
73680,0.31585684400551406
73681,0.001417782471427631
73684,0.00324493111175132
73685,0.004029268844101902
73686,0.046424096463816705
73687,0.03529468868032468
73688,0.0006877240777264516
73691,0.3037891581399008
73692,0.0024121559859856547
73693,0.05692247748263887
73694,0.3595329251136728
73695,0.0029806796838601473
73698,0.04921498281354871
73699,0.0034227901172874057
73700,0.0037772689493973375
73701,0.012264327898078423
73702,0.00234791170589163
73705,0.008942911202345132
73706,0.06649087793769042
73707,0.003149512940774047
73708,0.008458169127262634
73709,0.4299604168642738
73712,0.0010042415187268066
73713,0.01136769140786632
73714,0.0012571052540061426
73715,0.0011415427911075121
73716,0.022570885372892906
73719,0.014713822949682256
73720,0.02753058627619784
73721,0.021878281284297633
73722,0.0010471150196016254
73723,0.002171625338786244
73726,0.1977623145700602
73727,0.0072971275330144195
73728,0.0005258800983960439
73729,0.008066983511965994
73730,0.002202127072691141
73733,0.002468066218288621
73734,0.04294366401312243
73735,0.03707267776080998
73736,0.0033524588317217774
73737,0.0154624666944746
73740,0.009547825055970207
73741,0.0036142692862642925
73742,0.002324222140444479
73743,0.07345111381059947
73744,0.17203403278767795
73747,0.06393332176931604
73748,0.014661033815569494
73749,0.04533098522823026
73750,0.009676534917042444
73751,0.3251615835646131
73754,0.014428078272976994
73755,0.037973230285174915
73756,0.012167342926025063
73757,0.026159340340172345
73758,0.0672506710997934
73761,0.0009754779651656899
73762,0.13258789274121097
73763,0.004462961554198049
73764,0.0008471879520813267
73765,0.011822233982323873
73768,0.0011765867221512015
73769,0.1995334923391898
73770,0.016050801179536642
73771,0.02062998384096091
73772,0.44285907724261314
73776,0.022648928985573566
73777,0.037605242628687315
73778,0.004815866662289457
73779,0.0007686074164722111
73782,0.2603841435853144
73783,0.049919528083131444
73784,0.022499678196489594
73785,0.020850110703339808
73786,0.002345841437044268
73789,0.022587350185169337
73790,0.38860040715314215
73791,0.0036469205796715956
73792,0.001104291310071629
73793,0.013940588680238687
73796,0.008800869450418776
73797,0.1535376432895188
73798,0.10346912358674072
73799,0.09367898822591421
73800,0.024591858283341123
73803,0.0008189493735473766
73804,0.013186790966346642
73805,0.12570739110257537
73806,0.07577801216381967
73807,0.03382135729748739
73810,0.006580565293915087
73811,0.023043527285346404
73812,0.03190656290728955
73813,0.009815981078642618
73814,0.0893887395870922
73817,0.2724863077048673
73818,0.3955961137784587
73819,0.08376961749085444
73820,0.24978886091084718
73821,0.046788651469137486
73824,0.0023565157276257006
73825,0.0034716491430053327
73826,0.00713939213161008
73827,0.001366020208344619
73828,0.06778743242422194
73831,0.0010920891308359604
73832,0.030380876973761947
73833,0.030034975202538273
73834,0.02912834844967054
73835,0.23873291971752852
73838,0.0005868972402456519
73839,0.18098231710334012
73840,0.045259791412897654
73841,0.05246428787480566
73842,0.2801554312253595
73845,0.16465102540099882
73846,0.34358151440105017
73847,0.0630374291262785
73848,0.0012336004462976892
73849,0.045663741827029466
73852,0.2001561475969815
73853,0.005599208142816104
73854,0.0005056895782695262
73855,0.09506832036154904
73856,0.06877011709196106
73859,0.0005983591183716548
73860,0.13715848480983267
73861,0.014052000292003368
73862,0.09035783783438928
73863,0.0007835345911846393
73866,0.0005589227475210559
73867,0.0017533445087623094
73868,0.053959191741795726
73869,0.02937176779964545
73870,0.08866758161884448
73873,0.001039423668571162
73874,0.0008827017002914758
73875,0.026411345707662823
73876,0.005175876071977581
73881,0.14995321620707522
73882,0.02363421832280935
73883,0.006137301051180528
73884,0.03318742302229902
73887,0.04014623748015649
73888,0.4634428337264471
73889,0.0018736328721665196
73890,0.0010452029487322924
73891,0.0006030492079708273
73894,0.00335390585755722
73895,0.010801627984329102
73896,0.07351587014169604
73897,0.0004906152197170211
73898,0.008150828012342678
73902,0.004349682629239521
73903,0.004311619549356022
73904,0.00140967459125185
73905,0.4364511477088864
73908,0.10282351059952965
73909,0.004835427589640168
73910,0.000999402450636377
73911,0.004219066860559353
73912,0.027272876496246448
73915,0.03894414775115511
73916,0.0029369481107338075
73917,0.002870743135950851
73918,0.007212548961662274
73919,0.06299170555721066
73922,0.0008108370207999866
73923,0.010526891878635597
73924,0.0020437307154364957
73925,0.10695609245668623
73926,0.04386694195735837
73929,0.0011456585819548423
73930,0.33034370631793164
73931,0.01379708135279583
73932,0.017023896825477326
73933,0.002671256983795744
73936,0.06716156286213412
73937,0.10341545631086198
73938,0.0008021194527001815
73939,0.009161746686480218
73940,0.22692091214056204
73943,0.12361706227312073
73944,0.0004859208356317667
73945,0.12143180842315278
73946,0.007010234419354258
73947,0.02593881643230768
73950,0.0010566602168508288
73951,0.0025899621061868834
73952,0.00768516670521674
73953,0.43264349000183544
73954,0.001098602699555595
73957,0.021882201386745345
73958,0.0007686971809962071
73959,0.015417936150912288
73960,0.003930936371823323
73961,0.2891492978558562
73964,0.0027670175494720933
73965,0.04552973835647403
73966,0.04152635383893644
73967,0.2058369854264049
73968,0.16952686261231148
73971,0.12969147920374105
73972,0.04866458180600502
73973,0.0010056392991165662
73974,0.036933376583021635
73975,0.0031851683644722574
73978,0.26337751557285954
73979,0.007963416340692048
73980,0.01688327082016061
73981,0.0005553245194411089
73982,0.001374905728390335
73985,0.020325581346208797
73986,0.0022404174223393104
73987,0.12320763662975563
73988,0.009692173926774676
73989,0.27839082719713604
73992,0.04234622264374358
73993,0.09823900596820244
73994,0.003294123812550196
73995,0.015921422692013028
73996,0.0026386124171773008
73999,0.013376224700751954
74000,0.25641527848861856
74001,0.002936882725782258
74002,0.001496398406023317
74003,0.0009217928830077765
74006,0.009041377448689552
74007,0.0025872327229459085
74008,0.002614290161253986
74009,0.1590367101804178
74010,0.15001032126407698
74013,0.28533216371909303
74014,0.05129257676234548
74015,0.017795982968852927
74016,0.0004794968398195531
74017,0.02384775791324479
74020,0.0031151512251596652
74021,0.0039058211356697275
74022,0.11356416230222384
74023,0.310608242569487
74024,0.010782331174260749
74027,0.0037197201993011083
74028,0.00047676115077183054
74029,0.03921828996988554
74030,0.0009619664668757238
74031,0.03338494554838295
74034,0.0040043122685292165
74035,0.007506920818632799
74036,0.32250378503522054
74037,0.27065135464931983
74038,0.40271029736821407
74041,0.03599725058015046
74042,0.0027096572591115433
74043,0.14111704982967876
74044,0.007112279327792331
74045,0.06335177194764509
74048,0.0019009656188167096
74049,0.0018822242708201886
74050,0.002205162768673911
74051,0.012424034071588689
74052,0.06519714668276475
74055,0.0017417066060225446
74056,0.12858362268419754
74057,0.06287121279706638
74058,0.13048935563040093
74059,0.004425398296162205
74062,0.004070501782629902
74063,0.005136565439598386
74064,0.026355145780627323
74065,0.23255914362689406
74066,0.0008607677071819067
74069,0.013941870682464224
74070,0.02795142321236711
74071,0.007961600533799284
74072,0.12263482310611225
74073,0.18588723219898623
74076,0.028210518736046315
74077,0.09664468148576728
74078,0.08588945486242151
74079,0.0009759589500559116
74080,0.011871670891181721
74083,0.016450614750188417
74084,0.003963127221594637
74085,0.0006481216136326718
74086,0.21378153218648688
74087,0.0014639810436112843
74090,0.008203470739552382
74091,0.1690116855323163
74092,0.05953496916014808
74093,0.016552732311190324
74094,0.00390918134802951
74097,0.08674996489315256
74098,0.011505580650950255
74099,0.004084931625726761
74100,0.020861829791929784
74101,0.0011901025017699587
74104,0.00113751383905104
74105,0.01791210666097859
74106,0.0005560048239401955
74107,0.27504723397679165
74108,0.4531668966718471
74111,0.03335211242903126
74112,0.007262247995149102
74113,0.005978491003849986
74114,0.017191055066244937
74115,0.19551376210888874
74118,0.1425876775034859
74119,0.0012775677765925265
74120,0.0011453200055166672
74121,0.004382021627891191
74122,0.004684614286298977
74125,0.007418911629248121
74126,0.11386810956035764
74127,0.02394986353029296
74128,0.0037582777382249278
74129,0.011262419352494963
74132,0.40759446121503595
74133,0.0006311857547745461
74134,0.0013392864086128682
74135,0.07636840449817987
74136,0.006502282624660943
74141,0.0007769438121209837
74142,0.23839551003988518
74143,0.014241389848439985
74147,0.01967774886977069
74148,0.02706170533225966
74149,0.001422612790104047
74150,0.033199841342888003
74153,0.29808753528031234
74154,0.2936196105150671
74155,0.34452962646845947
74156,0.02723301500807922
74157,0.0031971757837833126
74160,0.11294378083279377
74161,0.00525817094620481
74162,0.003967754552018908
74163,0.0790450129087216
74164,0.0072231746771718895
74167,0.004025298328979167
74168,0.01825963130680525
74169,0.04490910371955519
74170,0.00634327474317966
74171,0.0005281069146215725
74174,0.02403422894686127
74175,0.03065081011830101
74176,0.018537916015497667
74177,0.27296152692093034
74178,0.01000766189126013
74181,0.04741347031487874
74182,0.19948251763937463
74183,0.018265792560324803
74184,0.4521280662033029
74185,0.028552355905333365
74188,0.22232813334687324
74189,0.39105149860859734
74190,0.0015219474682842819
74191,0.0008052020505395541
74192,0.1096175919029797
74195,0.010987186031936677
74196,0.06730286543254903
74197,0.015082514562084409
74198,0.022384945812048133
74199,0.07157175583998791
74202,0.0035895428720383905
74203,0.19235771541440363
74204,0.3201102347746674
74205,0.0022492882975121116
74206,0.004555547815391717
74209,0.014547328125598726
74210,0.01800317169494346
74211,0.0146558943622126
74212,0.02228184378414301
74213,0.030262714237723212
74216,0.014415047420403304
74217,0.011799390996963708
74218,0.0037953023948397446
74219,0.0033186556454321593
74220,0.03361596867214246
74223,0.02618853664527994
74224,0.03452962740184787
74225,0.01114619962365348
74226,0.01985586393346901
74231,0.0009591512985856683
74232,0.003669390355361249
74233,0.0009002151666702141
74234,0.0033564915408104325
74237,0.0005441318941090426
74238,0.005584222572194949
74239,0.0005726954690451789
74240,0.15402622354752385
74241,0.3209552484327463
74244,0.008266107221852417
74245,0.0004978006840443484
74246,0.02538360903932933
74247,0.10588129780629364
74248,0.012324846930510613
74251,0.005087457441304106
74252,0.05168449920743496
74253,0.003215261339847229
74254,0.0005263700249609056
74255,0.0009058965586299304
74258,0.060857147196164314
74259,0.047663585459502035
74260,0.03490051896071679
74261,0.02973746286164384
74262,0.2299470644365343
74265,0.002310194925287477
74267,0.03640818075108556
74268,0.0010172941210924826
74269,0.0007328815681699604
74272,0.38959360743258387
74273,0.00047713495303921
74274,0.0033089988159879535
74275,0.012371540307230781
74276,0.03073772279826787
74279,0.012526078587482871
74280,0.048255134509752204
74281,0.006066650420405049
74282,0.24174086189469013
74283,0.006130856754389413
74286,0.06794865519259466
74287,0.40825630373722693
74288,0.009860307335985178
74289,0.008241802169607173
74290,0.02371215520719975
74293,0.2790357513376429
74294,0.0009200497229298523
74295,0.006544506394405757
74296,0.20621656004054506
74297,0.013168582321300948
74300,0.014477299291276662
74301,0.3029945461342606
74302,0.006747709581726765
74303,0.0016592310022509518
74304,0.002507119166558213
74307,0.11224929315678807
74308,0.0011381745322417436
74309,0.0424621584721365
74310,0.0006328411595564085
74311,0.27985583062979424
74314,0.015602243095460926
74315,0.007204535568680458
74316,0.08217093217473227
74317,0.002139427960133124
74318,0.005852096501813597
74321,0.4064696851910839
74322,0.006653546710229134
74323,0.01501988484684849
74324,0.11765557031525879
74325,0.0004472948240023611
74328,0.0008883737600878279
74329,0.060042456991876096
74330,0.010619856469447854
74331,0.050786504857312585
74332,0.0020721594117567026
74335,0.000703773305756474
74336,0.03779094196568615
74337,0.001678265373906884
74338,0.014279750589331633
74339,0.02903668881791403
74342,0.00066398064599136
74343,0.013124030716583832
74344,0.017708856043882407
74345,0.004239141421566398
74346,0.07454680043023358
74349,0.04784258596761751
74350,0.0006927355507529834
74351,0.004058003394998649
74352,0.0014441764629662735
74353,0.06953930342176283
74356,0.010376840837022864
74357,0.000525502157879177
74358,0.049870250720093386
74359,0.15037474913940402
74360,0.013046003495040566
74363,0.030773609181224022
74364,0.1512705570596487
74365,0.0009347475532694211
74366,0.0004580997248923362
74367,0.008712855891158432
74370,0.002066795646653101
74371,0.0011468460447750996
74372,0.00345527327483122
74373,0.33834245496888155
74374,0.1532337182715577
74377,0.2805060766045303
74378,0.42972434262414644
74379,0.05437532907672464
74380,0.02975231128424118
74381,0.0855646234985118
74384,0.29320138887681846
74385,0.011383213192334806
74386,0.06826294618216659
74387,0.001773804209289514
74388,0.43511219530127726
74391,0.0012808787333099653
74392,0.0005847872162915577
74393,0.0030952232651458383
74394,0.0027383628444463595
74395,0.0006775484146257677
74398,0.10680970346963699
74399,0.00044198836966159835
74400,0.0020705193855754373
74401,0.0028728941468644433
74402,0.036914997657371364
74405,0.010153086068982428
74406,0.004768176214113443
74407,0.006027877744710162
74408,0.003335830484954052
74409,0.2586672335505505
74412,0.03830152470036493
74413,0.02214788755339863
74414,0.07439673349174249
74415,0.1376132637102005
74416,0.1741547767698547
74419,0.03550370272243564
74420,0.014603123958297614
74421,0.29608306799473694
74422,0.0006148407801253211
74423,0.002182303816824406
74426,0.0027738055997139225
74427,0.13727368556697148
74428,0.006741539885260234
74429,0.011315253745204657
74430,0.000476959601651377
74433,0.0024623641869976997
74434,0.008193585135125681
74435,0.001196311893703903
74436,0.15534106292601746
74437,0.4132489387669778
74440,0.003674744774560265
74441,0.23103428480377994
74442,0.20494012422173463
74443,0.0025091202483300467
74444,0.06922432997039889
74447,0.0056473157584393955
74448,0.0007483606217689709
74449,0.0501682366107834
74450,0.1005288791515077
74451,0.21795741867798296
74454,0.18435320039139008
74455,0.29721525022259193
74456,0.24875672331988374
74457,0.022326997148888843
74458,0.048603586366640764
74461,0.0032642215456293784
74462,0.0010374929134886433
74463,0.0018870112223513603
74464,0.011181193417811588
74465,0.22416960357254656
74468,0.0031872393141304267
74469,0.03618498446722399
74470,0.2520783927744276
74471,0.0012575427202207972
74472,0.042977506782972366
74475,0.09955234848946032
74476,0.00102525423122816
74477,0.0008267656449652786
74478,0.042722587832438236
74479,0.038233515614267494
74482,0.007910022136419222
74483,0.0026918838600134055
74484,0.29492621349357584
74485,0.007181550211557925
74486,0.0005783001491658536
74489,0.07313252689189453
74490,0.0007863198332306144
74491,0.0005883760778591215
74492,0.06958270849996671
74493,0.002322504742274414
74496,0.08606406195978233
74497,0.0026067282293969958
74498,0.0017136128400045633
74499,0.08110370289013358
74500,0.003034042429308537
74503,0.0015442235871800422
74506,0.037118735042334164
74507,0.14153460569882212
74510,0.24069149258669226
74512,0.008107645656301782
74513,0.0004809231527282753
74514,0.0014275237677520516
74517,0.02156040013555615
74518,0.01063032877723647
74519,0.06453471644043379
74520,0.1460840556852722
74521,0.01557840738693209
74524,0.017739897405210488
74525,0.011771485430452054
74526,0.0005723255978575823
74527,0.00662051592679293
74528,0.006532749274540179
74531,0.18667613813028047
74532,0.00042053354555168543
74533,0.002020319399590919
74534,0.0009709492142012573
74535,0.025018748779640995
74538,0.01349966454881312
74539,0.011733109043639469
74540,0.11732945643134647
74541,0.0036210055678092446
74542,0.0008086479964332198
74545,0.1451834813370857
74546,0.24997548877266326
74547,0.0025686085285236216
74548,0.06727818493945077
74549,0.005732005791048609
74552,0.0034575057050843373
74553,0.04776214396016342
74554,0.0014941500909350855
74555,0.009620521054365684
74556,0.001023049307271695
74559,0.0021483308551216796
74560,0.001025108345993637
74561,0.3975996247821621
74562,0.082777421010973
74563,0.24337663241527913
74566,0.020499013876366493
74567,0.0008805839965100887
74568,0.017136308591053778
74569,0.001167877978609587
74570,0.04594282523128661
74573,0.04209684514334317
74574,0.0008451237320899104
74575,0.022953902514325827
74576,0.0017770209353355825
74577,0.08675496615099423
74580,0.0005803844699670441
74581,0.008058897241272811
74582,0.0021982148073302968
74583,0.24397834313001168
74584,0.014328566994549076
74587,0.0008105732772734356
74588,0.0009593663943631337
74589,0.32934189211703085
74590,0.05407495228962704
74591,0.020252263097180288
74594,0.1362475554593973
74595,0.0026942991608036376
74596,0.12498332908914994
74597,0.03994775281960335
74598,0.004305432113771583
74601,0.01539629490160864
74602,0.002532908872877747
74603,0.0005286783437867067
74604,0.2015094945518833
74605,0.0031044280228917217
74608,0.09044676997065101
74609,0.02474931145156547
74610,0.3630234435042957
74611,0.1757703324713274
74616,0.048159828499001314
74617,0.04118512401978515
74618,0.0008125976585822963
74619,0.002466951636728595
74622,0.00048691105342353635
74623,0.006734297600241726
74624,0.08337563011695175
74625,0.0455174762091614
74626,0.04808882762636389
74629,0.04587122661558477
74630,0.003997090638028758
74631,0.010876507320308018
74633,0.030275050163071502
74636,0.1599391370649659
74637,0.39113498552657394
74638,0.09783856615135669
74639,0.2143925162750036
74640,0.0018060842296809367
74643,0.20688749600513648
74644,0.002777729384765042
74645,0.030180687374411024
74646,0.27251141734481815
74647,0.0014878508890419767
74650,0.007686784310606678
74651,0.0867438056589981
74652,0.0008340791506962932
74653,0.3321442364290078
74654,0.11016219640271546
74657,0.0022769704903113593
74658,0.0030754228742199898
74659,0.059443340402286285
74660,0.2950337194392112
74661,0.0010772526104541986
74664,0.05001359881025025
74665,0.11491160949879412
74666,0.01200174471189749
74667,0.0007446965569688778
74668,0.33598370014341883
74671,0.002060268557087722
74672,0.0080545591738765
74673,0.022716904473633084
74674,0.0023998866035870167
74675,0.0005020891959542469
74678,0.09064001863557425
74679,0.16574173103843937
74680,0.000728490392754956
74681,0.004071481970245927
74682,0.02076899614299855
74685,0.00799245725123084
74686,0.0023680570819056084
74687,0.0019510548406725305
74688,0.0006919170757396283
74689,0.022446993458102613
74692,0.05754401835177279
74693,0.004994977889448105
74694,0.024262944312727915
74695,0.006863245679616071
74696,0.023538398463835656
74699,0.1549612448144669
74700,0.016594090396971826
74701,0.0034732106908832035
74702,0.001615660084527437
74703,0.014011301903848205
74706,0.14206283874886771
74707,0.024400587822928973
74708,0.0017685028977520404
74709,0.02471131196096289
74710,0.0033322811372530985
74713,0.012683242470206012
74714,0.08301254352842004
74715,0.0016470052311333063
74716,0.251629003332304
74717,0.011187504512700295
74720,0.10426134396106035
74721,0.2839706001918662
74722,0.013054703529770374
74723,0.01336743637173775
74724,0.003088213447823684
74727,0.002362000370041038
74728,0.0026621928515270783
74729,0.02522922840255301
74730,0.005248507708377345
74731,0.007726732548771411
74734,0.023162092169456323
74735,0.006690846773786133
74736,0.0005633484666374413
74737,0.11658832941220144
74738,0.0007549050971636597
74741,0.31237976531353345
74742,0.0515039304935524
74743,0.059423846281665776
74744,0.005435930044342235
74745,0.1802107979093098
74748,0.0008886853636439944
74749,0.0012997923211621038
74750,0.00452750381863767
74751,0.017807825346940028
74752,0.0006206760459702881
74755,0.0012779872632727597
74756,0.013324439714231367
74757,0.003178796632271191
74758,0.008256150360541652
74759,0.007114498731219961
74762,0.043806250688954315
74763,0.01732203576039497
74764,0.2621065228630952
74765,0.03633680132871132
74766,0.003311743034008036
74769,0.0005354184974764234
74770,0.0004992399852707651
74771,0.008918299866831491
74772,0.006219427520963418
74773,0.12232963860850186
74776,0.003317358588609446
74777,0.27615816415149674
74778,0.06068773847254179
74779,0.004012170549773901
74780,0.050608903451284534
74783,0.3199187022980273
74784,0.0012593472806084604
74785,0.050575497296541164
74786,0.2912145249605207
74787,0.268079296654387
74790,0.07653677881258435
74791,0.12902101037416924
74792,0.0018898485716352974
74793,0.04662858747336164
74794,0.0015231130664371485
74797,0.13283236120322459
74798,0.01385814214148661
74799,0.0034767829806418124
74800,0.0044874869471077375
74801,0.006433140870982896
74804,0.0006487592182681404
74805,0.09011303562661274
74806,0.013759490641778019
74807,0.0008657822983942179
74808,0.2619913207142444
74811,0.3061688916703094
74812,0.08706188269058737
74813,0.005120768599971148
74814,0.07210051057303256
74815,0.11810975309522732
74818,0.017592541803065728
74819,0.005870294068371208
74820,0.07808376728477472
74821,0.05395043232326749
74822,0.005868760717968878
74825,0.0005563380100932658
74826,0.0038002553573971004
74827,0.0017644516759163515
74828,0.03373230321321607
74829,0.0659520103887239
74832,0.01813185287132347
74833,0.0014838849169354674
74834,0.017867415161522442
74835,0.0011200368724964462
74836,0.000408806215293111
74839,0.2727322631830083
74840,0.32940299661724215
74841,0.15729039038766354
74842,0.029731803125158936
74843,0.17939104019261753
74846,0.0009426006410795962
74847,0.38567929598421724
74848,0.04833487353745332
74849,0.12254057487029259
74850,0.0006113286472713421
74853,0.003924255288672049
74854,0.0007014046332375776
74855,0.0004570576155095813
74856,0.013333575932444547
74857,0.08610601560242961
74860,0.11483548985766462
74861,0.0933334979405371
74862,0.0029675646037681624
74863,0.3409185488346486
74864,0.31548160999278463
74867,0.006050048083200098
74868,0.004754270173974233
74869,0.004031156195429984
74874,0.03236312050267807
74875,0.0014822963185816265
74876,0.010255537814921816
74878,0.21468596001283707
74881,0.0015763026249762911
74882,0.0005203213508478257
74883,0.2963967437891176
74884,0.028148029950281803
74885,0.014211130762110962
74888,0.16033050830430046
74889,0.0009526404277227374
74890,0.06025712619603636
74891,0.0017384426895655281
74892,0.003853234753725013
74895,0.0064680424549468435
74896,0.11582359194035186
74897,0.09453426245002347
74898,0.3241688137097104
74899,0.08198613570988643
74902,0.03892556433865601
74903,0.0012139255179633094
74904,0.03353091795823323
74905,0.0021207164895699683
74906,0.019940994689284723
74909,0.001708806366813018
74910,0.0004379367548982544
74911,0.08240968568442114
74912,0.000984231764665636
74913,0.005444457202716141
74916,0.001354711034434298
74917,0.004402438446043366
74918,0.022228235679437866
74919,0.08954315304153963
74920,0.2756138618652989
74923,0.010042955134836567
74924,0.0003947754436837219
74925,0.0023761043084411237
74926,0.04415621897443212
74927,0.0012592861479741077
74930,0.0019044681145456272
74931,0.06110027572597249
74932,0.4095673147268171
74933,0.19555983386048062
74934,0.0008801255133762939
74937,0.0011754059064775803
74938,0.05543507388188485
74939,0.05952522543233612
74940,0.001603221573713751
74941,0.000571412267796535
74944,0.0017662697285828089
74945,0.006076883668204504
74946,0.08052145581166163
74947,0.010725467909779886
74948,0.0859337877770992
74951,0.0014357524503100108
74952,0.028798444854092924
74953,0.0011951680198253431
74954,0.029910097115565467
74955,0.0012786828981724227
74958,0.04217083385149703
74959,0.019700896268849334
74960,0.005647659710556654
74961,0.2746153426551378
74962,0.0005274669682615433
74965,0.007604814841909758
74966,0.01215071155968521
74967,0.0011438846091798346
74968,0.0009477018326609842
74973,0.010950613292001537
74974,0.0006104770721520599
74975,0.2855178309719238
74976,0.2020724943354021
74979,0.006431132005325135
74980,0.036284850416497656
74981,0.01654207461580645
74982,0.04366070765351391
74983,0.025276009851349274
74986,0.0012832545386701347
74987,0.0065756413703693
74988,0.0003690327814928418
74989,0.0016549659674825296
74990,0.06430510815256507
74993,0.06870602333938206
74994,0.041238743935554434
74995,0.0011054972301727988
74996,0.3726099883526898
75000,0.08761211311832164
75001,0.0007110468595551416
75002,0.004709461753529201
75003,0.08969866461831302
75004,0.09475820042610135
75007,0.0009601462388258773
75008,0.0007686459318662588
75009,0.07274601042033847
75010,0.02250571958105746
75011,0.0011715903348267472
75014,0.001843252027625938
75015,0.0013566761694351684
75016,0.011181368817411304
75017,0.0006754628130769728
75018,0.04415643246347329
75021,0.14781462916213559
75022,0.0028702812259268342
75023,0.009617057466259881
75024,0.0010126799007847838
75025,0.2533778099324088
75028,0.0010935595131160976
75029,0.055688090024867125
75030,0.00421039435685922
75031,0.33955261630471023
75032,0.005815522380613207
75035,0.0026933537171748025
75036,0.03246251729552168
75037,0.09705870617139976
75038,0.00971281454988583
75039,0.0011757066423797552
75042,0.04480541098129362
75043,0.07444480130703814
75044,0.06161271532028066
75045,0.0005127541460143389
75046,0.03469495929427884
75049,0.4405267168652536
75050,0.0016945565526682892
75051,0.0030530409538744897
75052,0.18032667444134634
75053,0.0003962453308713845
75056,0.0058539903790174996
75057,0.012601642246748463
75058,0.02940603606126569
75059,0.000732787811817406
75060,0.07899160721938076
75063,0.05856766811340289
75064,0.18830940144871153
75065,0.001984649665530025
75066,0.006390571561906414
75067,0.005800791955357197
75070,0.09470603369297595
75071,0.004289554604336149
75072,0.00189383115677295
75073,0.034931630777080086
75074,0.0014644486973709853
75077,0.03726330719552056
75078,0.001993053266575284
75079,0.3548207699572371
75080,0.008757473142728605
75081,0.0004389917506637472
75084,0.00040336429606261705
75085,0.06014553121811616
75086,0.019189062000260118
75087,0.28773532068935564
75088,0.0008720998342115567
75091,0.007717821753148409
75092,0.02868694867175249
75093,0.2014241133058335
75094,0.000514869044764904
75095,0.010149024187315782
75098,0.05956655639066497
75099,0.036793331649930185
75100,0.06500457874032316
75101,0.006073321062581833
75102,0.0005794786758902058
75105,0.0009784545530065688
75106,0.016704872192307433
75107,0.0012140362233267663
75108,0.021809377359883
75109,0.07409160568977745
75112,0.0003941587002878586
75113,0.05118893367738734
75114,0.04440470471640035
75115,0.00037652311502727376
75116,0.17288053733496997
75119,0.0019420024690393895
75120,0.0005531372164777213
75121,0.01153350110531106
75122,0.44304057579994766
75123,0.03071015090339558
75126,0.20279598636535698
75127,0.0228604138711233
75128,0.0015690152133626522
75129,0.019447940179586197
75130,0.020414360832351198
75133,0.008338965872178238
75134,0.006974796615745065
75135,0.000974246409006334
75136,0.04945907009288826
75137,0.0012480999100975161
75140,0.007800860082135692
75141,0.05228615305484457
75142,0.05434587807713265
75143,0.03385221115419344
75144,0.00518940638254192
75147,0.08614466052421169
75148,0.0006136188954025668
75149,0.007303437612673757
75150,0.0006147061004056795
75151,0.32316055408514605
75154,0.038613250214734676
75155,0.3826950590326504
75156,0.06394573295242746
75157,0.000930254408051837
75158,0.34658759118230825
75161,0.019723283471492204
75162,0.19387099112846445
75163,0.022647313615442838
75164,0.0010965296423349777
75165,0.005155731571222075
75168,0.0022791597634260136
75169,0.03679369374998762
75170,0.0005134191720758499
75171,0.002774546884354081
75172,0.02183004021499627
75175,0.021102754776241864
75176,0.000616520386537334
75177,0.0071914921845093625
75178,0.0028285521154548113
75179,0.022568648631301137
75182,0.09039459673725361
75183,0.0024978149867869713
75184,0.005732419332043683
75185,0.012310712967213741
75186,0.005101257160640308
75189,0.10091130640367749
75190,0.0015046798337874168
75191,0.0004969994228330983
75192,0.0007485230656363185
75193,0.04475979983966583
75196,0.024375214058305242
75197,0.001354090178513816
75198,0.006264679886534392
75199,0.008791815634886967
75200,0.00057872802864445
75203,0.009569566427504226
75204,0.011133092705145129
75205,0.33280689218072906
75206,0.2733269006594284
75207,0.4267006347429011
75210,0.0006355871619221436
75211,0.02391592765235129
75212,0.01551759719151541
75213,0.0010342795459681853
75214,0.005644015782422318
75217,0.005630667808696812
75218,0.05339048994700308
75219,0.0011216489449765912
75220,0.13659070960370884
75221,0.30702873321400137
75224,0.11345663660445103
75225,0.06562591865630037
75226,0.05909184916315776
75227,0.003624681941372738
75228,0.0939329697450269
75231,0.0034653314654874636
75232,0.23353898417319327
75233,0.1560323171220206
75234,0.011580066706172787
75238,0.0005930314816558676
75239,0.0009282727401637412
75240,0.00042312811588556627
75241,0.004175309687931465
75245,0.0034769554658032843
75246,0.005009827330843599
75247,0.005088985077984108
75248,0.15597544502597627
75249,0.00898665997212993
75252,0.027935688791067864
75253,0.01860440814619317
75254,0.010379842541571207
75255,0.1783970209132311
75256,0.03380876248576865
75259,0.2846506900303835
75260,0.0003890791268186988
75261,0.19146273829131025
75262,0.06988373110626757
75263,0.0007345001194014565
75266,0.013906959074805955
75267,0.16921454858720275
75268,0.028252254679236193
75269,0.1950768894861105
75270,0.10626859488866215
75273,0.30886337336348957
75274,0.01913595726891295
75275,0.0013473838883047904
75276,0.00660106003198213
75277,0.005699052932693487
75280,0.105905917582522
75281,0.03771843268228144
75282,0.0010186466519677485
75283,0.23850869935996866
75284,0.0009292221523635611
75287,0.013766716401508543
75288,0.0010782977203291396
75289,0.04541222053915582
75290,0.039077006826443036
75291,0.001995899526787699
75294,0.0015680251567151678
75295,0.08579502165504167
75296,0.0004046756177594745
75297,0.24419805950729906
75298,0.27400901414575685
75301,0.0061361712686422085
75302,0.0024518074691912335
75303,0.0004403697066201052
75304,0.02422626855048028
75305,0.3740461035452964
75308,0.005810596962887446
75309,0.05557831494079571
75310,0.019781902380514752
75311,0.01325360999817614
75312,0.2818333052702217
75315,0.013485559787960968
75316,0.020733698765417512
75317,0.002630784034113015
75318,0.004260744831304843
75319,0.117966729350115
75322,0.101418207477778
75323,0.073369667207189
75324,0.12337584581075535
75325,0.0039150658578351585
75326,0.00034361777265367113
75329,0.00405888124089984
75330,0.005632186756953134
75331,0.02329064399103455
75332,0.04701124109230179
75333,0.0006258711377688743
75336,0.0004117104649489313
75337,0.012434495601643393
75338,0.05521783558449211
75339,0.0017284593704422215
75340,0.1723766938325642
75343,0.0017844154138415263
75344,0.0012136939911417566
75345,0.18198197235883
75346,0.0003879649005075085
75351,0.00036398346571372275
75352,0.0005175824964886877
75353,0.012471297835685284
75354,0.07581977154507859
75357,0.0066986558094254516
75358,0.021591848652573818
75359,0.10126416102414851
75360,0.021010485991758795
75361,0.0037053785507106755
75364,0.26849326131450757
75365,0.04030211288919915
75366,0.3940529739042895
75367,0.001994048915408888
75368,0.004375650451174367
75371,0.28487755037582413
75372,0.00042054267669324597
75373,0.38046138936987617
75374,0.0063062540946586775
75375,0.0016393107482854457
75378,0.0015072640425489135
75379,0.3496340290789384
75380,0.0006396814098388169
75381,0.0005862333587122969
75382,0.007742115956512139
75385,0.013728812551597035
75386,0.32380217196602423
75387,0.007704234382092654
75388,0.023212635046143067
75389,0.0016769203217336253
75392,0.024141213260925727
75393,0.0031940298577115955
75394,0.215069572965828
75395,0.17119373834224627
75396,0.163018505879798
75399,0.32210367977443477
75400,0.008924417292911184
75401,0.0014351693480415333
75402,0.005412855729073923
75403,0.00699414518338759
75406,0.0032547878257335084
75407,0.03834977242995498
75408,0.03263021982831829
75409,0.04606790033283557
75410,0.0025897050738997347
75413,0.1389516193160479
75414,0.407268935195981
75415,0.005985434779847135
75416,0.0004886564600732346
75417,0.005437769414558845
75420,0.0015480422580192985
75421,0.003434582510509632
75422,0.01221852421232677
75423,0.0024680355456343605
75424,0.0011479769595074442
75427,0.08792091824714685
75428,0.03924644790811874
75429,0.08854889439014302
75430,0.016936492423882933
75431,0.0007371283913874126
75434,0.03672559208781801
75435,0.029709853987636214
75436,0.000880406531088722
75437,0.010705945068141699
75438,0.0092558952515843
75441,0.0008765930516907884
75442,0.012807125390454302
75443,0.0032095841553184614
75444,0.24045344812049993
75445,0.12259546257683679
75448,0.023884754407134355
75449,0.012400303384623506
75450,0.0004089680889282509
75451,0.00039454743446169484
75452,0.0009372916147118929
75455,0.04540685244214236
75456,0.0004133945328232468
75457,0.0030252702505059593
75458,0.0259156651207704
75459,0.002765486536304518
75462,0.3964915422014008
75463,0.15493539568339082
75464,0.0010923361153743773
75465,0.004148232305103757
75466,0.03188803591259691
75469,0.011851849235702903
75470,0.0006311974517466353
75471,0.004586121168851611
75472,0.024911719816790894
75473,0.18672698470845736
75476,0.05308605413574681
75477,0.00037057216229646734
75478,0.018731480220291724
75479,0.014585647494961903
75480,0.01201105153747417
75483,0.0007328610804548971
75484,0.005591301721839141
75485,0.002915439258502002
75486,0.026494825276283784
75487,0.36166527312481916
75490,0.0005207162299387929
75491,0.00045633683810549527
75492,0.00045613357715739057
75493,0.0004744630866602725
75494,0.0012046184910739972
75497,0.003106626193231339
75498,0.0009732179157579437
75499,0.0057150992190286055
75500,0.16837450365904036
75501,0.026101708698786308
75504,0.00038719682794097497
75505,0.03489822521957074
75506,0.0008201270171702886
75507,0.22690723347691474
75508,0.039455368187614255
75511,0.034921110055497806
75512,0.30685866921311056
75513,0.18797564511892645
75514,0.10977513875381961
75515,0.00101760874506131
75518,0.28159229541391373
75519,0.05099075317025557
75520,0.4144403270783699
75521,0.0028539652611238166
75522,0.004931208601040944
75525,0.00411971103898919
75526,0.02940586445516963
75527,0.0982732352370821
75528,0.002382003671624878
75529,0.001231370868797799
75532,0.16296046983734708
75533,0.012979420325731555
75534,0.07320860363078992
75535,0.13149049172142654
75536,0.002147998044131501
75539,0.008934462035741268
75540,0.09268335542711355
75541,0.04686655174453761
75542,0.0003964392500456421
75543,0.0009342082086356753
75546,0.0007437572162826123
75547,0.015740503134461847
75548,0.004784694588435303
75549,0.02882097040281937
75550,0.2534211739600737
75553,0.024141612185652465
75554,0.005936955934032631
75555,0.05525920549344139
75556,0.0009362882808674218
75557,0.148574160535684
75560,0.03087277162812516
75561,0.17970878659383674
75562,0.023463225989828175
75563,0.33401622250408824
75564,0.06139344509172498
75567,0.02415759526190143
75568,0.013752615824458709
75569,0.008536753355650345
75570,0.060278322622417904
75571,0.009917712474584497
75574,0.010978953174587542
75575,0.04464859096399218
75576,0.0010603432783526307
75577,0.008405935857993709
75578,0.03970244113851719
75581,0.00045156673596915815
75582,0.0009499697327491279
75583,0.0003492051919163616
75584,0.0028889075374515286
75585,0.028394095251520195
75588,0.05765826745818164
75589,0.003562203333210922
75590,0.0003530698293633513
75591,0.00464811362199234
75592,0.0007265656973059373
75595,0.040552907133204426
75596,0.02300383446200111
75597,0.0006064026745963238
75598,0.0017994368722612328
75599,0.00035069579066364457
75602,0.0015781878214687658
75603,0.016980701416433142
75604,0.009306407017516373
75605,0.0006311146594089268
75606,0.008008468034320145
75609,0.06926827272283315
75610,0.018635207576112135
75611,0.010350766649307489
75612,0.22001431493491239
75613,0.0019733456639073853
75616,0.2006244765382706
75617,0.023285101798772537
75618,0.0012651856148895686
75619,0.014746743730667235
75620,0.0009629848017873207
75623,0.036834898038553957
75624,0.00041424193565353136
75625,0.09666812691311379
75626,0.3366455698997724
75627,0.0007702642518802625
75630,0.0018489598237074207
75631,0.08199659364734209
75632,0.0003392523554965604
75633,0.011427033290268515
75634,0.0004334253967347149
75637,0.011193529756531493
75638,0.014252424634506803
75639,0.016819994658170506
75640,0.038692073579999105
75641,0.009076062113089605
75644,0.01639479588529331
75645,0.3401533660947445
75646,0.06654642530576937
75647,0.0939620375546938
75648,0.000794763391171125
75651,0.005633139544183671
75652,0.001692474100299341
75653,0.00041352537395549047
75654,0.00404957748119999
75655,0.0003424346969038816
75658,0.04570850141327567
75659,0.11419273899817685
75660,0.023431343140786518
75661,0.014317269776223817
75662,0.0006460518543087403
75665,0.007465774236361497
75666,0.05268731734295576
75667,0.001967145322940663
75668,0.011075816427532258
75669,0.13609055679246257
75672,0.006592640529330729
75673,0.0005731269656706954
75674,0.0009466360053938515
75675,0.006125808225262059
75676,0.028318700111318398
75679,0.23542314504064016
75680,0.01439874391833831
75681,0.001830642403907051
75682,0.031993996260034664
75683,0.07959806917596156
75686,0.000493672117798315
75687,0.0011007213389057774
75688,0.004197034973047937
75689,0.1635503012902729
75690,0.1541164362696099
75693,0.20894283308066544
75694,0.004922577160007265
75695,0.1909060236748307
75696,0.0009417195417149375
75697,0.00031390808754494786
75700,0.03054104124202392
75701,0.016133422978848153
75702,0.0024485602042746174
75703,0.00047121446962712166
75708,0.0006446642796335368
75709,0.2914031788347974
75710,0.12900267168812218
75711,0.001785820865200544
75714,0.0028850697996462464
75715,0.167601868562991
75716,0.011302276658661814
75717,0.0014724428618109614
75718,0.08964420804316518
75721,0.0007591996232854721
75722,0.30125279088196844
75723,0.0014557318825864022
75724,0.0049132966992307845
75725,0.04426419454486566
75728,0.0022760955623219656
75729,0.0014519952180423769
75730,0.0004792081397123307
75731,0.03011393007241146
75732,0.002935970510222611
75735,0.005400847576633681
75736,0.009513248627760776
75737,0.0006574998267835593
75738,0.4334076175814711
75739,0.05630520909117519
75742,0.008637391743102059
75743,0.12031056528611246
75744,0.0005776816819723016
75745,0.003879270147160723
75746,0.013429205710433042
75749,0.0011409604277484305
75750,0.01635351945351535
75751,0.007429973493072718
75752,0.43455888140506316
75753,0.03049529607337538
75756,0.16050609373514185
75757,0.0028440884487804146
75758,0.013294016509047109
75759,0.04866760803312444
75760,0.014425321761621408
75763,0.09550637719573284
75764,0.0005066917850802545
75765,0.29853313910935186
75766,0.0007839575006530883
75767,0.010477489888384784
75770,0.004762598210680444
75771,0.04830719849026545
75772,0.00037281353320430655
75773,0.05622714405797812
75774,0.005931786735815949
75777,0.00030613069716222205
75778,0.0006968798470686638
75779,0.00870975216135666
75780,0.0003127748505274049
75781,0.0025984592120301014
75784,0.09599949053302524
75785,0.022679594291916086
75786,0.038182531233365256
75787,0.035605525951312805
75788,0.0016828728008912348
75791,0.0061178826631553005
75792,0.33501423186632334
75793,0.000713132081231975
75794,0.050290564544451084
75795,0.00029657339831535906
75798,0.00040579809145089484
75799,0.00044842302527360183
75800,0.0011576957676710253
75801,0.08785262762132351
75802,0.008916274866922525
75805,0.08547989536949625
75806,0.06594446446078563
75807,0.0050166349082855985
75808,0.3281545713696368
75809,0.00036176592998809413
75812,0.0005246218071326221
75813,0.027112830470432052
75814,0.010096702311434618
75815,0.01449346956638458
75816,0.0006848554491437643
75819,0.0028319716450396436
75820,0.057528554792602805
75821,0.016681168110058896
75822,0.019016196713304838
75823,0.000388208885912116
75826,0.12224626397599316
75827,0.2293144687956883
75828,0.0006908137054389895
75829,0.0006138285196411302
75830,0.0007369705819503138
75833,0.01040099899615076
75834,0.003489726810084338
75835,0.007078613086937209
75836,0.2657080806973837
75837,0.00557551233902099
75840,0.40025877580270325
75841,0.04069572518471652
75842,0.0004710995259034646
75843,0.047449489077041974
75844,0.0004455179962601733
75847,0.07046582173522818
75848,0.043900471778663276
75849,0.004380204090227861
75850,0.0016463850185061961
75851,0.011129102351245852
75854,0.0006789301398839112
75855,0.329007433406116
75856,0.0005055453381699716
75857,0.10454483108545251
75858,0.0006677696060627459
75861,0.02325577960898365
75862,0.0009737773254450156
75863,0.0031795107099081665
75864,0.12135495800332871
75865,0.0005199935941700644
75868,0.07276104055339654
75869,0.0734947162441725
75870,0.0011141486178043048
75871,0.2029890486738364
75872,0.08643550422732624
75875,0.010903774113475493
75876,0.000987012741665387
75877,0.1494519783295993
75878,0.00788761587454962
75879,0.002369613274470738
75882,0.0007898725980397431
75883,0.0004550732407878674
75884,0.0013799827972046923
75885,0.0036363447533418764
75886,0.018220517013819548
75889,0.19370313477548162
75890,0.0023906174980637997
75891,0.0002982584885765047
75892,0.001958960228396952
75893,0.39060829657445045
75896,0.01147857985465678
75897,0.004804526659958633
75898,0.0027662914935287003
75899,0.002217222474413434
75900,0.0072784741663981575
75903,0.08537970532765035
75904,0.0004310498317780214
75905,0.0026239508151284585
75906,0.07729917313240685
75907,0.041208263461913745
75910,0.0004996186729046956
75911,0.0006435795198283763
75912,0.022389559498188084
75913,0.3330000973505132
75914,0.30892891575758946
75917,0.054610744702398684
75918,0.004302742628372508
75919,0.005988084631124515
75920,0.004154739977637255
75921,0.002247302985859884
75924,0.38361514675389946
75925,0.20358056402355376
75926,0.031280848228822315
75927,0.14110146358397518
75928,0.2534243226461674
75931,0.003934080934042164
75932,0.001089175097713056
75933,0.0017280628461602747
75934,0.0010751066195372814
75935,0.0032726891268523434
75938,0.0019605420787573644
75939,0.05959095347341529
75940,0.00029372072999690263
75941,0.11444063156335357
75942,0.09084967566524059
75945,0.05249098023007611
75946,0.00033402626358665876
75947,0.00030353441912934874
75948,0.0012616065274901806
75949,0.004280503122022222
75952,0.009551487563492212
75953,0.0003451795676661363
75954,0.0026185286697700105
75955,0.0004175217657048185
75956,0.04277414644295566
75959,0.03766253493378242
75960,0.0008095306622020129
75961,0.1460782570725018
75962,0.00041309819819732886
75963,0.01046232271585089
75967,0.0004763967313950647
75968,0.036797404686074606
75969,0.0022472084307205236
75970,0.012529568895280308
75973,0.0043332217813296615
75974,0.010686452635751959
75975,0.0003521461585287608
75976,0.002675607785885108
75977,0.06904846276284832
75980,0.0005372017885328637
75981,0.05037092759920942
75982,0.028420054344670927
75983,0.2074350929834755
75984,0.0005765134272619656
75987,0.0533688905302747
75988,0.0652198857302665
75989,0.00049571792996143
75990,0.0011555185181409476
75991,0.15554980056752565
75994,0.0015080112372463086
75995,0.00052208549173646
75996,0.24675334754771086
75997,0.0009976713321499474
75998,0.0077495355970766035
76001,0.0031528552888236048
76002,0.01158539951608846
76003,0.0025517305157030964
76004,0.34235986654903844
76005,0.0015797331907103384
76008,0.34422206257492205
76009,0.015271165567885573
76010,0.14442979620948096
76011,0.0010065720285779127
76012,0.04343939267153607
76015,0.015394900838936213
76016,0.01856068422777003
76017,0.0014657004166069938
76018,0.012601844046943977
76019,0.0012973973225670961
76022,0.25573100529017284
76023,0.10689544059901265
76024,0.007485897614133042
76025,0.00040290177446407154
76026,0.25333514092558607
76029,0.3200819635993305
76030,0.13841180526842708
76031,0.0038564170783282727
76032,0.023075819313874833
76033,0.0009869501242752415
76036,0.2585601581997922
76037,0.1030471028634873
76038,0.04791381974942582
76039,0.004283823853681111
76040,0.002780798271937314
76043,0.1756451776370428
76044,0.0004107588665024698
76045,0.03535705772640809
76046,0.002258296347606578
76047,0.009127297195552464
76050,0.08472724658396495
76051,0.0008435325523463054
76052,0.001037231483871867
76053,0.023517426594201037
76054,0.005663244119772403
76057,0.06533601396532164
76058,0.0026767487403307087
76059,0.04473313362285967
76060,0.0008552307740075272
76065,0.08805356063178878
76066,0.3940050579485646
76067,0.060316976534075674
76068,0.10696460617608747
76071,0.010229743125576209
76072,0.09737826914566206
76073,0.0015512016245120678
76074,0.07368119759336095
76075,0.0023504248359714893
76078,0.006079163590220237
76079,0.00029731699129162837
76080,0.0002686753163546926
76081,0.0007049287847071097
76082,0.0015853747708603704
76085,0.025151320747105157
76086,0.0016646316438458726
76087,0.0003692777264153039
76088,0.3695222915460296
76089,0.008192521168269868
76092,0.0874632335662911
76094,0.00706128717922537
76095,0.013893476572803487
76096,0.006183075214180341
76099,0.007426112366396716
76100,0.0003587818712063569
76101,0.007356706235101708
76102,0.0008334150178011816
76103,0.04110863983393987
76106,0.01711253418287054
76107,0.01346819482690169
76108,0.05570514290585595
76109,0.026346783567303696
76110,0.005211962602531995
76113,0.005966715115231776
76114,0.003932582099074228
76115,0.03239064773438464
76116,0.0422832613913646
76117,0.004723879766379535
76120,0.16399503935734439
76121,0.06730595393713482
76122,0.32122103383352923
76123,0.25625658360816334
76124,0.07227553295936935
76127,0.3797228101186164
76128,0.07117267523565825
76129,0.003418136238250888
76130,0.27897919995915615
76131,0.01722801961131955
76134,0.0005037946378833334
76135,0.0012428001961613821
76136,0.04557456319843096
76137,0.0004615939983219325
76138,0.03807813599033795
76141,0.25622883033932736
76142,0.0002758518895242834
76143,0.0006918875873039911
76144,0.013849587838332157
76145,0.0031315358058635833
76148,0.003019113743285072
76149,0.10365032196908953
76150,0.09945025260046589
76151,0.013466421742033625
76152,0.0005072554040277222
76155,0.4071913029727069
76156,0.001320260430090224
76157,0.28616097544959934
76158,0.012617444611142066
76159,0.003858719734068578
76162,0.0026832012722089633
76163,0.28407455573770507
76164,0.019621932506697155
76165,0.005756031710765056
76166,0.268528452777831
76169,0.16082480951200795
76170,0.0031803026999245843
76171,0.0091240870258657
76172,0.13185228206631586
76173,0.008245265311207946
76176,0.0005000225720840692
76177,0.3903702172944109
76178,0.0037116565752638025
76179,0.25364193833096904
76180,0.41773767811359197
76183,0.14315383100785276
76184,0.018955251122491336
76185,0.0011321429936190805
76186,0.05404776840840991
76187,0.004202876326951409
76190,0.02066755479692938
76191,0.07685051567102799
76192,0.009607489796770008
76193,0.0011718187175987034
76194,0.000903143092845204
76197,0.0008131948851555755
76198,0.03540709739002554
76199,0.0012056208243818754
76200,0.0905313398524001
76201,0.0018138382798343429
76204,0.0003808309891792499
76205,0.39540962763836923
76206,0.016600778902069048
76207,0.003553417603640474
76208,0.002378232831387147
76211,0.11828216097434287
76212,0.0003184191334243136
76213,0.004519538347292488
76214,0.12904782713726307
76215,0.37586249981125375
76218,0.0012950226215564357
76219,0.24203663391004532
76220,0.15338238072938612
76221,0.00609594123543797
76222,0.004924575732947357
76225,0.0026476316917568264
76226,0.0234560352311595
76227,0.001385681583164134
76228,0.00031197308798531354
76229,0.05827716399788052
76232,0.00234486679189914
76233,0.0004383058286040467
76234,0.002654776180256543
76235,0.002758468865083706
76236,0.08281245884712984
76239,0.008165617774298984
76240,0.00665903129699577
76241,0.002391668675749627
76242,0.0002629692195294737
76243,0.34059135671540997
76246,0.26921524161132
76247,0.24489494195842265
76248,0.0017362181489092457
76249,0.15855278203663453
76250,0.004255865603907457
76253,0.03902455621489134
76254,0.014537225032088404
76255,0.08782734900894792
76256,0.0006931428217427355
76257,0.005569274213071667
76260,0.00038612992750936166
76261,0.006065386246991762
76262,0.17380905002367475
76263,0.12251538061133789
76264,0.0002769157335622241
76267,0.001968717097188205
76268,0.30288722625420206
76269,0.0023145097070955065
76270,0.020301469743720248
76271,0.04435808674193385
76274,0.13875017541818127
76275,0.0008386800146339662
76276,0.2716651194736347
76277,0.05045529899098936
76278,0.0445994860399945
76281,0.1317921002902463
76282,0.009912835678824377
76283,0.40050610147008514
76284,0.04640437716098982
76285,0.000416186871640474
76288,0.04319794369397636
76289,0.02977329724684783
76290,0.012853103136995612
76291,0.006643802435922402
76292,0.0010539848151786071
76295,0.10574553230606891
76296,0.0006582337531400534
76297,0.0015415431305127875
76298,0.001999135265791308
76299,0.22869736615829206
76302,0.3716911710470055
76303,0.005210826632142805
76304,0.0007005269916777684
76305,0.005594328912228862
76306,0.08906527024084485
76309,0.222339758306972
76310,0.0023682815368011494
76311,0.002006927761937631
76312,0.12059531559252151
76313,0.3538441948739837
76316,0.020775380397936763
76317,0.005655028976588247
76318,0.0022541712787939724
76319,0.001037933564087579
76320,0.004592911826950244
76323,0.19087369039218732
76324,0.002681314021072865
76325,0.00028250709372496435
76326,0.0005076633983249317
76327,0.0006536848351893825
76330,0.045778071690379604
76333,0.0016088679115237943
76334,0.0007608308435512935
76337,0.0027608122358845845
76339,0.06722936212452883
76340,0.0003528869499093415
76341,0.015075094297502995
76344,0.16553406918500807
76345,0.19221995613695994
76346,0.003468705242892276
76347,0.016611481372721087
76348,0.21543741646980158
76351,0.0017324583423380916
76352,0.0011152082858635669
76353,0.0019362573695154933
76354,0.0963015757045123
76355,0.002525691722837089
76358,0.4025326076278889
76359,0.04465094567173035
76360,0.02217154950151219
76361,0.0008510315469665959
76362,0.023606198176667446
76365,0.40080779086347174
76366,0.031351762131391854
76367,0.010485990896944438
76368,0.0003631719490219183
76369,0.0003853562676224224
76372,0.11283270670410539
76373,0.10927930806435934
76374,0.12857129842335535
76375,0.0011991625119334886
76376,0.4166998953852161
76379,0.16846748370465686
76380,0.007817118617858183
76381,0.06849674871079468
76382,0.2185137920869552
76383,0.02957790726457279
76386,0.056100472049146956
76387,0.00954455213668159
76388,0.00028819734090401337
76389,0.17202371643718084
76390,0.026846791713674534
76393,0.0004097754058984714
76394,0.0006186089461426629
76395,0.02283828653342029
76396,0.002339139597531277
76397,0.22582181641421029
76400,0.0021114102435355418
76401,0.0003012195494938853
76402,0.00781716247527658
76403,0.01046326408556672
76404,0.1072748896765197
76407,0.0038003459878944695
76408,0.00525527063224472
76409,0.0033167068381941204
76410,0.3582708795865142
76411,0.007176548612418997
76414,0.005076079110105924
76415,0.09214293442866205
76416,0.09158389296466572
76417,0.055100166529484865
76418,0.0021166467917584416
76421,0.004657651823343554
76422,0.0007754993178585323
76423,0.04761117418663626
76424,0.00047187783305949996
76425,0.001663612273724607
76428,0.02261880128527487
76429,0.21330823894025383
76430,0.06355562010938488
76431,0.0003370675644716811
76432,0.04260902545645486
76435,0.03679849285783021
76436,0.1052185081386929
76437,0.001034176320429431
76438,0.05522662588270025
76439,0.03668420173671366
76442,0.019535038240386153
76443,0.016893402622662246
76444,0.01997489083479097
76445,0.009996213863696
76450,0.0009736136625620661
76451,0.000939204808545214
76452,0.0010987513802904949
76453,0.2038920128550363
76456,0.001086589894546278
76457,0.17662960885898907
76459,0.17078886110803648
76460,0.00035758968677423303
76463,0.0009358312399327982
76464,0.006921005546944094
76465,0.0006167349584415112
76466,0.00026157897845729343
76467,0.004470823209461895
76470,0.004393488160989193
76471,0.0015203226036040695
76472,0.07627667837322419
76473,0.12417815681535287
76474,0.0014617607003208977
76477,0.032733060721083354
76478,0.15786468672122575
76479,0.04099004286265847
76480,0.029520063187906582
76481,0.00031221045883132774
76484,0.0023155740197967974
76485,0.008107491472266389
76486,0.00030338642521551357
76487,0.0004966052973416973
76488,0.009334803529996265
76491,0.00048674549005014805
76492,0.020927789913354825
76493,0.07712912493353591
76494,0.0758273968388826
76495,0.003018904918040295
76498,0.010117139241143984
76499,0.003093735083965129
76500,0.0025234868723860737
76501,0.3673922600447758
76502,0.2895646046027699
76505,0.007972136228270926
76506,0.1035435178559535
76507,0.0037664773503835835
76508,0.006882962263030551
76509,0.005348767698936567
76512,0.044840748770133415
76513,0.003561436897774444
76514,0.0008574366085005545
76515,0.0002417908870126878
76516,0.0008013308432685381
76519,0.006601890840839332
76520,0.10159269745266873
76521,0.0026020042350168157
76522,0.0003798820651478141
76523,0.08843700201345979
76526,0.06347351935457785
76527,0.14175192310147322
76528,0.0017155633812943327
76529,0.0204794937973108
76530,0.2710271421515003
76533,0.0006067139712717171
76534,0.0065770243845049295
76535,0.036075628466328315
76536,0.032742601927396135
76537,0.04902153074961169
76540,0.014160416008004646
76541,0.034476355870476476
76542,0.007066357006120575
76543,0.0012970602005386409
76544,0.0027299289556553443
76547,0.04744929761259461
76548,0.008155678035218045
76549,0.000785175283368743
76550,0.25980782967323507
76551,0.2408195132501602
76554,0.0066297966615511145
76555,0.0035532501596492972
76556,0.08850613845750369
76557,0.0015996528705362638
76558,0.0033654607475821024
76561,0.00041896327055651464
76562,0.12173614430464957
76563,0.0015253796405729607
76564,0.2311902656591113
76565,0.0061790450732910375
76568,0.0068306613721823214
76569,0.023359976787834306
76570,0.0007556281328425801
76571,0.419538499801744
76572,0.00866529879168199
76575,0.08463751616894438
76576,0.0016140156999980622
76577,0.31352152874804734
76578,0.0008317986451687125
76579,0.0007916922511316392
76582,0.0008228664531460329
76583,0.13751041367424757
76584,0.0037735949450793064
76585,0.3889813927392431
76586,0.0007338154756750183
76589,0.0018784455544609835
76590,0.007956023443534854
76591,0.0017730653865028329
76592,0.21304503343724632
76593,0.008103173609989687
76596,0.048361433696669474
76597,0.00028635897378683064
76598,0.0006830011159457615
76599,0.001734711737631112
76600,0.0003834074487954357
76603,0.03180495227438799
76604,0.0004905616510346224
76605,0.037415332820970565
76606,0.0017384442228614455
76607,0.0016913397518579915
76610,0.3771960481148733
76611,0.028549783096885478
76612,0.3741085502297217
76613,0.00023713889856392156
76614,0.1725088293868524
76617,0.007256092222702397
76618,0.0011223042836873516
76619,0.09506121260374834
76620,0.01120641107562164
76621,0.004456547277574255
76624,0.12947632105241133
76625,0.0012266068830398811
76626,0.04537646115601691
76627,0.08826678328685278
76628,0.0064458276680750114
76631,0.019650976277614456
76632,0.00042086366255648125
76633,0.0005697570646469285
76634,0.011327757935284078
76635,0.028858124472016817
76638,0.03720418492770704
76639,0.057580905527553655
76640,0.00713518898030475
76641,0.0010015443401014423
76642,0.04156577889617028
76645,0.1032067319026173
76646,0.01199888263243351
76647,0.2570854818029757
76648,0.002185644841509922
76649,0.008680449323125254
76652,0.01024096710856871
76653,0.04487575656701872
76654,0.00047081417916236773
76655,0.21860314374455225
76656,0.0006120500952291483
76659,0.025230238735852648
76660,0.0005636202880625912
76661,0.0017717835899805484
76662,0.19709286092986006
76663,0.000815639104036385
76666,0.002515396225971035
76667,0.3388896520701243
76668,0.15767320051794229
76669,0.003571860362061005
76670,0.002913542908476416
76673,0.0015441778205998462
76674,0.00188431550193291
76675,0.002979231525353851
76676,0.0013311219507951722
76677,0.005632578347882678
76680,0.060369402637343965
76681,0.0004412238012857328
76682,0.3767162240807435
76683,0.027159614252142802
76684,0.0017619162010210022
76687,0.01718032002567711
76688,0.3582798805227984
76689,0.26259133893019204
76690,0.0032251780958416736
76691,0.0002960964699783297
76694,0.0066929906591812255
76695,0.00940782146923702
76698,0.039028315928384814
76701,0.06214881473164348
76702,0.3686778059043206
76704,0.054948402427588625
76705,0.014519888874610223
76708,0.096805406815303
76709,0.2232484592396324
76710,0.001906381445230481
76711,0.0005007711151776812
76712,0.0003640857596943351
76715,0.0040464593235402715
76716,0.28980953936639625
76717,0.0015982903930446336
76718,0.1879029615553952
76719,0.0027346400934223753
76722,0.0011934489696830506
76723,0.0017879032696395687
76724,0.0003237770984921283
76725,0.0016287098205655223
76726,0.0022871069611406056
76729,0.059667830581368424
76730,0.00039682406500324757
76731,0.11106514736800789
76732,0.0004609269464951157
76733,0.040585038891409075
76736,0.16128662759051382
76737,0.0008317022487628488
76738,0.42351185702852734
76739,0.0007980187070799992
76740,0.05935169936056885
76743,0.0005354400716214989
76744,0.00230898579568505
76745,0.0027953557323293294
76746,0.027213341146435997
76747,0.2752907756337396
76750,0.0008082086542962372
76751,0.11839821866969097
76752,0.025803245270568986
76753,0.004592904802821772
76754,0.011223015988547616
76757,0.0959271850737159
76758,0.14882505038130908
76759,0.16972242096611614
76760,0.0006284425281262854
76761,0.33966811203616126
76764,0.0002649008154513182
76765,0.09596438155429829
76766,0.18708991194817884
76767,0.005468820700457194
76768,0.23536312260356235
76771,0.0045062572221549885
76772,0.0006882153422591409
76773,0.30001806246116747
76774,0.0010102433550093605
76775,0.021748001602728613
76778,0.12884410402401192
76779,0.11361134122483922
76780,0.00041001415549299987
76781,0.18653588232313023
76782,0.000607511338120349
76785,0.006985897399081869
76786,0.3206358134846839
76787,0.01277896014535411
76788,0.0008815005793889805
76789,0.0017592043356756749
76792,0.010622192763278736
76793,0.0006376112809191646
76794,0.17311802229001355
76795,0.00043669546982917726
76800,0.0007056921400070454
76801,0.0020101944391552025
76802,0.0008757661573987194
76803,0.006988297063337754
76806,0.0025810883143976638
76807,0.006149579532043602
76808,0.029119194962204477
76809,0.005774312362116732
76810,0.06117717548887013
76813,0.015295401874199636
76814,0.051248504086137986
76815,0.16963450213331208
76816,0.03752389627149512
76817,0.0006739219624229632
76820,0.023938737229160668
76821,0.0014813221895221993
76822,0.11404040455019071
76824,0.01722458502847972
76827,0.1801647304090756
76828,0.15043945072660844
76829,0.003981317436062809
76830,0.004292813937631155
76831,0.08531435000577263
76834,0.01177133630565686
76835,0.0006158276097183511
76836,0.11479220813369902
76837,0.37203535776112556
76838,0.0030580758224680506
76841,0.28677035122832717
76842,0.0002537182306056036
76843,0.004213994629595909
76844,0.01211910047241681
76845,0.016465508250051178
76848,0.005556276089218209
76849,0.21627827526571747
76850,0.00036981033970336677
76851,0.00372614713433457
76852,0.10646141397203539
76855,0.0060097291462906915
76856,0.1564228936389868
76857,0.3765054195347935
76858,0.0035861932624258516
76859,0.0031283258079475647
76862,0.005113482008894134
76863,0.10677707560638586
76864,0.0044003662122361785
76865,0.2800109818907643
76866,0.004208995720225642
76869,0.00639872030882575
76870,0.0029653838509509827
76871,0.0004781737956323561
76872,0.0006734592338178889
76873,0.0002502502253902412
76876,0.000258573330084675
76877,0.0012169449260293382
76878,0.00030043486471420327
76879,0.000591212003035446
76880,0.0017084582942173223
76883,0.24242118060742932
76884,0.2961120465673718
76885,0.0007397387617917909
76886,0.010406219293630907
76887,0.0008805639503621255
76890,0.039847140929563256
76891,0.02092508948386357
76892,0.0020987377055390675
76893,0.00040896385536627573
76894,0.2205422618513375
76897,0.0006152120312375837
76898,0.0010350577835607408
76899,0.03902426922673167
76900,0.02885909761651558
76901,0.3017944026435663
76904,0.38116027776937944
76905,0.011424683756868415
76906,0.20775398544635945
76907,0.09825435384039588
76908,0.0006862213815691776
76911,0.005583590707188042
76912,0.0034678038768506205
76913,0.10320499782005108
76914,0.0007864229667755753
76915,0.000583005476742276
76918,0.008016638663801447
76919,0.00041493039925458814
76920,0.0006944456475903363
76921,0.0016464905642458317
76922,0.0016120439558743734
76925,0.19256051093587648
76926,0.05467974033032744
76927,0.25816896402280115
76928,0.40189394399991724
76929,0.12870408560840757
76932,0.0005278985900364693
76933,0.06916391514896385
76934,0.0002666555222225378
76935,0.004553531235845998
76936,0.07053634773473402
76939,0.009753743728470095
76940,0.08096814638251476
76941,0.00023957966459956558
76942,0.0006781579450881769
76943,0.3514525616817767
76946,0.00031517998429679485
76947,0.0017706741642799422
76948,0.22915737743013012
76949,0.0025985177816209874
76950,0.0031121311443906043
76953,0.08107124631589191
76954,0.0013300636696483516
76955,0.22105351920174326
76956,0.010315409501556242
76957,0.3977691034212189
76960,0.000267686259433819
76961,0.0013995616379360672
76962,0.12789255672718788
76963,0.03176455872247485
76964,0.12622014319545255
76967,0.0012463072217644402
76968,0.2737995926405718
76969,0.0007099950538914401
76970,0.0003268150330145634
76971,0.002472065897438872
76974,0.08460546668732909
76975,0.02756811573903589
76976,0.011287531244616782
76977,0.004274517779876115
76978,0.00262321791050271
76981,0.006272798479391742
76982,0.029451542094347638
76983,0.00048150884005179794
76984,0.2304957492670505
76985,0.01225739546449482
76988,0.0011588429344383683
76989,0.269467369806833
76990,0.0019787692385293005
76991,0.0008270771298230825
76992,0.0027771633849568308
76995,0.38829098094144093
76996,0.108483840231109
76997,0.03153843140848913
76998,0.07209742545441847
76999,0.0002775065938642243
77002,0.0029742372475993783
77003,0.044473028312877805
77004,0.0003563483680250288
77005,0.001507541957869011
77006,0.04885718767205389
77009,0.023791760956282902
77010,0.09354133048522772
77011,0.0002594096635119114
77012,0.00827164227127577
77013,0.0004595721626294264
77016,0.030435434350589586
77017,0.0006006706387508526
77018,0.283874300472873
77019,0.0002379825269069258
77020,0.0004061050972477912
77023,0.026771090372641044
77024,0.0011571771987140965
77025,0.001373339645660088
77026,0.0004402692956138822
77027,0.04101590805969933
77030,0.012247754147188525
77031,0.0005799519739183787
77032,0.0011216322609307967
77033,0.021222786752071825
77034,0.0006714211575538433
77037,0.2990768315615683
77038,0.0010908896035949946
77039,0.08824796422952517
77040,0.048135676166615765
77041,0.009897293454385737
77044,0.013789732580549389
77045,0.008026226891625668
77046,0.006670276708511362
77047,0.03400405948924363
77048,0.11220991771357887
77051,0.0012065513810263376
77052,0.02014545287417304
77053,0.0089710754393916
77054,0.0031046692855495723
77055,0.000409973711516544
77058,0.0019190675948170246
77059,0.3022535437224072
77060,0.0007048725992364345
77065,0.00022235408376311132
77066,0.011553474863911856
77067,0.0002584769036371927
77069,0.006517067897399175
77072,0.012736953020824714
77073,0.03393958340874266
77074,0.002803509688063311
77075,0.07377782205045075
77076,0.1916864282188992
77079,0.3471770625671374
77080,0.04570653605408274
77081,0.02072795440095356
77082,0.006271426307518821
77083,0.04556388265471471
77086,0.00023022914181412848
77087,0.04589707612524417
77088,0.014655828131651212
77089,0.19399865004565675
77090,0.058215158410719316
77093,0.2952950703242933
77094,0.005913178573886365
77095,0.0013654344810751862
77096,0.09560953766125507
77097,0.025601374195598287
77100,0.37630093759905703
77101,0.0006930188555470173
77102,0.001092902654896589
77103,0.2633249990732551
77104,0.026182982904635076
77107,0.0002853235362329827
77108,0.021258638204765774
77109,0.00761094541329762
77110,0.028164928880065065
77111,0.0044550432859280275
77114,0.0002390568891567546
77115,0.000206093345645032
77116,0.0011342181379172893
77117,0.019328836866013718
77118,0.00969360926144138
77121,0.027810543879833158
77122,0.00022537195471018933
77123,0.001891045065410713
77124,0.01372214231463891
77125,0.38919121233523307
77128,0.007928395450221067
77129,0.00022780032012112162
77130,0.0077709872878657
77131,0.10556937786331824
77132,0.3604756150056934
77135,0.028200299981037215
77136,0.00037611626347071276
77137,0.00020635151509638006
77138,0.00030535116434208143
77139,0.0015967197700030432
77142,0.0059281508320724995
77143,0.004619012410599616
77144,0.006862905131540153
77145,0.0018929490795546425
77146,0.017224250730601492
77149,0.00252787106560162
77150,0.16802190177724666
77151,0.055684644386944315
77152,0.0007035051600307285
77157,0.00041803521388603684
77158,0.00684666886680742
77159,0.3347501903263924
77160,0.000349588604547688
77163,0.0019595749087306705
77164,0.017834212194665466
77165,0.0043378791021613915
77166,0.015801556997897353
77167,0.012028150908992374
77170,0.00047448129392035134
77171,0.1239847499341706
77172,0.19256805650142264
77173,0.417634523866437
77174,0.03836160158949097
77177,0.1376372453456853
77178,0.07887349019186216
77179,0.391173971402025
77180,0.07461708992539498
77181,0.03320737191824445
77184,0.33463061343731426
77185,0.004018065730680959
77186,0.005423132314460373
77187,0.20246272666955029
77191,0.004431301764722033
77192,0.0002000253305704291
77193,0.0003030915143191052
77194,0.41757346039667775
77195,0.0009513139445213599
77198,0.02823404812378965
77199,0.2614417327119814
77200,0.04393198824777635
77201,0.03604749620869876
77202,0.007673179338652123
77205,0.0026616567916413927
77206,0.0013543219355164617
77207,0.06448763186246782
77208,0.03601115726678918
77209,0.03990625749430422
77212,0.026279719775497284
77213,0.00019735405788178103
77214,0.00108301011412985
77215,0.00023838651687906756
77216,0.002076879039596421
77219,0.018794843766471905
77220,0.021336185003772223
77221,0.009984504859464772
77222,0.017318531569194703
77223,0.0007339711053390742
77226,0.011958645269784117
77227,0.043937425746868736
77228,0.0011055730974444454
77229,0.0005997890306771444
77230,0.016833767502016
77233,0.0025141603909907065
77234,0.27095458384567506
77235,0.007277317197348651
77236,0.301300236560769
77237,0.3401644148938012
77240,0.003828441567822737
77241,0.04134754105338436
77242,0.001413081377275269
77243,0.00043397123422642315
77244,0.145769136240194
77247,0.0016212838268750752
77248,0.008146691713241378
77249,0.17972020917606732
77250,0.0028387327517201792
77251,0.003923890486239601
77254,0.008069239313856075
77255,0.0003425109274191469
77256,0.007736356549698714
77257,0.00020919154953784726
77258,0.00847197286302113
77261,0.1745182554138971
77262,0.011407505892168717
77263,0.10464435796391132
77264,0.004304438865704003
77265,0.002056462149508785
77268,0.011577628649666901
77269,0.20058019239977715
77270,0.011555979445465244
77271,0.22726830573780374
77272,0.0022350979064249166
77275,0.0009711839811925175
77276,0.0002584227720550862
77277,0.13530924251997736
77278,0.007065511556049755
77279,0.00539138449127441
77282,0.0003507740210000106
77283,0.0034018314548405846
77284,0.1387199885382382
77285,0.014785018999300396
77286,0.002751609183685635
77289,0.001937048760408626
77290,0.0005530414112235731
77291,0.10590755013396028
77292,0.00027972537466245106
77293,0.2695896212022489
77296,0.0002180352189218899
77297,0.0005751423038708701
77298,0.002631322090278594
77299,0.001479720906456447
77300,0.2427991600786037
77303,0.3087387396835831
77304,0.1940506124053738
77305,0.21681162631212686
77306,0.006268531371642691
77307,0.08082585354900904
77310,0.0005626882989126165
77311,0.013704275807340096
77312,0.002000393028199624
77313,0.0027777582330535504
77314,0.036135966513387296
77317,0.06522665172592716
77318,0.030346742703195262
77319,0.0009162266579592354
77320,0.00463451155080616
77321,0.06019530062176142
77324,0.0007773135484872477
77325,0.2784716821605327
77326,0.0019391497008254502
77327,0.014393143860763995
77328,0.001513406366905396
77331,0.00033336138044436526
77332,0.0013086989918411585
77333,0.014067313732303114
77334,0.1325754972024062
77335,0.0008472139631514496
77338,0.012166338643265915
77339,0.23752242765460857
77340,0.0016590020308745643
77341,0.044716694507076646
77342,0.29116710612769564
77345,0.0004019054906009608
77346,0.010224801952351044
77347,0.04860619605008636
77348,0.0016907356629781527
77349,0.0004572255255321367
77352,0.4233770617187114
77353,0.002104899768710083
77354,0.0011426917697824929
77355,0.08401466197799627
77356,0.00970875050444902
77359,0.2130495763774132
77360,0.0013343300664827478
77361,0.0006133228319933746
77362,0.18410891768378485
77363,0.0007786857181012148
77366,0.0011003277350771187
77367,0.02916036887532611
77368,0.0020595782298247324
77369,0.4240260123222903
77370,0.0003191844817691078
77373,0.006058668921735132
77374,0.0035300150908931694
77375,0.0025067243489506293
77376,0.005563293361816106
77377,0.0005686416218676804
77380,0.0038280237195503124
77381,0.0003831940776827181
77382,0.004727197176920318
77383,0.11311641710856976
77384,0.000366127085682871
77387,0.0021938134420471937
77388,0.0019144540958111233
77389,0.00020982388085505964
77390,0.23717822295467966
77391,0.015475089832922586
77394,0.06685974930627411
77395,0.003253042865952306
77396,0.0008326344335267695
77397,0.00024279212156076257
77398,0.012646889413414852
77401,0.0009751311482877226
77402,0.0003547718163472819
77403,0.002158458712894195
77404,0.06495076533620649
77405,0.0038658541854290455
77408,0.00023536636973260042
77409,0.00020537699687948158
77410,0.002958322098637665
77411,0.00044654769497966745
77412,0.09006279363410315
77415,0.06323171482067116
77416,0.0002679812523310408
77417,0.1489280333218247
77418,0.09668881266136428
77419,0.016406714970473097
77422,0.004438959441917554
77423,0.003975711198220985
77424,0.04430692060947116
77425,0.0003431266847076912
77429,0.00035770990848058763
77430,0.020419666506097906
77431,0.014729223875690192
77432,0.0018504761566589037
77436,0.002509730634781633
77437,0.02200367816578331
77438,0.017183781898169135
77439,0.028673453465872772
77440,0.06853384843407807
77443,0.012228012549564066
77444,0.002090308395914665
77445,0.0013599625400752902
77446,0.0010219240487681729
77447,0.023301726678591185
77450,0.0011399498232142968
77451,0.40241867214722093
77452,0.010549873729826947
77453,0.0009083076283601232
77454,0.003227659925743131
77457,0.010788779922364692
77458,0.002880718660068293
77459,0.0003781331710841688
77460,0.005277534210864025
77461,0.0008663309689676433
77464,0.00021329523698069867
77465,0.001795074295019271
77466,0.004996286713208137
77467,0.3164760744356739
77468,0.023288956294992415
77471,0.005306290590603853
77472,0.0008816297310554316
77473,0.014220113947502522
77474,0.00024967732801121245
77475,0.051540719518283616
77478,0.0013236253053417256
77479,0.016470588399640246
77480,0.009804270343750478
77481,0.0008444945041971828
77482,0.04262914770796731
77485,0.1997355889475626
77486,0.007511704092004044
77487,0.007029752046538709
77488,0.0008787401785621855
77489,0.00023327143973801904
77492,0.2754185140838316
77493,0.004313890622622643
77494,0.002154223331759491
77495,0.0002033909895898762
77496,0.0002842145599266079
77499,0.00169021783646562
77500,0.0074067722931198555
77501,0.12085629764068646
77502,0.021514628175433124
77503,0.004531311804463803
77506,0.0015289782980776228
77507,0.0030665683892991745
77508,0.0016654030958920074
77509,0.015167995943515828
77510,0.0014992410342695968
77513,0.13861203284433507
77514,0.11976008680027875
77515,0.11952394243683401
77516,0.0004222675414243843
77517,0.23427201695676547
77520,0.000843583506356439
77521,0.06902558014923728
77522,0.01116539211715295
77523,0.00034698863850209533
77524,0.0044865565881801435
77527,0.0827562789967783
77528,0.04661766211921568
77529,0.0003346014113222961
77530,0.015363164182652754
77531,0.004444866205037027
77534,0.01190594763793791
77535,0.02240376529126833
77536,0.0746687076876498
77537,0.002056294243860389
77542,0.0016018827604949808
77543,0.049996821599396606
77544,0.0009245038056290509
77545,0.0005558257831408852
77548,0.00033239822621269834
77549,0.12075860521825886
77550,0.03987974674222174
77551,0.0005305206937038158
77552,0.09035990435492894
77555,0.41081404208099515
77556,0.0004884988504062581
77557,0.033456545097130294
77558,0.016885489089399113
77559,0.013185395201194657
77562,0.0005811600884820492
77563,0.030591876133736588
77564,0.0004127290041122039
77565,0.003501733993835702
77566,0.007024457583986853
77569,0.03363066123783725
77570,0.06353178405826869
77571,0.003309766416448698
77572,0.013104708471676442
77573,0.0003574141903930081
77576,0.009251497683022438
77577,0.007909237907261604
77578,0.01655302423760572
77579,0.0009155543553454149
77580,0.015537324686117978
77583,0.051999187634716414
77584,0.0005195263769660673
77585,0.004079445680430547
77586,0.0042508418457690685
77587,0.0036577564635512376
77590,0.001578883240562677
77591,0.03698800605329642
77592,0.32407488586800914
77593,0.0007732565130229794
77594,0.15476722572410692
77597,0.00154051578193861
77598,0.22227380781086595
77599,0.02277905002613722
77600,0.2582152072309619
77601,0.007266930812071067
77604,0.0026242183109599854
77605,0.1111134594296028
77606,0.023420736932031713
77607,0.0003039737016968505
77608,0.013504934089931185
77611,0.0008198566335820614
77612,0.0003108833672652496
77613,0.00021536213365252302
77614,0.0003889382607607777
77615,0.03567119500122365
77618,0.00023570302292912223
77619,0.0007579987494382598
77620,0.0006249416026449211
77621,0.37435691490451417
77622,0.00025122728947540195
77625,0.0009885679340160723
77626,0.0010693538276236457
77627,0.2233363630034815
77628,0.06893635794835531
77629,0.00023558752514941456
77632,0.00855157640435803
77633,0.019034371136123416
77634,0.0006096354034597055
77635,0.21337055621916015
77636,0.016400591469520377
77639,0.02260078788886927
77640,0.027635616672851658
77641,0.03836771160520788
77642,0.08203317584841442
77643,0.10955202634941005
77646,0.00287481743753798
77647,0.00032737817101578034
77648,0.008004835901318707
77649,0.0413496980773349
77650,0.12187469127529223
77653,0.0006550497874200946
77654,0.00021779934894075947
77655,0.027738501050992737
77656,0.04364420144623797
77657,0.003884746399003453
77660,0.0010023411259051666
77661,0.012114961223404073
77662,0.003106584085164881
77663,0.001583479895234988
77664,0.00023647094210145673
77667,0.11628768308121067
77668,0.0001773451827768565
77669,0.019809368096324817
77670,0.001501354484117573
77671,0.004860786809260342
77674,0.009477825132060125
77675,0.0018242252576058974
77676,0.01924497081697585
77677,0.15740082723167062
77678,0.009309397355451898
77681,0.007193389927092563
77682,0.08715314053294673
77683,0.000285855548849537
77684,0.07138888549233413
77685,0.017306474610686497
77688,0.12564319579876818
77689,0.006447436236502514
77690,0.038190325253728806
77691,0.0092640809720328
77692,0.07294943398928415
77695,0.27640286327557473
77696,0.0009647098018650514
77697,0.0028327099751849724
77698,0.029476154266779884
77699,0.29023350946058063
77702,0.000491251896816662
77703,0.1117766706358105
77704,0.0002953356892698961
77705,0.01004792447117034
77706,0.029531025278856413
77709,0.0012885816531470842
77710,0.00044905334221768565
77711,0.023295391492354774
77712,0.01750201294758638
77713,0.014307081031264416
77716,0.0003144206821774624
77717,0.0018885072536271356
77718,0.060818018008878275
77719,0.09915933995862307
77720,0.06958610450107314
77723,0.053688359165236586
77724,0.06966274818161476
77725,0.002459744204500199
77726,0.16992723510898994
77727,0.020417957520648372
77730,0.003190844604522446
77731,0.043351497775165386
77732,0.25228796542171095
77733,0.221696196866738
77734,0.15705242799990804
77737,0.0006144372413535979
77738,0.002466034229373174
77739,0.253696652663937
77740,0.019803122392903032
77741,0.0476659174987219
77744,0.004594939390622416
77745,0.007072545329310351
77746,0.009792849731706238
77747,0.03598112653777448
77748,0.14306868577681892
77751,0.0012711094198015586
77752,0.00043412670349599476
77753,0.0002626343731211761
77754,0.265499942546261
77755,0.0012947652194905826
77758,0.0014368474433918714
77759,0.0002562313995975285
77760,0.058148443369038655
77761,0.0012703949394731713
77762,0.27382341923989295
77765,0.003020840059645747
77766,0.02703130521812678
77767,0.0010295572882405588
77768,0.0004921642011237581
77769,0.024225995104176397
77772,0.006891342162668634
77773,0.16754340211857519
77774,0.01611294781192887
77775,0.024982040871507134
77776,0.10020678835533667
77779,0.0003846773505013183
77780,0.13175074131080772
77781,0.002908002620582053
77782,0.00039764873452500556
77783,0.00033516902620551043
77786,0.0008476530137925236
77787,0.10574697654970866
77788,0.0007012097917869067
77789,0.048202327653016054
77790,0.00030836643967541285
77794,0.001634389432586378
77795,0.00090039470380844
77796,0.21555339174923124
77797,0.004388474884079038
77800,0.0006792741889256787
77801,0.0004948698624607558
77802,0.33504276271405203
77803,0.00026956625699243634
77804,0.29859809360563444
77807,0.0034169825057134787
77808,0.0018428404629100017
77809,0.18089955032744842
77810,0.28780788768112636
77811,0.0008997155864219143
77814,0.02063032884782522
77815,0.18117092886726507
77816,0.001069679414213817
77817,0.000543346706714764
77818,0.004217364193407829
77821,0.118550404340239
77822,0.3718770642481058
77823,0.0017337239243688123
77824,0.005639726259722631
77825,0.0025636962273032637
77828,0.0007183142439783552
77829,0.013968579909875982
77830,0.15795881908902357
77831,0.00026589696063627864
77832,0.005851712585616124
77835,0.0033793177820067633
77836,0.00027958135274735606
77837,0.0002835402211825425
77838,0.004737734753443504
77839,0.040680324503450334
77842,0.00016946485932721358
77843,0.0020195138120328035
77844,0.01706240883785794
77845,0.005209208947636319
77846,0.016097376444856582
77849,0.0003967980922181942
77850,0.00954184460827851
77851,0.0006589186363372049
77852,0.0005781846176958813
77853,0.0006544780040618154
77856,0.0014564943579374158
77857,0.0005146470981418893
77858,0.020112148663084146
77859,0.17035467220898104
77860,0.0005668866440027052
77863,0.00842275539280843
77864,0.15415076734427194
77865,0.1694329916985787
77866,0.12005550572254893
77867,0.001159592977507063
77870,0.001587275509296211
77871,0.084609789157402
77872,0.0005458197590181862
77873,0.04607554773265088
77874,0.0008328397003564039
77877,0.009045515956256607
77878,0.0013472877043298468
77879,0.021000954898427623
77880,0.027469897714366653
77881,0.0005689590177069329
77884,0.31706294116496486
77885,0.00019962736016450837
77886,0.0025870729640605494
77887,0.014051061498092649
77892,0.0030262677620442715
77893,0.15958866408780478
77894,0.007401078699274084
77895,0.00018354885847869537
77898,0.06596369428311036
77899,0.0014426688767604022
77900,0.013755333902513342
77901,0.0024946141439958014
77902,0.08370133158733539
77905,0.010403185654277284
77906,0.00019033453530802519
77907,0.09021855493539215
77908,0.0028250849207311335
77909,0.004554399049922247
77912,0.004945094642632226
77913,0.0033369072830687512
77914,0.008095579427608333
77915,0.36586020674042685
77916,0.00035578074769683786
77920,0.0006311843490479124
77921,0.10638434243374749
77922,0.01626305997167091
77923,0.0009825537794381875
77926,0.0001893582562482101
77927,0.00023760400489988956
77928,0.00035677929732452274
77929,0.12037088549393737
77930,0.00031666960551610725
77933,0.00041997823005613977
77934,0.021601418145377787
77935,0.01881312726411579
77936,0.011252803320002797
77937,0.0024064262894716994
77940,0.053763257331598015
77941,0.34867332034768395
77942,0.13761522744472482
77943,0.013133963710639858
77944,0.045506239082346786
77947,0.0010249072102709814
77948,0.18047734764047424
77949,0.0003078300679980553
77950,0.00036625649432470104
77951,0.00032947632457741143
77954,0.0012447314027197855
77955,0.17997044696550857
77956,0.01331631954868672
77957,0.14852873018562754
77958,0.00017679274299900845
77961,0.03041213343072344
77962,0.004181105095501516
77963,0.0009085979300313096
77964,0.00029915505973288444
77965,0.0010955515746800804
77968,0.0020711594167905642
77969,0.010678157336302632
77970,0.0035655719610845254
77971,0.19892162667458715
77972,0.0003984549487789908
77975,0.005785024595830031
77976,0.30422106470634697
77977,0.000299847027281299
77978,0.008876661083273285
77979,0.000448779242159899
77982,0.0004917096128056212
77983,0.0006795157748609774
77984,0.25725775640975307
77985,0.05966989628710446
77986,0.0004241435033083858
77989,0.0003524174882672942
77990,0.011330497693844487
77991,0.013056203434532173
77992,0.10504670595818154
77993,0.00020384027206182218
77996,0.07786444086756801
77997,0.09272950288806213
77998,0.002295043271038483
77999,0.06161075285126739
78000,0.0002569416611187176
78003,0.3825685377361609
78004,0.3984024782199071
78005,0.00782070359239224
78006,0.008926655449655766
78007,0.11513374003889004
78010,0.008478998876697907
78011,0.016282423415952242
78012,0.00037514535591266204
78013,0.38746610940112014
78014,0.00019053553084032784
78017,0.003044678449726478
78018,0.12597869811030324
78019,0.2882867737445542
78020,0.006005597582254827
78021,0.06546970510251383
78024,0.03882616436276067
78025,0.06037280434476991
78026,0.002480877838280157
78027,0.005312312904266559
78028,0.22534014894891088
78031,0.006567888190498715
78032,0.0008154766693119394
78033,0.21964145518538808
78034,0.00037485375529829995
78035,0.004364072212961798
78038,0.000231729938556875
78039,0.12953327124118624
78040,0.0001650942443885684
78041,0.0025916843789029016
78042,0.004746766659200209
78045,0.00716116668436513
78046,0.3455364207428957
78047,0.00025210373183850386
78048,0.00259399594345315
78049,0.20214235045850398
78052,0.3529089774178794
78053,0.2789124787013617
78054,0.003404062291692864
78055,0.0032816769974664517
78056,0.008085879810190754
78059,0.037016318734803585
78060,0.006274437607573147
78061,0.007086117809832079
78062,0.3570968834177425
78063,0.04481903011209648
78066,0.27353491139644764
78067,0.00034247796287620617
78068,0.0013614195464168113
78069,0.00016053213563887281
78070,0.03833954181744505
78073,0.0004057429404840888
78074,0.003566070455068437
78075,0.01164159265906576
78076,0.07181613189585509
78077,0.0012247425414455067
78080,0.00033079597204673054
78081,0.06492073915378563
78082,0.10417596767169962
78083,0.001706391364576515
78084,0.00018595737274935137
78087,0.0011155445237994882
78088,0.043971207433875274
78089,0.015097681895571993
78090,0.020001538106032394
78091,0.0004975610644220362
78094,0.0009405742836795968
78095,0.0039707351386214056
78096,0.04740567303268581
78097,0.0002521244481939164
78098,0.002387565414701575
78101,0.00019485800330251962
78102,0.0042533876590905035
78103,0.0006333189058435183
78104,0.0006749446854041997
78105,0.028938661012201872
78108,0.00020467214601017304
78109,0.3495119802887829
78110,0.0009572118411286569
78111,0.00020204186042219042
78112,0.028557642369239616
78115,0.0024798503333681473
78116,0.004887764802638925
78117,0.0010117474853860826
78118,0.0004423089941465193
78119,0.003538194704087687
78122,0.0006574731210430233
78123,0.03520313234283776
78124,0.06821215188922326
78125,0.013806641079732526
78126,0.0019580450350141854
78129,0.09454031642503402
78130,0.0019164792355989028
78131,0.018421336042130195
78132,0.0007703543059071374
78133,0.3104384121098445
78136,0.0021109332706833366
78137,0.0024364540984456074
78138,0.00024371819411481127
78139,0.0014735028656593823
78140,0.0007645715296282028
78143,0.00032446231107714264
78144,0.001993076785514953
78145,0.041841725266720003
78146,0.00042701468707894054
78147,0.0011223288270233538
78150,0.014455795694724305
78151,0.0015032924901023977
78152,0.0004334870092618061
78153,0.0001844644245426467
78154,0.00022174765082614173
78159,0.031632090051304344
78160,0.01475361640452869
78161,0.17445030761994137
78165,0.05850721666983446
78166,0.0003844751581856233
78167,0.023858757529253653
78168,0.003053858941322892
78171,0.0021305353994111563
78172,0.0008512665974841451
78173,0.0976113362524225
78174,0.03715017528508482
78175,0.011924401013057391
78178,0.02308701403814402
78179,0.00017295979581427717
78180,0.0005580297676687538
78181,0.009295312487638386
78182,0.0003926521303883974
78185,0.026431861935283317
78186,0.000822189904628266
78187,0.07054455824251944
78188,0.0009146140078596881
78189,0.011160317773134597
78192,0.17698962888954514
78193,0.04760548456913091
78194,0.017130391023012014
78195,0.0010959901302809837
78196,0.23260079113094795
78199,0.002229690472817073
78200,0.0014251483469100757
78201,0.0023304400097295566
78202,0.0010000273505169877
78203,0.10104021158550283
78206,0.003953596298165219
78207,0.0002389975660887869
78208,0.0032759432029181223
78209,0.0032610602777324777
78210,0.00120966886364815
78213,0.029545435742969882
78214,0.0016073437506476322
78215,0.00029057034430278494
78216,0.3801594241509723
78217,0.00041861720143493084
78220,0.07323072632680896
78221,0.011157246348664707
78222,0.0004813531460193548
78223,0.0006029453582969457
78224,0.00035152960118796747
78227,0.0002391374105353424
78228,0.01194876971799779
78229,0.002273693953063379
78230,0.018724780490860175
78231,0.025663464375842677
78234,0.01350729863343912
78235,0.0011416589899526516
78236,0.0077596993709981785
78237,0.000649856598702275
78238,0.0011217122379068814
78241,0.35206426948981606
78242,0.0027904842859619505
78243,0.01296883881827104
78244,0.0110593277754984
78245,0.0006268473653095187
78248,0.005369808098772767
78249,0.00036728862780888275
78250,0.001447063111356415
78251,0.0051489083183501785
78252,0.0010386693326318763
78255,0.30537019011031813
78256,0.33392002848801444
78257,0.2136356874766103
78258,0.01284086043546493
78259,0.06386921497115167
78262,0.00016731934287972144
78263,0.005587728296834412
78264,0.002152728604778472
78265,0.04524084369105469
78266,0.032158955062796174
78269,0.028843007218298737
78270,0.0016115466482258813
78271,0.009620432148085903
78272,0.006783694749245244
78277,0.0037565023801281114
78278,0.000922214847847594
78279,0.20183616243843436
78280,0.0008646340367842489
78283,0.004716046902501998
78285,0.0020333123143500198
78286,0.03065626726683251
78287,0.015999817811913793
78290,0.06590597407401946
78291,0.0001726889941873624
78292,0.007970501491073518
78293,0.00015105482140114444
78294,0.008438432151768526
78297,0.07212142736520946
78298,0.007328730425337035
78299,0.3018699720445212
78300,0.00031150899895779837
78301,0.0006179825183898342
78304,0.0012906059680412388
78305,0.0032444679107696767
78306,0.004117285587291017
78307,0.0001497014831913305
78308,0.04534982457192148
78311,0.0008398085989733822
78312,0.004062038053630755
78313,0.00017640199598382479
78314,0.000572439573166462
78315,0.00014725558047769466
78318,0.0038405999005438566
78319,0.08124694425617231
78320,0.007526212639976344
78321,0.0014456918172508642
78322,0.0008740180392512712
78325,0.4115448437390434
78326,0.00743964575600247
78327,0.06360813446623478
78328,0.0003922610873782912
78329,0.1224251675289527
78332,0.002057766325085273
78333,0.04974771300290152
78334,0.02421544555895748
78335,0.00023227045509427604
78336,0.06097658485938491
78339,0.1939515470367255
78340,0.23798632990117152
78341,0.007447086483045075
78342,0.0025008435089073147
78343,0.03053049599319166
78346,0.001698049085788411
78347,0.254061600845609
78348,0.00044897813986994277
78349,0.000620944655065646
78350,0.00016179101716988056
78353,0.00023877235392328605
78354,0.024226107699139774
78355,0.017190409684066137
78356,0.0010876270177494812
78357,0.14195948996042626
78360,0.03387319367596715
78361,0.1606226847433697
78362,0.011030138831826186
78363,0.0050891152339182615
78364,0.07680726169229982
78367,0.333859018195316
78368,0.001340970007255772
78369,0.3519293021805982
78370,0.00017719043721845467
78371,0.07063532820255215
78374,0.0020832540145471765
78375,0.012925698994470792
78376,0.2565129774142877
78377,0.009590127236479363
78378,0.006722370709261142
78381,0.00045496485911632195
78382,0.0012056215380795317
78383,0.21930801987376308
78384,0.07791585146353326
78385,0.034362065457665306
78388,0.16312718890626562
78389,0.010813799626415441
78390,0.00016157197809993785
78391,0.00682469193917356
78392,0.001115085906701419
78395,0.00178276049311758
78396,0.00047091914808955807
78397,0.07386960691314604
78398,0.0010125286805567916
78399,0.00036624294446254525
78402,0.10504771756784612
78403,0.025963536433289462
78404,0.00018026938042038217
78405,0.0008154402850387649
78406,0.04330967193238065
78409,0.0045923149973626206
78410,0.016397852791821405
78411,0.008281564584212107
78412,0.02426342891788675
78413,0.04442026674032957
78416,0.0018950723458668137
78417,0.0008279933254011884
78418,0.0003867048492941534
78419,0.11937861107482191
78420,0.0005810498237959224
78423,0.05397061231133137
78424,0.013623347980413026
78425,0.00031002559454879845
78426,0.010965502757326662
78427,0.08552210708088145
78430,0.11504910253888562
78431,0.009455363426216222
78432,0.0009366960645808777
78433,0.00014408711565601067
78434,0.0007685538838277486
78437,0.0003756523621782042
78438,0.0010531257175404754
78439,0.00032412226696961984
78440,0.2240388436838483
78441,0.000245980347981677
78444,0.01739281590475067
78445,0.0002625988551033349
78446,0.22498163770092655
78447,0.0013634985213701724
78448,0.0011578948808218998
78451,0.00014371736617822155
78452,0.0008877388757727759
78453,0.01940229222809375
78454,0.004808306195363458
78455,0.022045464597672332
78458,0.08603589637088667
78459,0.056571092058442206
78460,0.06989595234199131
78461,0.0051374258617042775
78462,0.00029581638679855577
78465,0.0002804887749715602
78466,0.26576564259061725
78467,0.21740553804783253
78468,0.058074692710740214
78469,0.05363613606128783
78472,0.19281989228535829
78473,0.018465337995121414
78474,0.0037566046087779558
78475,0.0040542381996580374
78476,0.005350282949270776
78479,0.027469855925009702
78480,0.0014528975170309646
78481,0.0005565675383145437
78482,0.025841791355798296
78483,0.20767258621841742
78486,0.03850471330480723
78487,0.1371965871185214
78488,0.009809395034176658
78489,0.1182573378832703
78490,0.010166959713064113
78493,0.07027061293847926
78494,0.0011192659090808257
78495,0.3299307485906901
78496,0.004871645136481808
78497,0.10605518648039831
78500,0.40799210336502667
78501,0.00039368283649827745
78502,0.0019126059259796113
78503,0.18637507700593833
78504,0.0020293395355284187
78507,0.0030847783040807496
78508,0.00932323145325713
78509,0.014369692157509864
78510,0.0003405013472370933
78511,0.05784235385593071
78514,0.016980488147773726
78515,0.029534442802505764
78516,0.0008592177191880828
78517,0.0002686720740269611
78518,0.0004579751180146823
78521,0.0006942616515972941
78524,0.0001527653559822872
78525,0.0015511683480795065
78528,0.00100694051239692
78530,0.00015746391514961754
78531,0.3885300941634749
78532,0.0025669092349349513
78535,0.0011075569770460443
78536,0.0002644825379047278
78537,0.0003470947000539088
78538,0.00048526520568418905
78539,0.00021126438288512244
78542,0.005556381021747703
78543,0.388614265251475
78544,0.37594788476628505
78545,0.005240035568735972
78546,0.012579053294757931
78549,0.01106401987819735
78550,0.016622639447173265
78551,0.0002636916723800613
78552,0.023122375061743458
78553,0.0004313389606903148
78556,0.00029665310925376215
78557,0.007508181486807361
78558,0.01143816982393767
78559,0.0009235548532112414
78560,0.0014123963180146827
78563,0.02951789028699824
78564,0.18049671770201073
78565,0.04916010449030366
78566,0.14365018427071535
78567,0.03868487456129709
78570,0.05034550452325854
78571,0.002474847038197529
78572,0.000195340135002394
78573,0.0016834105134472183
78574,0.00024406127088334923
78577,0.000764401017136201
78578,0.001199706332469825
78579,0.014844401344143152
78580,0.0303604802501117
78581,0.00046404559897606504
78584,0.0002886717199053677
78585,0.010952803310495848
78586,0.38151584169330205
78587,0.0007130404995468242
78588,0.04171401199127531
78591,0.37894455480935957
78592,0.0006445269887389107
78593,0.006468301107671237
78594,0.0016836606154704765
78595,0.00026719234446603716
78598,0.005341755690715445
78599,0.0072431163553275
78600,0.03983701292438605
78601,0.03544998354937912
78602,0.0006881579323449792
78605,0.011175354151689947
78606,0.11041583243611915
78607,0.19205678136711882
78608,0.00922208095044489
78609,0.00982931304945253
78612,0.0021646161179690944
78613,0.009353477303352042
78614,0.1296220423523378
78615,0.006963204667610518
78616,0.0002831747295660838
78619,0.11399560510955109
78620,0.0016150927574005184
78621,0.003486674487679708
78622,0.0010067678038435301
78623,0.12234749884473761
78626,0.000213586806822088
78627,0.0028018383976651114
78628,0.00045600996950793726
78629,0.05657930953888798
78634,0.001080972542968079
78635,0.0007737093310944775
78636,0.01684014412506856
78637,0.01876347405610814
78640,0.0020794905989358434
78641,0.19346014865364455
78642,0.0011125061603167476
78643,0.29025994210744394
78644,0.08861338258056949
78647,0.001973490305333548
78648,0.18590301744932988
78650,0.00016648188566024353
78651,0.0003821243989234526
78654,0.0026711982198453182
78655,0.0005674976480056818
78656,0.00032713865316755594
78657,0.05089479619023836
78658,0.0004443526792956047
78661,0.08556149474408488
78662,0.014770897258072119
78663,0.004607913019123159
78664,0.0013187773347945232
78665,0.32130396471972955
78668,0.039618153515091896
78669,0.003073314016802526
78670,0.023140893235007995
78671,0.0008055767191748925
78672,0.002171573531194179
78675,0.06216055686152255
78676,0.12659652537607982
78677,0.00260198799958144
78678,0.010936049089249198
78679,0.10517640902994274
78682,0.029650363719204723
78683,0.03576511434771169
78684,0.1714826797298334
78685,0.005030073417758995
78686,0.0008798768721824385
78689,0.003995114861504672
78690,0.0005311366635989885
78691,0.1466062931253226
78692,0.012300391871769387
78693,0.0030382742549664396
78696,0.0017771925228328709
78697,0.001515366946442302
78698,0.0011600921626847976
78699,0.002164442854412771
78700,0.19161627647136345
78703,0.0015194244084877117
78704,0.0011983161437460574
78705,0.00013783598335805912
78706,0.001542453308866136
78707,0.0016253889491466371
78710,0.006486450714889629
78711,0.0003780644039987392
78712,0.0001339080503989662
78713,0.0007728022347231647
78714,0.002952707194934608
78717,0.21650081147527692
78718,0.0011761899527432233
78719,0.0013612788185133045
78720,0.0007935204482829709
78721,0.14994163289222145
78724,0.0021147153179730473
78725,0.03777517805401596
78726,0.000896368870673974
78727,0.05897968637461689
78728,0.0016562919838696434
78731,0.03797536136838449
78732,0.38007944167688745
78733,0.002487635471806334
78734,0.16408760752971027
78735,0.0020179204168984557
78738,0.00023599998640145837
78739,0.00016600797104647868
78740,0.06106410262682448
78741,0.0006021464599968139
78742,0.023665642739761274
78745,0.00028850425812750237
78746,0.0007167549391643456
78747,0.2251452039039903
78748,0.01535654344169516
78749,0.026951983757333566
78752,0.0007292450887742716
78753,0.01496217654699816
78754,0.001639792711217649
78755,0.0031788912260431253
78756,0.000156958181945561
78759,0.00021279223118290247
78760,0.012990883259189937
78761,0.001195875697611272
78762,0.0005091953094848287
78763,0.00029087341176297146
78766,0.2356956993144331
78767,0.035737457607018096
78768,0.03086859434725363
78769,0.012288356280717316
78770,0.10425850738774013
78773,0.007463702197790674
78774,0.0019406484212091428
78775,0.0073921046142329935
78776,0.0018999772875975028
78777,0.23881931915547816
78780,0.00034840241193559473
78781,0.0002094043573966786
78782,0.0027925983563278625
78783,0.00033329794723539687
78784,0.14131579810319608
78787,0.0006554342614000984
78788,0.15601919589401875
78789,0.015169043310066322
78790,0.029917542101084847
78791,0.003618671628721419
78794,0.035801936018703226
78795,0.0023822112077992604
78796,0.021035143344451102
78797,0.0003922369434686351
78798,0.0024477180002768573
78801,0.07174909734706943
78802,0.027052758735882705
78803,0.00043630664430014006
78804,0.018013719915124182
78805,0.005395947467881205
78808,0.0021635563473300957
78809,0.024599306218962745
78810,0.03798593957296882
78811,0.008789135955831672
78812,0.07192755802908572
78815,0.04108290656832423
78816,0.2469615585165955
78817,0.035016904378506894
78818,0.030587552524258883
78819,0.00017253307341989996
78822,0.003481170988760638
78823,0.0007052400696227729
78824,0.28253093399244866
78825,0.17238759248532312
78826,0.000565964409848091
78829,0.0026457248116713446
78830,0.08711955321576886
78831,0.015484701500417218
78832,0.005249468227786164
78833,0.00044677067692031714
78836,0.25009576613449946
78837,0.003281391191285126
78838,0.0012409735152642918
78839,0.0001507361818519081
78840,0.0005988124819923673
78843,0.043701465580583826
78844,0.0013164467277254786
78845,0.0008527642136868465
78846,0.0011180860108545045
78847,0.0005383007006066516
78850,0.0002737084479977692
78851,0.18380646884753057
78852,0.17462275225392254
78853,0.0006513140385485286
78854,0.052941348189093344
78857,0.25368153701189733
78858,0.015883048549356342
78859,0.0005379803182031616
78860,0.1463380088927481
78861,0.0017800589738667986
78864,0.39542696583741943
78865,0.1676223711614835
78866,0.02384743827670231
78867,0.2070535341169673
78868,0.00043496686842629903
78871,0.0003752529930192495
78872,0.0009023518027910489
78873,0.05725451374583265
78874,0.005907247012017507
78875,0.09173338621129871
78878,0.04181157534887293
78879,0.0062587995851735535
78880,0.0010638164551672006
78881,0.18921450505390683
78882,0.036893355439734016
78885,0.000225442642612714
78886,0.012628875118165057
78889,0.00020395826339365288
78892,0.00013321474845322983
78893,0.005729251498006991
78895,0.03951830884414265
78896,0.0006751186534424807
78899,0.11200444406946153
78900,0.05286270042627636
78901,0.0007073447421449523
78902,0.01214889408025802
78903,0.07954932512005165
78906,0.002086951068198352
78907,0.0010773076203563295
78908,0.14770283300045406
78909,0.04316287381351139
78910,0.06776103136162152
78913,0.018754186850607965
78914,0.0008390361861552292
78915,0.0012549885019138396
78916,0.0018993322256175684
78917,0.38638812035642295
78920,0.12853575333587355
78921,0.06660071435472446
78922,0.044900128278967506
78923,0.12412874300250787
78924,0.014633293588161313
78927,0.22103768138338625
78928,0.0009326174909119912
78929,0.0006869851137269061
78930,0.003872878886309816
78931,0.19645876208994223
78934,0.0002993579748738928
78935,0.00016224075256949117
78936,0.07881803435176182
78937,0.0013446716545112434
78938,0.0004418067988588199
78941,0.00510985241250161
78942,0.029552257997530793
78943,0.008395109532622335
78944,0.006386767199813615
78945,0.015785030523531054
78948,0.0002161190647030399
78949,0.0009758521639237225
78950,0.05741722807491966
78951,0.003521550938382304
78952,0.0015257266229032364
78955,0.13033837075085014
78956,0.022197762455269762
78957,0.0002625764168444818
78958,0.0040828529350925725
78959,0.06987273994069772
78962,0.1499951755892402
78963,0.006067697430273551
78964,0.0047772549287966185
78965,0.02694304391664155
78966,0.0024410448764057304
78969,0.2325497065219334
78970,0.12505766508974037
78971,0.004826802322541136
78972,0.2458454255720065
78973,0.00031940233095048765
78976,0.12808387238201777
78977,0.0017115341667896806
78978,0.01697008417977431
78979,0.015826156882627
78984,0.0008168319365200838
78985,0.007041874756107546
78986,0.001122669721927543
78987,0.006719869796649063
78990,0.0032954730295524
78991,0.0008437145598705342
78992,0.0029307800454244208
78993,0.002739168049331862
78994,0.000668969131193435
78997,0.00018254447764894045
78998,0.019041318043395438
78999,0.0037403937832885723
79000,0.20132149010693626
79001,0.02201470881758525
79004,0.014281052876809374
79005,0.00045923121847159015
79006,0.006268718600633455
79007,0.0010697534882493412
79008,0.34753858446677155
79011,0.009318701204562055
79012,0.00026803609995851497
79013,0.06555389900534739
79014,0.31388105303961444
79018,0.01198413574640332
79019,0.0013249120348101649
79020,0.010096984630030698
79021,0.009653166692793829
79022,0.0017543812047247616
79025,0.05128881098675844
79026,0.0008996525368932953
79027,0.1167890174942395
79028,0.01625340849665703
79029,0.001959921653478187
79032,0.0004825485544636844
79033,0.0006508575767252897
79034,0.001148063155519492
79035,0.02187607265290168
79036,0.14994091744714874
79039,0.0695143218686817
79040,0.0003580803682478177
79041,0.0003805113474651542
79042,0.00017681678164003535
79043,0.21842316190426816
79046,0.005149978297649413
79047,0.002073146641443437
79048,0.0012521803062208374
79049,0.0021552144077209
79050,0.0007724152621852027
79053,0.02176394877938767
79054,0.09411665406018556
79055,0.07669892579300155
79056,0.3674212896244972
79057,0.023434732001834883
79060,0.19199623035469784
79061,0.029616647279549352
79062,0.0024420073598186826
79063,0.00027978937772852724
79064,0.0004371367981891957
79067,0.051812896659225886
79068,0.13598608166140577
79069,0.08413891935280675
79070,0.00014985908626963273
79071,0.004627088512533622
79074,0.09166318411068249
79075,0.00043198177033573797
79076,0.016229918719257486
79077,0.0002682585900932721
79078,0.048497442659120864
79081,0.016481930184169158
79082,0.006636694924894256
79083,0.00028265930862482057
79084,0.0003431701041069917
79085,0.003770033953694222
79088,0.06650902751749437
79089,0.015161278693378223
79090,0.00014352724841203832
79091,0.0028689585039039416
79092,0.0006993276110548426
79095,0.010373243886835677
79096,0.005312757694544404
79097,0.012295790300028359
79098,0.0013201756951622082
79099,0.00039362466342834354
79102,0.006487634418673971
79103,0.008049250188246697
79104,0.025295364020835345
79105,0.09557505421145453
79106,0.00019222266301924875
79109,0.030792935304797462
79110,0.0005937853514225977
79111,0.0011899487896975102
79112,0.0006427182695479055
79113,0.00019579064794871486
79116,0.0025153506128425176
79117,0.0002683657642020089
79118,0.10308859447833917
79119,0.0024464395674620755
79120,0.0007468470056202078
79123,0.04416887711270457
79124,0.0009648036882896357
79125,0.0007092608336088764
79126,0.0004614286519924455
79127,0.031546067188446124
79130,0.001560658629536764
79131,0.03383128950088043
79132,0.0009767334051138943
79133,0.009272867647571691
79134,0.00309481435783843
79137,0.013610834598788707
79138,0.10785759759360135
79139,0.09462186777176787
79140,0.2146636348154739
79141,0.002614549101217969
79144,0.00039854477730352436
79145,0.340889705836769
79146,0.23537996389796553
79147,0.009679664610358088
79148,0.0009839981954985093
79151,0.11158792920470652
79152,0.044044493678216425
79153,0.06085770541991374
79154,0.015574381609125812
79155,0.06442755506281626
79158,0.022740561662234194
79159,0.0010580811774580127
79160,0.0027602258256997176
79161,0.20822397152091962
79162,0.0022183778406693025
79165,0.008227334391661756
79166,0.00019663077256538387
79167,0.03808068383463098
79168,0.0010767936997069755
79169,0.00103610139822492
79172,0.06620032753237923
79173,0.0002535018326412271
79174,0.0073228825942637495
79175,0.0015817682584394047
79176,0.12272113497390905
79179,0.049190997534044476
79180,0.0033705417869503065
79181,0.029833566861610324
79182,0.006823217925545213
79183,0.0190391017343745
79186,0.002158497805952158
79187,0.007553784612360747
79188,0.38865112694139514
79189,0.0020023376479662894
79190,0.012841422430217244
79193,0.024758846681530482
79194,0.18700721373677584
79195,0.06668889568404979
79196,0.06485549064659406
79197,0.00019378851675052905
79200,0.011780735917067516
79201,0.28608682046946066
79202,0.12977169755313828
79203,0.211490813278803
79204,0.0032817526095389768
79207,0.08777978868525513
79208,0.006859897993538262
79209,0.019601539345901062
79210,0.0005656679190667755
79211,0.02938549305447269
79214,0.009526789579170842
79215,0.0011097982975486072
79216,0.011675229480361076
79217,0.0006161986038650403
79218,0.0018053522932441164
79221,0.014060477907822938
79222,0.006548547793716053
79223,0.00014838370436624012
79224,0.0018043638904186904
79225,0.0002466279246659948
79228,0.09346460134104051
79229,0.007750972989575742
79230,0.0002390438301134667
79231,0.02881847611465165
79232,0.00014747235650808716
79235,0.18219969999637486
79236,0.0002506687795293738
79237,0.010565995796307502
79238,0.22047760378894973
79239,0.0003026969486110814
79242,0.051313081492761425
79243,0.3358985605603752
79244,0.13266254844150746
79245,0.0018342442335672145
79246,0.00013521965288132553
79249,0.1618534718674795
79250,0.009197414731418316
79251,0.09188814277294353
79252,0.0009068658106807034
79256,0.15328854946599665
79257,0.05657769164469443
79258,0.08072192559752725
79259,0.004377080208811623
79263,0.0003169500530441283
79264,0.006139160967276547
79265,0.24999759504519978
79266,0.003999866472367293
79267,0.0005882630828545237
79270,0.13647150355945367
79271,0.2220159042520727
79272,0.08651749441485045
79273,0.0008951272149766054
79274,0.003168565530746787
79277,0.004811883251633044
79278,0.05218893991159756
79279,0.026497900932165745
79280,0.00014773844153352444
79281,0.056099191551405636
79284,0.0002497686526253639
79285,0.00346492376663562
79286,0.14660267304583613
79287,0.008756127815607341
79288,0.00016992018840986586
79291,0.01304660025921803
79292,0.00034103043358729295
79293,0.04923512940435569
79294,0.0037429901027361194
79295,0.0003999346210897549
79298,0.00021293811073031107
79299,0.0075109329331622485
79300,0.0021284146527108198
79301,0.3926087222471593
79302,0.050504360180724954
79305,0.04097214194725452
79306,0.1869491595027032
79307,0.040635580131094896
79308,0.02893334682534096
79309,0.00014318355016633874
79312,0.0016755375489732646
79313,0.012239495399397417
79314,0.00012207940049814618
79315,0.11450650314194173
79316,0.008117104397736156
79319,0.001996506233967293
79320,0.25492974661653467
79321,0.001124761668297295
79322,0.1772853843432787
79323,0.1272688384611259
79326,0.1085227871377011
79327,0.00019762338851168757
79328,0.0014814870021526276
79329,0.0018606401542593065
79330,0.0042222740887085854
79333,0.03640094564944719
79334,0.002467691119454531
79335,0.013899001172963277
79336,0.12192197996420208
79337,0.0014036760551644236
79340,0.13880014323560255
79341,0.0840817320174735
79342,0.0004901992244800764
79343,0.0017856743737420244
79344,0.0022673068342612427
79347,0.01299014445551231
79348,0.015548443810573041
79349,0.0013927293413068503
79350,0.0009257409269209229
79351,0.0061015212601501796
79354,0.0001408950089317743
79355,0.00015745324835472171
79356,0.013604558668021866
79357,0.00047693661996097314
79358,0.00464656749547481
79361,0.006015511914072657
79362,0.25578151240175334
79363,0.00360823759855308
79364,0.0002469835624812329
79369,0.0006632123976527404
79370,0.0006302396721854201
79371,0.107984578068277
79372,0.02114987344882023
79375,0.05914022543285047
79376,0.029979429490461708
79377,0.003438893646935922
79378,0.020063672226079018
79379,0.0040131318916251865
79382,0.010944947891686421
79383,0.038109699382945825
79384,0.18331521741553033
79385,0.0002639821325388255
79386,0.36557316595481937
79389,0.3959335110336651
79390,0.0004499157882912062
79391,0.00011125798062593233
79392,0.001020250313125722
79393,0.35396690019962723
79396,0.062281651613927784
79397,0.00013639768779921143
79398,0.0005215136004080035
79399,0.0038042059800480854
79400,0.05726797223709013
79403,0.35649473814959454
79404,0.33796075981029233
79405,0.002621381630233349
79406,0.33525365830949266
79407,0.000113707510216997
79410,0.0888142347256135
79411,0.001162905253811188
79412,0.11208798119181854
79413,0.0047273054210028136
79414,0.20670830735725074
79417,0.0007324333615763938
79418,0.003267125667414952
79419,0.197430347971834
79420,0.00037350585001050057
79421,0.004459854328676408
79424,0.0002046928929243126
79425,0.00021317787860836295
79426,0.00020642191911161265
79427,0.21143990041383562
79428,0.14822875624637014
79431,0.00011860868862211173
79432,0.00725840720675216
79433,0.05647374306097334
79434,0.0007126193524349842
79435,0.045563051089286294
79438,0.0010096582650510962
79439,0.0004080645551143103
79440,0.0006311292587832918
79441,0.04202242438557523
79442,0.014706225648598777
79445,0.013358521760673836
79446,0.007027778547417495
79447,0.1010526354256992
79448,0.0096693137488066
79449,0.005982473912938494
79452,0.0050334870125916574
79453,0.0004693132747475279
79454,0.0056640135886423795
79455,0.059922409748066965
79456,0.0017049108831415642
79459,0.0005644549387782489
79460,0.028881673667909936
79461,0.001972523626848625
79462,0.11944785947067214
79463,0.023978551003511508
79466,0.00022423040431945009
79467,0.0002203588989209575
79468,0.003505611497581862
79469,0.0012311988747578855
79470,0.00035297059159114253
79473,0.00014909492412634186
79474,0.007078999803358012
79475,0.0039213558494965335
79476,0.013045631269301243
79477,0.2212779712075616
79480,0.012291747542648728
79481,0.0005934931673025457
79482,0.000527593390824214
79483,0.00025652021268823084
79484,0.2619478012610717
79487,0.005197076056704408
79488,0.1651490355209325
79489,0.07653586580051049
79490,0.0002400551684139146
79491,0.006670581795510281
79494,0.0007709066426926129
79495,0.23538732443719035
79496,0.01288531721343781
79497,0.0015435624101818848
79498,0.13323748312367806
79501,0.02726796810012201
79502,0.23499867156371998
79503,0.001862151990725009
79504,0.00013357760675897725
79505,0.00043721375782427256
79508,0.00012939161436398378
79509,0.00037482430896367046
79510,0.0003462399128606676
79511,0.0034274252766448962
79512,0.005571008981222844
79515,0.014024546740506528
79516,0.00046951462760359597
79517,0.08908876507180649
79518,0.251523301910366
79519,0.00016083413920119988
79522,0.3876151686076
79523,0.00012654878982863786
79524,0.0009785576898617978
79525,0.02660259206624938
79526,0.0012635711169060124
79529,0.0004689677201601946
79530,0.05279631845897764
79531,0.0006907114208817423
79532,0.0005238941107292629
79533,0.05107174890852472
79536,0.2828151995443378
79537,0.07415614434813582
79538,0.0763083241941632
79539,0.23328493064189754
79540,0.0009985014254592446
79543,0.017359783431948068
79544,0.0002699066058585385
79545,0.04984485695378261
79546,0.009478702300380119
79547,0.002044569568999297
79550,0.00028535823256073764
79551,0.005253744827639935
79552,0.018289438953819466
79553,0.0003108457465805129
79554,0.03083274411200948
79557,0.2073390451783609
79558,0.010125039613790182
79559,0.0006105647743083791
79560,0.3098021493420567
79561,0.003162713522464608
79564,0.0029447769756813995
79565,0.0001864579386086379
79566,0.037478491899797586
79567,0.03991212813897112
79568,0.010499161634248248
79571,0.020931821776030184
79572,0.0009107231592482631
79573,0.001989304848246208
79574,0.0007554434613039887
79575,0.0004558189447741577
79578,0.0001945755486774893
79579,0.011343985854325923
79580,0.0001167832356866308
79581,0.06718174919935839
79582,0.0010898520730308425
79585,0.004835674006272371
79586,0.00046662780432808136
79587,0.007758529317097266
79588,0.0006124821455252915
79589,0.0001828388801334834
79592,0.0009378143400133649
79593,0.0006527949506504249
79594,0.22903449938848144
79595,0.07331450271361968
79596,0.00012671304605126827
79599,0.0012939327856065046
79600,0.0038449159479004577
79601,0.0191943045725064
79602,0.2764250621308279
79603,0.01885013945970991
79606,0.006442545847490038
79607,0.06941146528527413
79608,0.09528916395835303
79609,0.005952856111187664
79610,0.003135621122015838
79613,0.054826726470501845
79614,0.0030952049392522526
79615,0.00023245029604734114
79616,0.007959346322825843
79617,0.00033145240008587235
79620,0.0001857898255498798
79621,0.18568234339043616
79622,0.18049642116891812
79623,0.007764671240718274
79624,0.0030717039584046793
79627,0.011752763279199023
79628,0.02675691239820706
79629,0.0019811195383602808
79630,0.3918953482480569
79631,0.000132174285525677
79634,0.058395598445933776
79635,0.00020133599483037975
79636,0.1616947418188232
79637,0.0555483853213244
79638,0.05704091605741211
79641,0.00010448073028405281
79642,0.38367867505538494
79643,0.001998289113145846
79644,0.0002974455515873119
79645,0.0015245751032089848
79648,0.01977072732177808
79649,0.0001426197003192802
79650,0.00024381641818640588
79651,0.010958012676512217
79652,0.0034547549569196945
79655,0.00013193692584164625
79656,0.00011645252852035253
79657,0.009600694409225945
79658,0.00035668486584486175
79659,0.03265953017632597
79662,0.018308373690664348
79663,0.10169127170848939
79664,0.07041203789702898
79665,0.001725360040645727
79666,0.005786744998287987
79669,0.05868164123285084
79670,0.01413633628871507
79671,0.018082240503103936
79672,0.00011143000833848943
79673,0.0003375794606562353
79676,0.015987789793603886
79677,0.0002045267733814492
79678,0.023272347952268648
79679,0.001570484269631366
79680,0.00013201015587399536
79683,0.015670744878860467
79684,0.0014206169984068845
79685,0.0342501951300922
79686,0.04377486686037287
79687,0.0034109105375172144
79690,0.00011858603328122972
79691,0.009296940246145366
79692,0.00016737547634179754
79693,0.000202947880434873
79694,0.04853922879732447
79697,0.014215981470341688
79698,0.0019188455857694006
79699,0.005420935254632794
79700,0.17956056554603564
79701,0.0001048971408553718
79704,0.0007738634112527487
79705,0.01054656249592779
79706,0.0023601145764465207
79707,0.19242624136393463
79708,0.006537380001997758
79711,0.000176227439338957
79712,0.00023404271082905686
79713,0.024214294305572363
79714,0.004842423225353517
79715,0.001221236133927774
79718,0.02367881703566365
79719,0.23216095951426025
79720,0.005999045729752453
79721,0.00269987694844632
79726,0.37883799324702516
79727,0.17988433892373443
79728,0.07116701497594712
79729,0.022122571810255585
79732,0.004455692740425344
79733,0.03467949767702734
79734,0.04015090673132627
79735,0.0002917867836058013
79736,0.11923715998203133
79739,0.006498590772623544
79740,0.00014572543223168087
79741,0.002215733777977957
79742,0.0010303420896584528
79743,0.011070400689364223
79746,0.3368096867710587
79747,0.0018573005590053202
79748,0.002089484936863637
79749,0.15883129446632988
79750,0.008554978052028022
79753,0.0001982955999562203
79754,0.07233517280973419
79755,0.008624608438930318
79756,0.008623074283319581
79757,0.00047219941536338363
79760,0.000420713168897971
79761,0.0007236397778200383
79762,0.019073144104017867
79763,0.21833945925282092
79764,0.021774692557802587
79767,0.0013988942336499472
79768,0.001155729442376111
79769,0.0001307042368063352
79770,0.009156624810810143
79771,0.0020718759593499132
79774,0.004494662664588109
79775,0.11356472998326599
79776,0.008591682068091324
79777,0.00428660041781332
79778,0.00014679018645240245
79781,0.018859746265861226
79782,0.0001148889646743561
79783,0.004373654870071872
79784,0.05288743089726591
79785,0.0806784492847765
79788,0.12220891835600474
79789,0.0091863790106181
79790,0.33079984685271524
79791,0.009806377818862498
79792,0.00010693361822089188
79795,0.001507966278517486
79796,0.000715144734949825
79797,0.14750756838497517
79798,0.007758028584222756
79799,0.036705849670864064
79802,0.00023368283225337112
79803,0.08783025985852096
79804,0.008735396416085792
79805,0.0029786843486423508
79806,0.005512320340089832
79809,0.00039682347795041306
79810,0.057832722684791046
79811,0.01717066935017908
79812,0.0005447386503654278
79813,0.0048996378096637675
79816,0.013968942348159322
79817,0.31046760275041985
79818,0.0007507166499909248
79819,0.00012149820019687155
79820,0.0022718152920478086
79823,0.0003177788785890888
79824,0.00536886415983927
79825,0.05765007802639086
79826,0.35164885805901547
79827,0.0017223436907248574
79830,0.006537465972745955
79831,0.0005894636869838078
79832,0.001220215438140622
79833,0.00010615057296284121
79834,0.0056616394013410945
79837,0.01130821773645469
79838,0.03640890955630119
79839,0.007474578424319862
79840,0.0002762504636577861
79841,0.27838614215761187
79844,0.00011507672461469248
79845,0.00010119073177037322
79846,0.0027264707717365006
79847,0.025046640210837405
79848,0.061827503037483536
79851,0.039603516544972975
79852,0.2610555403111344
79853,0.007568990277271663
79854,0.2457987691866618
79855,0.0009962483363251322
79858,0.017868654699563332
79859,0.07524771174123217
79860,0.00422879125225438
79861,0.00011857409066509648
79862,0.0012084376346080253
79865,0.006577703551714283
79866,0.0006107616519015408
79867,0.0008482474524714544
79868,0.00023446179911015467
79869,0.07193843465574684
79872,0.00030802772207719323
79873,0.03221050074499953
79874,0.00015526760285645196
79875,0.03803428609926262
79876,0.00017461707728583432
79879,0.0001282309798649216
79880,0.11772418817400751
79881,0.0001172153987672715
79882,0.19374900044049578
79883,0.06399656459222826
79886,0.009750458334753787
79887,9.979816943673749e-05
79888,0.0067316331649960245
79889,0.004018430254498126
79890,0.0012088273309810425
79893,0.0001230469352229695
79894,0.0005752959028768282
79895,0.06102346308192359
79896,0.031612911921345646
79897,0.1753047627682979
79900,0.001830437415330799
79901,0.0876145295446276
79902,0.04621348912516391
79903,0.00023957227376463256
79904,0.025905899662366193
79907,0.0034989736236145826
79908,0.014341712049964508
79909,0.21332472025748492
79910,0.019153889789235486
79911,0.01313334108819463
79914,0.0002242634173945907
79915,0.026377753665334625
79916,0.0166950847277845
79917,0.000574561092880755
79918,0.0007014922764491038
79921,0.000504853431481771
79922,0.0001378382764526927
79923,0.0005162500934732985
79924,0.013161950334089569
79925,0.0004155034339530968
79928,0.005657521022981793
79929,0.03890981087140533
79930,0.03152278848412713
79931,0.06100064146219884
79932,0.11782684575501598
79935,0.08470570132426754
79936,0.23327572709049513
79937,0.0002369056282321946
79938,0.00016600041570569342
79939,0.0029418803768694163
79942,0.0003532011968757266
79943,0.08530889978376015
79944,0.00021176605065982533
79945,0.00575293415070736
79946,0.2255372990612502
79949,0.12137547280133304
79950,0.02990556139353695
79951,0.27465196601870195
79952,0.029820300542157927
79953,0.23951734999388577
79956,0.054981545413909864
79957,0.04291447537657673
79958,9.725746776004567e-05
79959,0.05518879339510989
79960,0.05353074639991862
79963,0.001269942972100653
79964,0.0003001176476975739
79965,0.015547109666607937
79966,0.0002618520559788697
79967,0.023006427205792178
79970,0.07609049688324424
79971,0.025106684365753786
79972,0.0024218904426983215
79973,0.018345166581481883
79974,0.0014233029023307108
79977,0.05446757995309701
79978,0.0011244039581543494
79979,0.021615861834557645
79980,0.008728649922135515
79981,0.0037230420173539843
79985,0.00127043618568899
79986,0.053622265913033484
79987,0.0003630296205589962
79988,0.0009425754825645294
79991,0.055709083770229574
79992,0.00011333290028462435
79993,0.0015174625127801211
79994,0.008966033854496189
79995,0.1056759818408343
79998,0.004558163309688812
79999,0.09943115114258953
80000,0.010853737818896262
80001,0.012913088330177765
80002,0.0009549556513470362
80005,0.07888821824936729
80006,0.00040659907267959157
80007,0.02575340288131573
80008,0.009603407341296206
80009,0.0006150294206275482
80012,0.002102697182778702
80013,0.029948514849915082
80014,0.015564482408262989
80015,0.03050868068198903
80016,0.0027151108117679425
80019,0.02435950289834629
80020,0.0009066623968790353
80021,0.0030753033147566068
80022,0.1164611439999855
80023,0.029360904787033248
80026,0.061749889118010014
80027,0.015013940059134064
80028,0.005240906387043359
80029,0.005660771391972563
80030,0.0007107390823259233
80033,0.08086910749160023
80034,0.00014227985757408524
80035,0.02232187731230336
80036,0.031888265228999776
80037,0.0012685847950638966
80040,0.0004626671409559969
80041,0.016550987282876132
80042,0.0007560101778363049
80043,0.00024009535517423278
80044,0.0006393402413895196
80047,0.295975496940089
80048,0.0003845608956634902
80049,0.0005988585487032709
80050,0.0014455411242322762
80051,0.0006756976470459114
80054,0.00010738561338514129
80055,0.010629055626562668
80056,0.2243398292071235
80057,0.00827930784986265
80058,0.2670186850040857
80061,0.03344765594266101
80062,0.0028776271673998143
80063,0.029397827909981425
80064,0.0012595875570161014
80065,0.00040073117571473463
80068,0.01160388070266687
80069,0.00020791784128750595
80070,0.2016982112186782
80071,0.0003437535633276593
80076,0.00037823826991455537
80077,0.026462399026080545
80078,0.03216373773947467
80079,0.0304849870336687
80082,0.0004362530651604285
80083,0.00036799377744074
80084,0.024782852759074603
80085,0.0027322008173288497
80086,0.12277110609809987
80089,0.007714234635231022
80090,9.040212287386552e-05
80091,0.10385681062686156
80092,0.0001388685544220533
80093,0.00039065188546664233
80096,0.00011280218734116868
80097,0.08723350698514679
80098,0.06560957119209694
80099,0.3416652889349405
80100,0.0008993033323065826
80103,0.0017678022671284255
80104,0.08830419455950311
80105,0.0005143670445033141
80106,0.03194382119077847
80107,0.12673235211599132
80111,0.011334807308829808
80112,0.18334228753559478
80113,0.04316728444442529
80114,0.017418994697650493
80117,0.0003081157707455487
80118,0.0005068720719370267
80119,0.009557144265197812
80120,0.0008965579107295026
80121,0.003319745389595022
80124,0.022475540314268305
80125,0.0008859153158404635
80126,0.0012643159034131644
80127,0.0021710891826521917
80128,0.0021915614151299207
80131,0.001268576433810952
80132,0.015555952051206759
80133,0.00026562924073739137
80134,0.10058604905743658
80135,0.00023444293512567884
80138,0.02217066496111743
80139,0.13753051650175618
80140,0.002542330596649724
80141,0.01669740212441787
80142,0.00041574642623471976
80145,0.010530856573832991
80146,0.0014277869650286626
80147,0.029478939292100617
80148,0.06761900246042594
80149,0.01507326809445047
80152,0.00239645544553919
80153,0.001572093089996731
80154,0.0030466113054468487
80155,9.719577753476259e-05
80156,0.0011792124229023082
80159,0.0001561628669190873
80160,0.14580875843440735
80161,0.23456361725678362
80162,0.028763795347390535
80163,0.12462176615845791
80166,0.004721128797007663
80167,0.005001813640179563
80168,0.00312119799453939
80169,0.0007460572342801861
80170,0.00011142038048009811
80173,0.00024352234025918067
80174,0.14516266247922546
80175,0.022790060149844797
80176,0.04568081222938673
80177,0.08877274208101453
80180,0.004019832681234794
80181,0.00374060322019272
80182,0.05806324980214752
80183,0.000984593566002619
80184,0.0008248668232381815
80187,0.32913002996061214
80188,0.01405905371738343
80189,0.00021949620086165856
80190,0.004928204969026623
80191,0.02107027391225509
80194,0.046437876823417455
80195,0.05064716681614442
80196,0.16954684795235603
80197,0.0004046319863917995
80198,0.18930558016088017
80201,0.03353025848886568
80202,0.267228471409609
80203,0.0005463566657245661
80204,0.2819784919619066
80205,0.029292034367493044
80208,0.003146150598269309
80209,0.012483838024977283
80210,0.03644997504172318
80211,0.03868560530320982
80212,0.0004749374736995289
80215,0.00010766235473281104
80216,0.020937787390775665
80217,0.28217068856820515
80218,0.28835678237386353
80219,0.0006562041567250535
80222,0.003743662027435096
80223,0.000533943969265392
80224,0.0011023410483166503
80225,0.00018795152191948146
80226,0.00022555314977679746
80229,0.0005123890173076867
80230,0.007162838650550139
80231,0.029256401994250645
80232,0.0054761878111736495
80233,0.005708759030823136
80236,0.002293100138525837
80237,0.08174704497165008
80238,0.0015643806696367581
80239,0.008366446339144606
80240,0.0021075515153195245
80243,0.052054253742925785
80244,0.010081117147924368
80245,0.06668040026773947
80246,0.0002452532937452043
80247,0.006416084064490283
80250,0.05884678864398034
80251,0.27695694472061205
80252,0.001316870903936333
80253,0.06418830920745841
80254,9.34127533878112e-05
80257,0.004356763535771992
80258,0.0342864235967878
80259,0.0015313853394440036
80260,0.038495452307449836
80261,0.0003886309605557382
80264,0.029129825012651482
80265,9.418821971215362e-05
80266,0.0023817469234519344
80267,0.00031662216138196006
80268,0.2120198173029832
80271,0.020762527814410604
80272,0.0007792565818987853
80273,0.0015614322875953852
80274,0.07611258552291146
80275,0.01941472415191627
80278,0.042443224410347404
80279,0.002216989703648533
80280,0.0214046226169343
80281,0.028878640059962362
80282,0.06808780092554434
80285,0.012418473175410494
80286,0.07524002023364022
80287,0.00011627972788098018
80288,0.10632483442624234
80289,0.00017612273140318066
80292,0.01052951179979441
80293,0.01613735619465581
80294,0.05557857970587698
80295,0.001830076439348635
80296,0.0012021351035820063
80299,0.0075627483258910895
80300,0.24460439675235324
80301,0.00016804125311189975
80302,9.969447535314171e-05
80303,0.010288435008537582
80306,0.002200915303892662
80307,0.008740076887605976
80308,0.025842494401463533
80309,0.20373043415769113
80310,0.008321082753982531
80313,0.000390194532780669
80314,0.33888462712551665
80315,0.002868307057517222
80316,0.00023023430983125563
80317,0.06231171664131075
80320,0.08322501228485052
80321,0.0005749300125098285
80322,0.04536270593782237
80323,0.07729305533619396
80324,0.01606042263047384
80327,0.014202204287789127
80328,0.0002428682432092703
80329,0.002105090027522397
80330,0.012670972323603534
80331,0.004280863117719837
80334,0.00012350200753757104
80335,0.15024724987624638
80336,0.06760657025346524
80337,0.00011479030446870612
80338,0.00011991904474184948
80341,0.08748739824470728
80342,0.11470296790618363
80343,0.01113214359085875
80344,0.25683842512924404
80345,0.0015423628614797441
80350,0.20303829248205885
80351,0.23934570903093874
80352,0.006467241133520184
80356,0.00011888664271175208
80357,0.010587926602230778
80358,0.01918474274568506
80359,8.458180586956683e-05
80362,0.004347827895938168
80363,0.016360859921501766
80364,0.014953805731254008
80365,0.07513628336471545
80366,0.005134789760932664
80369,0.009546041876582033
80370,0.03954685821710194
80371,0.10048294797914124
80372,0.028083863409702158
80373,0.005285174468793398
80376,0.23848289203820647
80377,0.10638672426334893
80378,0.000128775298472293
80379,0.003954588321860756
80380,0.22834212286124564
80383,0.0011085391485291724
80384,0.2315057112491378
80385,0.0007521666539898276
80386,0.0006846549960856697
80387,0.0015805103027646584
80390,0.0007950117381218975
80391,0.18546710731569171
80392,0.000832012973360229
80393,0.12278004155445622
80394,0.02205736182282383
80397,0.00013357840562149763
80398,0.005530340931858383
80399,0.00010833542982794396
80400,0.18388983212486498
80401,0.006849275115097625
80404,0.23013738986652438
80405,0.0018795986971261063
80406,0.20044436318458456
80407,0.08841348563168223
80408,0.043607235323976826
80411,0.0006880963872017608
80412,0.0973450452357256
80413,0.00030021586819593165
80414,0.1276932444944554
80415,0.2895175474988983
80418,0.013743335284041097
80419,9.733321747822446e-05
80420,0.15322570336618616
80421,0.16482893648135352
80422,0.0006725484400101168
80425,0.02771178165375961
80426,0.0008954257257615478
80427,0.07165263612535966
80428,0.007911863840282918
80429,0.04120570553736917
80432,0.008501105951367797
80433,0.000576396070561013
80434,0.0006119404198283909
80435,0.004930086008844144
80436,0.00014936043609924438
80439,0.04169622084576836
80440,0.05086943058975798
80441,0.002145801904722283
80442,0.0020134381299149852
80443,0.2628177782710524
80446,0.002256296775476781
80447,0.016307819373138924
80448,0.0006902930548582979
80449,0.00041265726852321053
80450,0.0036132050244067123
80453,0.38422048552706983
80454,0.0017681056211100925
80455,0.0006809131768199972
80456,0.047197569872071694
80461,0.007575541535931447
80462,0.00010808240928451555
80463,0.031094154696612943
80464,0.058715756661511034
80467,0.06515563254221651
80468,0.0034050802156445127
80469,0.00012350050901198482
80470,0.002229395915523125
80471,0.02972641044064106
80474,0.0017289671944335702
80475,0.0019421693711166813
80477,0.002460366205045953
80478,0.10071271699421852
80481,0.0017863923063867906
80482,0.010120369387407898
80483,0.33264518554907463
80484,0.0039915327349904755
80485,8.797130487758402e-05
80488,0.02001225668023692
80489,0.00010746291069078573
80490,0.1721004352397814
80491,0.000776867974005751
80492,0.14754465549517118
80495,0.03817371086590402
80496,0.0030600512387794518
80497,0.00253961276321324
80498,0.000539573405830893
80499,0.0020967077832969136
80502,0.0025194833955964916
80503,0.0001682087809535485
80504,0.00837152794744607
80505,0.05747730553988873
80506,0.09852825859612507
80509,0.013028842443566563
80510,0.0009147072132346873
80511,0.2711739454857534
80512,0.13005651831867684
80513,0.158024635881371
80516,0.0026984348433472666
80517,0.04944697573877472
80518,0.09477987899186921
80519,0.00253012696091304
80520,0.0006042976465301594
80523,0.023144729999343364
80524,0.0028609650011057457
80525,0.16901493432358586
80526,0.00013773803531180428
80527,0.022221125118767948
80530,8.102750668953757e-05
80531,9.51333357040042e-05
80532,0.0005193882148996282
80533,0.327976442215999
80534,0.003836716423979304
80537,0.18591874532960184
80538,0.00019300114972500834
80539,0.0004730529475299867
80540,0.00010007952573011499
80541,0.002207234419753914
80544,0.004590991142364666
80545,0.004716822641364319
80546,0.01455112214345786
80547,0.0072306816725858526
80548,0.0017518775776023186
80551,0.0001394881133060209
80552,0.002449947117065522
80553,0.0002656796565952504
80554,0.0002531261974850053
80555,0.004715157641728196
80558,0.02024070326487767
80559,0.0016875403194665831
80560,0.008762662667038805
80561,0.19442169479785532
80562,0.015629927261265934
80565,8.263457807520883e-05
80566,0.25721337422097884
80567,0.0010367692184651783
80568,0.0003031430193733193
80569,0.0015582471655962583
80572,0.0030494097090429037
80573,0.0009439140324371253
80574,0.010067002445337779
80575,0.1785644978745091
80576,0.00010789638084270886
80579,0.009810216933488922
80580,0.0013494468492166994
80581,0.004223035993006009
80582,0.24392017990797613
80583,0.00011689033308205737
80586,0.000456722866910371
80587,0.10917075931268744
80588,9.127780027317733e-05
80589,0.0007328902533317172
80590,0.006967607493046343
80593,0.002132052339652747
80594,0.156507917553746
80595,0.003288979267599219
80596,0.20739079496962035
80597,0.003753526787720012
80600,0.0035094154014036327
80601,0.00022663112134057136
80602,0.0008084622037175161
80603,0.04636030959789444
80604,0.00020103493389949992
80607,0.0029426514775622013
80608,0.0022186910670259257
80609,0.09203326343092585
80610,0.0002606247201493017
80611,0.000139689110518231
80614,0.0005270562783897957
80615,0.00012838277965098542
80616,0.0295456095560858
80617,0.00025287812928155654
80618,0.006025884315982463
80621,0.0960115822955489
80622,0.0013002895843969285
80623,0.0011409497322459816
80624,0.03365399890722071
80625,0.306950328108659
80628,0.0706545229221626
80629,0.012857048007696839
80630,0.09301756751964939
80631,0.07422870168399365
80632,0.013804499623977293
80635,0.0001067555742882393
80636,0.0005748491353752565
80637,0.025407936309090703
80638,0.00011634359770862895
80639,0.001578846919159308
80642,0.007985527242040005
80643,0.0071558668849522845
80644,0.011687272128090778
80645,0.053191756066843135
80646,0.014351180924369442
80649,0.004301202351160418
80650,0.004295724571917063
80651,0.0005853706981791486
80652,0.018182538620948888
80653,0.0008583878557034175
80656,0.0028001834601079725
80657,0.00010608284463139753
80658,0.014495680076969926
80659,0.00017782996395768424
80660,0.00035349030941652623
80663,0.0016825514812931638
80664,0.0014570032687403643
80665,0.18823950528497732
80666,0.00011686031360220893
80667,0.1556304544609679
80670,0.0031711123077738704
80671,0.023181942622801953
80672,0.009893302724445753
80673,0.0021232807522373826
80674,0.00016599092428370247
80677,0.007804268319076603
80678,8.458555175311496e-05
80679,0.002459964788982491
80680,0.09841292975929175
80681,0.0765316965552404
80684,0.000857989287136412
80685,0.25192315806030896
80686,0.00641732722306915
80687,0.10928933711065679
80688,0.009592521035678075
80691,0.0006419717681819882
80692,0.007705475679043285
80693,0.09592490162523291
80694,0.04506428937436758
80695,0.016790930654300148
80698,0.2137842504110242
80699,0.0026354189207082293
80700,0.0021614596736420485
80701,0.2277179769509871
80702,0.012466653697269563
80705,0.011277845051369778
80706,0.022366123928135494
80707,0.003303071435459744
80708,0.020158995221577217
80709,0.011042465781004833
80712,0.000425559866269343
80713,0.09689946556214697
80716,0.0019522959334939663
80719,0.005147033993135298
80720,0.028549814177632218
80722,0.0007721856746554679
80723,0.003484057742803674
80726,0.006544571117470412
80727,0.0012866771705840135
80728,0.00040710923352467037
80729,9.488507641803031e-05
80730,0.0017842543268288943
80733,0.00021947444371300175
80734,0.3832332970807166
80735,0.004159301237170607
80736,0.06174423935234006
80737,0.17289126742541525
80740,0.0040948095958068505
80741,0.0006522027479174993
80742,0.01139101870299411
80743,0.0012562661617952406
80744,0.00587296348294845
80747,0.009207287276107881
80748,0.032312921572373726
80749,0.014668884977638212
80750,0.019415921974313154
80751,0.0015390637482699265
80754,0.1433264581928071
80755,0.17504817440270976
80756,0.0013661303973248535
80757,0.0036127717232140866
80758,0.009751380530801068
80761,0.10491325699554407
80762,0.011483354410839313
80763,0.00044972637538875785
80764,0.00019129569297767981
80765,0.0009475372711053736
80768,0.23146062020163274
80769,0.0012467606242554641
80770,0.04915101877017476
80771,0.02603152668445515
80772,0.07229597870278846
80775,0.0005055172307011834
80776,0.0015005594837124408
80777,0.0020551039646012252
80778,0.0012708344910312723
80779,0.050916070665707684
80782,0.00858970258622289
80783,0.0017090039871870794
80784,0.0016605236185950666
80785,0.0004394848519655659
80786,0.033072297649845796
80789,0.0005279077693842467
80790,0.00891426717454666
80791,0.0012440088906710064
80792,0.00780189192132297
80793,0.0001146136890936754
80796,0.08316728334369908
80797,0.001192200481512562
80798,0.002770106741195978
80799,0.08796293528023563
80800,0.2193937554895608
80803,0.00041122264863730905
80804,0.1002273075485376
80805,0.0781398267904752
80806,8.847358403282284e-05
80807,0.00082853048476166
80810,0.04515178553607608
80811,0.0024429272948065174
80812,0.0039747519186597875
80813,0.00027825413450316996
80818,0.0007455101142739988
80819,0.0003099447444902703
80820,0.06300216465118676
80821,0.001598787578861597
80824,0.27331793840076907
80825,0.21371175115078564
80826,0.0008521599568515425
80827,0.31297484367461315
80828,0.002680796879751669
80831,0.0002869091879877873
80832,0.014855281792088683
80833,0.26266258129504955
80834,0.0008484411590048474
80835,0.00013332960998505984
80838,0.0008239325648991313
80839,0.0027061815708174057
80840,0.05366523221971204
80842,0.3380435868673488
80845,0.0009978463876917918
80846,0.05318134958478986
80847,0.00024545773445764583
80848,0.007065675337844659
80849,0.004071003324907326
80852,0.0005993766317664984
80853,0.00048154749035292474
80854,0.0015562427706837046
80855,0.0001230603772944092
80856,8.44469591064356e-05
80859,0.00011433326177130852
80860,0.00032752533776548345
80861,0.0009054661256251644
80862,0.0013013528104172374
80863,0.15826656747575585
80866,0.0375196999308218
80867,0.36705840912256926
80868,0.1185316147432183
80869,0.008891620318524243
80870,0.10958888838169602
80873,0.00016793455634289746
80874,0.0003825817026112497
80875,0.20840454458638133
80876,0.04549704582468713
80877,0.000340863573250958
80880,0.00039086404338586114
80881,0.0001150878545175944
80882,7.356767157730292e-05
80883,8.828731169781716e-05
80884,0.011391012215240071
80887,0.04490388796196658
80888,0.0005723786013835283
80889,0.029491350922969953
80890,0.00037891222974110463
80891,0.0039304062490300995
80894,0.0004213702967827713
80895,0.03603110793662394
80896,0.004906748161422821
80897,0.0030329894264475186
80898,0.00011690775955237654
80901,0.03899906794032808
80902,0.00012340705414316848
80903,0.0003828349955876833
80904,0.0007225107698082188
80905,0.00044660667502564654
80908,0.002121327839686502
80909,0.04728745793167727
80910,0.07557464108166397
80911,0.0002253285656364897
80912,0.0007578722812959919
80915,0.0616223214654934
80916,0.0019494549960211965
80917,0.008224573203316998
80918,0.09844976895777471
80919,0.003984115756543948
80922,0.03423815657751004
80923,0.16827738598532269
80924,0.0069540204324813545
80925,0.002412553721587633
80926,0.2571182862829717
80929,0.012136271975284541
80930,0.04199921640710513
80931,0.2956233697792924
80932,0.1306141812042969
80933,0.11642326737571057
80936,0.07984741386246662
80937,0.0003847761366610105
80938,0.00878890260022856
80939,0.10859528956087657
80940,0.16237278992045714
80943,0.02966865462451351
80944,0.0004022991212357391
80945,0.016740299772587352
80946,0.09722236242565539
80947,0.01189976016609666
80950,0.0032402879439952167
80951,0.298139018531665
80952,0.0017387468344469087
80953,0.01284952640413814
80954,0.35364105058275136
80957,0.0011669402327169817
80958,0.0008377640562411788
80959,0.001718724842983829
80960,0.02028535902592514
80961,0.004035116261632373
80964,0.013739594761206621
80965,0.0009257095999140495
80966,0.0025339386931602726
80967,0.19012282338590875
80968,0.0015178221724208255
80971,0.0010374724607793014
80972,0.015814494310240537
80973,0.00020465580444315032
80974,0.00027128138936001613
80975,0.08508359648709912
80978,0.00015996371370306456
80979,0.008636863493705536
80980,0.0007563144895920405
80981,0.00034739318617705846
80982,0.004965813604263164
80985,0.012364912810718099
80986,0.0001449862423428405
80987,0.05263066781326557
80988,0.04202792243067022
80989,0.01706637763262016
80992,0.00023445134306864884
80993,0.00011837910101096527
80994,0.057719661170525814
80995,0.00022556266011735206
80996,0.04155383372083405
80999,8.983524660961281e-05
81000,0.002236348377517056
81001,0.36126708366419114
81002,0.28618351256618085
81003,0.10778303991919332
81006,0.07629151002992453
81007,0.000515402762222079
81008,0.056328936007022795
81009,9.076108387701615e-05
81010,0.0015993847838122334
81013,0.000983173739055646
81014,0.05875424222880786
81015,0.0001750898960457185
81016,0.0012156940906911113
81017,0.0002233398086455431
81020,0.00010092886123213512
81021,0.1299614253436379
81022,0.16693336804902204
81023,0.0003772879741921908
81024,0.00021968205628775567
81027,0.0025036850766064424
81028,0.016359428864808984
81029,0.0013822659632649413
81030,0.027514983505116258
81031,0.04913896836683704
81034,0.005702857029085738
81035,0.059501188187831955
81036,0.00592374846280344
81037,0.00010036960770670477
81038,0.0002747755915171201
81041,0.00011408590399606189
81042,0.00036632920341269504
81043,0.017994369050184637
81044,0.0003485494922709477
81045,0.00013393122156309367
81048,0.00010869167607601025
81049,0.0010578997294964042
81050,0.061934652359593445
81051,0.27221119830060425
81052,0.10771064666021077
81055,9.247977834345988e-05
81056,0.007116720419342066
81057,0.00023992879127582021
81058,0.0069360677731213315
81059,0.0012807266470156846
81062,0.31127591481877587
81063,0.04438220127252504
81064,0.00888347164159357
81065,0.0016599452755541172
81066,0.08724057310443342
81069,0.0005221687152979524
81070,0.016504562957559855
81071,0.0003306671468839614
81072,0.16453227124543443
81073,0.0010846839448746732
81076,0.03046230290082163
81077,0.0003994567534709779
81078,0.01190160308293501
81083,0.00122596636451378
81084,0.0001201861555106799
81085,0.32061974006143934
81087,0.348037087477393
81090,0.0004947202317367574
81091,0.0014418223344293377
81092,0.030505441463864545
81093,0.005356217379468792
81094,0.2666459414736947
81097,0.07265874429209723
81098,0.009789351482125829
81099,0.0002846417062157844
81100,0.006076631534943085
81101,0.002417212746282682
81104,0.00020174536347316089
81105,0.02656958005336501
81106,0.0008993466867142497
81107,0.00022378940267330806
81108,0.06649177578921403
81111,0.01758986261228817
81112,8.052805911393376e-05
81113,7.816978171879744e-05
81114,0.05561603725172567
81115,0.21557588489093035
81118,0.03681687717474295
81119,0.012303029711214677
81120,0.008462943869112902
81121,0.0018198408800512585
81122,0.000160785121343695
81125,0.02201202958605785
81126,0.0002464456553278281
81127,0.17056022583085179
81128,0.2664444307234961
81129,0.004901140261970321
81132,0.22842797598264192
81133,0.01285091264228658
81134,0.00016412651628223287
81135,0.04741352367067976
81136,0.0008540904743167045
81139,0.027995836122259487
81140,0.25940132458915527
81141,0.0031029401544922335
81142,0.0002798384844914156
81143,0.011082051862365778
81146,0.0018355275937360462
81147,0.00015906832687991908
81148,0.00041299818292486344
81149,0.07148621882630485
81150,0.0006719064957538875
81153,0.004975105434130579
81154,0.0006021006515523071
81155,0.0053014107140261545
81156,0.12638189810397163
81157,0.0027603059242989345
81160,0.005407755247165415
81161,0.004325535228181027
81162,0.00019025535568222704
81163,0.00016570815220056734
81164,0.007547819109376274
81167,0.0074026960849252295
81168,0.004424333939556299
81169,0.004258265739437972
81170,0.00010227610384001678
81175,0.0013829012528442117
81176,0.03460215150990216
81177,0.0038350599780256085
81178,0.0016746724742986482
81181,0.0015014428852432723
81182,0.002406758388724742
81183,0.08199858445968326
81184,0.2856486976422908
81185,0.02049450141396357
81188,0.009423494212741555
81189,0.22369207540679859
81190,0.0003287310253569981
81191,0.019404368168009598
81192,0.00013980465443055583
81195,0.10027240179261968
81196,0.23325900498202645
81197,0.005855462172914011
81198,0.07421311649362584
81199,0.00011358999504997098
81202,0.34928556415643425
81203,0.010700858084525953
81204,0.00012441049028913873
81205,0.013659125216913651
81209,0.170401056052231
81210,0.027666667607888294
81211,0.005100432114678514
81212,0.07673625900951975
81213,0.0066963561487664875
81216,0.0002715213815074837
81217,0.00019822630421461815
81218,0.2490747807391483
81219,0.09463602282982259
81220,0.03510986702259024
81223,0.0021988213174963123
81224,0.01669552354058782
81225,0.00025346001204034913
81226,0.0007644651372299026
81227,0.1597412263547364
81230,0.0016976866584744851
81231,0.14323312333544383
81232,0.04180273413589339
81233,0.08161187496322529
81234,0.0850807783756744
81237,0.0018198932930623196
81238,0.002876040425626138
81239,0.08289097962177629
81240,7.111522444619813e-05
81241,0.009830371545240404
81244,0.1643574743588919
81245,0.13404231058344812
81246,0.002408714050427639
81247,7.815681709862075e-05
81248,0.002670724149896493
81251,0.0001013063933013124
81252,0.008089731774066276
81253,0.00869195481304397
81254,0.004980552072437283
81255,0.000898070481704531
81258,0.01570107125116624
81259,0.00021166246865752386
81260,0.29573614756623756
81261,0.00839196302227119
81262,0.0045222489766178426
81265,0.001964069630084707
81266,0.03471994341609194
81267,0.009328552002352096
81268,0.005684269786438661
81269,0.0009811557619745397
81272,0.000462245743372401
81273,0.0006301350239840281
81274,0.019645270645557045
81275,6.499129929593096e-05
81276,0.00024057868228173832
81279,0.03986158848714092
81280,0.07003384739189529
81281,0.024937476405534488
81282,0.00750209442545791
81283,0.0002357706827594395
81286,0.00044195228537748544
81287,0.00023463502206156318
81288,0.03590761603278252
81289,0.0022003829800840286
81290,0.03254710919039863
81293,0.14777622691157893
81294,0.0009996154848601016
81295,0.1099996224740435
81296,0.0011532130356848832
81297,0.0013685906959294816
81300,0.00033399211348858997
81301,0.1132970064824321
81302,0.0004212507096682915
81303,6.459246145660312e-05
81304,0.00023410432831919405
81307,0.0005540744712767477
81308,0.001207221890553604
81309,0.009747597263141812
81310,0.000666381565559501
81311,0.0007038717357786793
81314,0.0015741359511345899
81315,0.0003758264529964389
81316,0.007702789582533356
81317,0.13270118303487757
81318,0.0029521757821400407
81321,0.03801309070583609
81322,0.013463504924039329
81323,0.3271586358401529
81324,0.01365379459881303
81325,0.00033630570038254955
81328,0.0033973801225174243
81329,0.3494847952139455
81330,0.006400397572710856
81331,0.03018600312018229
81332,0.005983818947405689
81335,0.011270763794938172
81336,0.00011492861765287544
81337,0.26596022979695416
81338,0.00099629654516558
81339,0.00023220049872015567
81342,9.052875667323341e-05
81343,0.08113995959840505
81344,0.003742448438991428
81345,0.26035933424803204
81346,0.0049473102506851375
81349,0.12769964837163708
81350,0.00025962046695136317
81351,0.14122898870799389
81352,0.004372011822411729
81353,0.0040842459209887915
81356,8.096133212445024e-05
81357,0.0012731539476057627
81358,0.03106630776850421
81359,0.04677657708988667
81360,0.12455640873674934
81363,0.000525555578073946
81364,0.0009312788955401944
81365,0.0018824049634890655
81366,0.26645084170966243
81367,0.0004970254437792642
81370,0.0014233527259063503
81371,8.627437775816207e-05
81372,0.002290337914992254
81373,0.026960887916630483
81374,0.01372178888271621
81377,0.08221910278658857
81378,0.0007019069561500033
81379,0.0008010132872631546
81380,0.0662312842895284
81381,0.09560191757457
81384,0.19433511633293574
81385,0.00013508573229190768
81386,0.04991662695555362
81387,0.018967931699281362
81388,0.033018307894356724
81391,0.010353170860690467
81392,0.000756075823176043
81393,0.00019331747487545675
81394,0.07742556948446196
81395,0.0009612868136456156
81398,0.017607909881301304
81399,7.40809095168816e-05
81400,0.028091596086243394
81401,0.35674880423058153
81402,0.004250498206950744
81405,0.10212511607697526
81406,0.2577142087998182
81407,0.0008648814308319495
81408,0.00064303303524384
81409,0.006853335951445906
81412,0.0010410218199708116
81413,0.0034846639504353214
81414,0.001568606535508344
81415,0.0020927474846448696
81416,0.0011455107667203126
81419,0.06662238569553475
81420,0.03648190841307192
81421,0.008197317210860203
81422,0.007767340502367848
81423,0.00044389825127747986
81426,0.015422632260489517
81427,0.09203061401239333
81428,0.04236790294669208
81429,0.058357427847927815
81430,0.0006434513784536853
81433,0.006279447057020634
81434,0.0007859124764683509
81435,0.010064037805709289
81436,0.0001619039043924346
81437,7.14376535253401e-05
81440,0.0011009706755505588
81441,0.00020273082005898416
81442,0.004518034657311166
81443,0.00010926196215402187
81447,0.00026815674732366104
81448,6.627483854779101e-05
81449,0.0016525355679504505
81450,0.0004232086775167249
81454,0.003324831545486365
81455,0.03953509256253571
81456,0.017159991062541062
81457,0.000155176137333545
81458,0.23273638127428872
81461,0.002172854044603761
81462,0.014689928186891247
81463,0.012975125963066686
81464,0.0001682023992388464
81465,0.00021992943168069656
81468,0.0020351338045017722
81469,0.03500384169211927
81470,0.005973366331624912
81471,0.010734705781462243
81472,0.017299366529550823
81475,0.15451311094586956
81476,0.0033059563133070397
81477,0.02717395401228828
81478,0.001182652645308006
81479,0.02334451805309669
81482,0.008778985624475842
81483,0.23989607862835557
81484,6.5195315330512e-05
81485,0.004501151864691712
81486,0.306645957984042
81489,0.0033537433982145674
81490,0.00018923016006727354
81491,0.00044451798887301143
81492,0.0008309675412252224
81493,0.11204844724152492
81496,0.0012106539683071362
81497,0.0004688660074780357
81498,0.002550156594011723
81499,0.00015526425176411594
81500,0.03368171110634848
81503,0.045655853338342746
81504,0.00018988691478802013
81505,0.0016032545405623491
81506,0.373970682057791
81507,0.017303548674144718
81510,0.00021005065435377801
81511,0.2982478143787362
81512,0.3680699274961317
81513,0.03240766500946944
81514,0.0001284672509343649
81517,0.00014321911046162117
81518,0.004062583813904277
81519,0.0030050621136246797
81520,0.02078186543247724
81521,0.04495432078878244
81524,0.00030391449808535043
81525,0.1494497144968821
81526,0.005339772303815969
81527,0.001476031230122367
81528,0.15288109422138807
81531,0.0040245362289029404
81532,0.0024249391937412
81533,0.0005728825732196051
81534,0.04853804111927769
81535,0.029099573743867676
81538,0.0025980445818346064
81539,6.973759778755874e-05
81540,0.056459865705984116
81541,6.802708030128891e-05
81542,0.0007314674254857438
81545,0.00027504772081294384
81546,0.1726944700119841
81547,0.027316107114396467
81548,0.22827553902259223
81553,0.014651021705072782
81554,7.058123959955524e-05
81555,0.15054965762815248
81556,0.0027574089954944953
81559,0.3586134089033533
81560,0.0007394556993715802
81561,0.06732268712699005
81562,0.12164911628688001
81563,0.019797080996841986
81566,0.0004431229036220979
81567,0.1486988204058869
81568,0.05056148580028412
81569,0.3510753573065091
81570,7.866219935900119e-05
81573,0.0021187159238462883
81574,0.0006922078299612436
81575,0.0012608863537931123
81576,0.10679395288166693
81577,0.0020660729084057425
81580,0.11958633916789363
81581,0.011259259060683006
81582,0.002591563218512816
81583,0.002830308050352765
81584,0.13320474666222074
81587,0.27949994813188556
81588,0.0003475523243483135
81589,0.000654623223243624
81590,0.18453935953446055
81591,0.12376923706218301
81594,0.00015187546077317544
81595,0.00044778743861718007
81596,6.126299373335238e-05
81597,0.040820802211610586
81598,0.0052626138214005806
81601,0.04757976545427676
81602,0.001611531059544547
81603,0.1373966355007992
81604,0.12386155361732869
81605,0.20117448628720647
81608,0.0008656833072792496
81609,0.004973173042759497
81610,0.0016822987349890345
81611,0.0001699096902514732
81612,0.0005742418934212102
81615,0.006597665791837705
81616,6.757149307611162e-05
81617,0.006919573917624301
81618,0.1408946823247393
81619,6.277939296356702e-05
81622,0.3090727427162623
81623,0.003042443792451108
81624,0.025118447830981105
81625,0.004565628568401664
81626,0.002814420108268063
81629,0.04597611687712278
81630,0.0028586656711214902
81631,0.000498248599066582
81632,0.036460390424719456
81633,0.013076447143222045
81636,0.03589708604045512
81637,0.0002826244945090758
81638,0.0006534022048259485
81639,0.00018118454909623314
81640,0.08490837344872625
81643,0.19787146757767318
81644,0.1323912816345069
81645,0.09187756379105134
81646,0.003512419411705004
81647,7.53962954847531e-05
81650,0.016420559378505523
81651,8.397537411011193e-05
81652,0.26978769760672217
81653,0.00011078494503016548
81654,0.07695164075380705
81657,0.00012557605369293843
81658,0.23026139515418553
81659,9.171715916621728e-05
81660,0.06473665048438106
81661,0.02646375729864112
81664,0.005069924469096956
81665,0.013338521108370248
81666,0.0010757191631921073
81667,7.247381977565842e-05
81668,0.0018385446482032134
81671,0.0006692038196738413
81672,0.17410350989796808
81673,0.001522464659042255
81674,0.007011187093819779
81675,0.0001580215277890102
81678,0.012469797826921945
81679,0.0009663485272650733
81680,0.05083439171257631
81681,0.0386420269714278
81682,0.013859585730743022
81685,0.026087998904956073
81686,0.04053369248157708
81687,0.2436234860886148
81688,0.00024231340122008469
81689,0.2142229160170105
81692,0.0001551893011046652
81693,0.1251547076893173
81694,0.21237757677113264
81695,0.0026795705811349987
81696,0.004561037583659071
81699,0.0050307175983515875
81700,0.002420048940849608
81701,0.030243106294630152
81702,0.001112165877289457
81703,0.004557794544279561
81706,0.019880107607180796
81707,0.00026396846046689633
81708,0.0006287239235473166
81709,0.011846611789594855
81710,0.00021910352900626854
81713,0.00011562674220135872
81714,0.0033610289368541783
81715,0.056922083421648735
81716,0.00012016454708668768
81717,0.07119618398308164
81720,0.24598360278110226
81721,0.021154760620245208
81722,0.0006310796368293481
81723,0.00011231520615659085
81724,0.0013878398355853837
81727,8.728034227352012e-05
81728,0.16708679407615004
81729,0.22062935530827085
81730,0.0018545730648485152
81731,7.690109166031913e-05
81734,0.0045237576896698176
81735,0.2392433297142529
81736,0.05377900284629984
81737,0.0437047835673993
81738,0.019275120002799444
81741,0.2564248703494117
81742,0.0001313882237846724
81743,0.004035000446949966
81744,0.001028477017699745
81745,0.2083741405896095
81748,0.23371040984542574
81749,0.0021602976988941594
81750,0.00015308259764265032
81751,0.0035970242596926917
81752,0.00016631313234545544
81755,0.00029922975268021474
81756,0.19295539802531275
81757,0.06360333807311384
81758,0.0011522578945767962
81759,0.007589303931744398
81762,0.02911384029420027
81763,0.009441083018327048
81764,0.00747159122987844
81765,0.0001242850514277596
81766,0.1512614279524533
81769,0.03204314851904071
81770,0.003310668320375391
81771,0.0008041549597163408
81772,0.001458520676296249
81773,9.433336381784267e-05
81776,0.0003409984405352705
81777,0.002784930876573615
81778,0.0567691797719811
81779,0.007092810875019861
81780,0.0008381408398195789
81783,0.00023446847683736123
81784,8.020865442836556e-05
81785,0.001816387438806375
81786,0.0036267970780223986
81787,0.3215974151062068
81790,0.19913136237549514
81791,0.09500600397900413
81792,0.23197118765166602
81793,0.010997809138693969
81794,0.019321847076387632
81797,0.0013684431814498593
81798,0.0033515023589015635
81799,0.0019697732634828885
81800,0.005872239231248927
81801,0.03251057180906112
81804,8.479601224341535e-05
81805,0.1754203346112263
81806,9.582446098050611e-05
81807,0.02418566088853972
81808,0.00409817491475801
81811,0.1439082730740849
81812,0.20099206582420548
81813,0.008519553412699126
81814,0.0005437970861256238
81815,0.03495361484594583
81818,0.0026405890251545872
81819,0.032194292191762924
81820,0.012210336121303166
81821,0.0001270611545147934
81822,0.00019845878656933317
81825,0.003968293524487046
81826,0.04599859420606656
81827,0.06834876438014677
81828,8.333127836533404e-05
81829,0.06282882438246211
81832,0.0003014485678059512
81833,0.014496562259171142
81834,6.29790425130144e-05
81835,0.014597612672448157
81836,0.016903027026125794
81839,0.0013565665501915714
81840,7.779980095229366e-05
81841,6.832456799011408e-05
81842,0.0007328517730315786
81843,0.00048231702475586273
81846,0.0026040065033701757
81847,0.00047695922716686854
81848,0.00019049398631532384
81849,0.005148099555841644
81850,0.0015812679112313284
81853,0.0032741681803459257
81854,0.0026220093746168543
81855,0.00014559728557555934
81856,0.016265206374984593
81857,0.059739746359016514
81860,0.006686876663088332
81861,0.05977305394273611
81862,0.0046094394799149575
81863,0.0001290325098064438
81864,0.0016114611556125153
81867,0.0001970471449472935
81868,0.08647295592906984
81869,0.00013187051531874977
81870,0.0018481620253090558
81871,0.28328010410299453
81874,0.00140053774771011
81875,8.428752314872652e-05
81876,0.18635855573614246
81877,0.002189452571075494
81878,0.00011565491428729737
81881,0.34410031522380996
81882,0.0014259950491622177
81883,0.005654604833987508
81884,0.017496494451301886
81885,0.0014683525939619287
81888,0.23530035337985986
81889,0.0004841593653108416
81890,0.36022747170072983
81891,0.02490368280196106
81892,0.004368845286692293
81895,0.013402457065398133
81896,0.024772345967661202
81897,0.0002431330760938257
81898,9.698488228433028e-05
81899,0.00016638577112728034
81902,0.0037052734502790448
81903,0.00015156058560863932
81904,0.00010955895421001916
81905,0.010069870560418276
81910,0.030589621130213202
81911,0.15715550030278394
81912,0.005426258324350448
81913,8.73004993610299e-05
81916,0.002631253441916815
81917,0.001024799939020909
81918,0.13805418294568128
81919,0.10529473482810574
81920,0.006167671281390618
81923,8.333151761993135e-05
81924,0.01541762917941149
81925,0.00015991623597266962
81926,0.12924783605191287
81927,0.0015992024716910119
81930,0.0018478594531408643
81931,0.0001865892491330911
81932,0.3635153461185439
81933,0.06978589560045911
81934,0.053634817743483845
81938,8.396369291069976e-05
81939,0.09611229134485262
81940,0.2698825028896456
81941,0.0033109989372066256
81944,0.003486829528218015
81945,0.00021391534079738395
81946,8.461232268058423e-05
81947,0.003190455376060241
81948,9.992970209736633e-05
81951,0.0006116129391716727
81952,0.03600620205801245
81953,0.00010120077645414091
81954,0.0010186168800302882
81955,0.009584505514012322
81958,0.0009088361838162234
81959,0.01072697184665264
81960,0.1361587561270316
81961,0.0006446694637681867
81962,0.00025422843174485553
81965,0.0005904770158147802
81966,0.04921221835541124
81967,7.855219878401607e-05
81968,0.2990483442669402
81969,0.019668655848133643
81972,0.03738926027635588
81973,0.24418888562710356
81974,0.010296047458132486
81975,0.0015021517656640148
81976,0.00015100870590969645
81979,5.843436466023355e-05
81980,0.0002917067851882328
81981,0.005890886701614202
81982,0.0006155954473854945
81983,0.0002128054325866891
81986,0.0060652050822084915
81987,0.00035716026439873037
81988,0.005199972957927195
81989,0.012185059838868745
81990,0.003538118156349347
81993,0.0009384227475256177
81994,0.0005970316662209764
81995,0.01584912931708291
81996,0.002367786639716783
81997,0.00011793924409882416
82000,6.541327839837508e-05
82001,0.04988620066859256
82002,0.06766834727731537
82003,0.0009297331070361285
82004,0.009474388175903263
82007,0.3014009302299677
82008,0.01727263455379216
82009,0.000293270318845918
82010,0.00031844476553638957
82011,0.004658255944722371
82014,0.005664074244810178
82015,0.002195013297466258
82016,0.053414843345561375
82017,0.0035246153542264577
82018,0.33861862652968955
82021,0.005510761616644642
82022,0.01898002491854764
82023,0.0009411600305783941
82024,0.0013007215613219803
82025,0.012755697571906817
82028,0.35003465997832284
82029,0.03986498374032161
82030,0.0013582527786573225
82031,0.19649663404048656
82032,0.14371482715641112
82035,0.001201886269574176
82036,0.00045810831842358816
82037,0.021549447030449823
82038,0.004850408798471492
82039,8.491900104535382e-05
82042,8.497903823232124e-05
82043,0.024393519837649074
82044,0.0002827049003468745
82045,0.0019213116345097522
82046,6.508801564584393e-05
82049,0.005389370653847836
82050,0.0003860907079023367
82051,0.000409176119934092
82052,0.004518301818445779
82053,0.0003204607050751942
82056,0.03679210783670895
82057,0.12606835919133536
82058,0.008572742941607186
82059,8.605201087453129e-05
82060,0.00438217050906475
82063,0.0013273406471669886
82064,0.0014644609793819602
82065,0.11498053770446555
82066,0.011670034426448242
82067,0.0007019872851077708
82070,6.670844111982956e-05
82071,0.08390905006679744
82072,0.009751648136387675
82073,0.1602970303299467
82074,0.04335134253081259
82077,0.013142702123773138
82078,0.0030665450974296437
82079,0.048123327103757746
82080,0.04942023804133076
82081,0.0003729959453577182
82084,7.221264247848161e-05
82085,0.021050098263886707
82086,0.0008274578842209667
82087,0.037664847228183286
82088,9.81663619583005e-05
82091,0.0009452116495555059
82092,0.00029840293886041445
82093,0.24040464630563455
82094,0.0018293565664416257
82095,0.0034335036285869087
82098,0.027591719731580616
82099,0.036197535361007796
82100,0.0021535482527862693
82101,0.0007000033137878703
82102,0.27747856812408017
82105,0.002407131333612283
82106,0.08191040273052592
82107,0.10701981786154781
82108,0.0014663534860769735
82109,0.02351360523985565
82112,0.007402087630677044
82113,0.015187982511242244
82114,0.001170648226749023
82115,0.005705649132666213
82116,7.108530583411834e-05
82119,0.016240540993807305
82120,0.0005163534969171885
82121,0.03781237697150514
82122,0.004043023009951092
82123,0.0027381621004771883
82126,0.0199582221096683
82127,0.005612354168008996
82128,0.031078177701723088
82129,0.35297468071360805
82130,0.05471456858123633
82133,0.0007363752746822592
82134,0.00039190515366561025
82135,0.03080301128252682
82136,0.009880280077417198
82137,0.26698886231224866
82140,0.045188724602963075
82141,0.00036360142736962744
82142,0.0016972795810586065
82143,0.05967719206880242
82144,0.03768333358474922
82147,0.00025992381284682236
82148,0.05792090965252701
82149,0.01903403960560865
82150,0.0010082965737984294
82151,0.0025261524211167407
82154,0.0061605835291620534
82155,0.0001240310881471774
82156,0.052661644834166965
82157,0.0005072068562855465
82158,0.09032620993092967
82161,0.0015510233305474177
82162,0.00016044279643113584
82163,0.006317491708511774
82164,0.000589853461135553
82165,0.0002507118234843792
82168,0.11081162926713484
82169,0.0006945334563802286
82170,0.0001033231721816529
82171,0.002198000629621989
82172,0.07092371002994316
82177,0.12008079122909546
82178,0.03680773755217582
82179,0.147919652359616
82183,0.003843332639815845
82184,0.19983441146880493
82185,0.05083689091375318
82186,0.007391473580043124
82189,0.005457823813101985
82190,0.0024158628313256073
82191,0.0006927689024523326
82192,0.2440415569952745
82193,0.1812447055751725
82196,0.2161028946027183
82197,0.008568945218334673
82198,0.25596506077094877
82199,0.00048229721758782213
82200,0.05095732068933794
82203,8.621707628878848e-05
82204,0.004872480528563019
82205,0.00696279151840335
82206,0.0003542600936305754
82207,0.0006456724579987854
82210,0.0016573410923126258
82211,8.921342857846304e-05
82212,0.008620215667254265
82213,0.00027561334325098543
82214,0.012549410679725096
82217,0.00021110146834312383
82218,0.036758676682769706
82219,0.028182673167439772
82220,0.0008819992738956351
82221,0.055754756539725725
82224,0.048141550976274754
82225,0.024422520675663514
82226,0.0008726895814389695
82227,0.00013360600312047738
82228,0.0009069395795329547
82231,0.0002311280027399811
82232,0.0029147604785692326
82233,0.2007927384275549
82234,0.15155247012032408
82235,0.0026450965360622675
82238,0.019948472063584778
82239,0.0519077309815165
82240,0.0058008020779172055
82241,0.0009721856445243885
82242,0.011972159987691943
82245,0.0002886375699369481
82246,0.0005108369607897449
82247,0.0005274381177869528
82248,5.654493708394331e-05
82249,0.02664354951975379
82252,0.0011781339283415168
82253,0.00017965589983931344
82254,0.0021071520588133337
82255,0.00032352503865892834
82256,0.009188827940649328
82259,0.001909070569568731
82260,0.22573970152671666
82261,5.605671009533013e-05
82262,0.00029408421231815835
82263,0.0001591238223865728
82266,0.0007549402301047931
82267,0.0704770247724901
82268,0.28117540223447685
82269,0.00016489352550805872
82270,0.010782676468064516
82273,0.03516863328085114
82274,0.0024628149747944954
82275,0.008653581403303532
82276,0.0011024039313638821
82277,0.004934029104170395
82280,0.000733345169892293
82281,0.00018176608722297814
82282,0.06466971235687369
82283,0.01956435920482123
82284,0.007498100900122271
82287,6.879130307494985e-05
82288,0.014189887222348251
82289,0.012324592821801112
82290,0.0010819064126746042
82295,0.008762883676897487
82296,7.560210295702185e-05
82297,0.0001254915641033793
82298,0.0037753757466153937
82301,0.001166906271137524
82303,0.22063078533795627
82304,0.0007397105295166074
82305,0.0006675190288736244
82308,0.014954272697120912
82309,0.05202130062596484
82310,0.00010404613748928496
82311,0.008177282531601276
82312,0.001075181546553477
82315,0.2750000239236766
82316,0.009149088704797468
82317,0.0002489892049001068
82318,0.011590540574897945
82319,0.0016870527580399107
82322,0.056737932667338564
82323,0.008942090332729904
82324,9.266683565346016e-05
82325,0.002339928896809113
82326,0.000116550788865297
82329,0.00011637204594129863
82330,7.982589497586184e-05
82331,0.00012341538825203828
82332,0.3595501259144386
82333,8.732867486290231e-05
82336,0.10828629867928102
82337,0.25904057237410166
82338,0.2255766462157854
82339,0.01633601009608852
82340,0.0014354605092350334
82343,0.01012808543943948
82344,0.29450071819337215
82345,0.005215194020327447
82346,0.007090291757278037
82347,0.0004245165730846342
82350,0.030330251198793904
82351,0.05285108769852588
82352,0.03747834657820485
82353,0.02443428736259329
82354,0.0017377227689345767
82357,0.005442264876214492
82358,0.018152201123135266
82359,0.012985380997684516
82360,0.013383812047796607
82361,6.14907694327442e-05
82364,0.045970810774704524
82365,0.0002445052916899715
82366,0.0006534199049004033
82367,0.3519113741144843
82368,5.096353159033559e-05
82371,0.00042389418799079813
82372,0.0008219013851474154
82373,0.009821137352156475
82374,0.00256674031157497
82375,0.03830452213597075
82378,0.26914125108508374
82379,0.00020751862077292204
82380,0.00012073643348025496
82381,0.08632047579263862
82382,0.0003214933581051628
82385,0.0004846288281081464
82386,0.07483607586990372
82387,0.008456622204822187
82388,0.008385444134604441
82389,0.00040914273854532026
82392,0.00020387408407550033
82393,0.15816084980855216
82394,0.002386401947472627
82395,0.000402137028949361
82396,0.00032299259092452836
82399,0.09815490361589142
82400,0.003334836414591729
82401,0.00017022674049135985
82402,0.021297028248497066
82403,0.008193878638793757
82406,0.00027386268903807355
82407,0.1659666705894626
82408,0.00016702173603792928
82409,0.022732506856131724
82410,0.36469447368553604
82413,0.04530574219604063
82414,0.16564017171868384
82415,0.16140520998474897
82416,0.0007424252590911997
82417,0.054271109964851696
82420,8.48375200120884e-05
82421,0.003605088657415949
82422,0.005973264817500942
82423,0.007527544250899627
82424,0.0007428992518301438
82427,0.006403459499281237
82428,0.11657885805810028
82429,0.00013806046240348208
82430,0.007928168973433236
82431,0.19017064730344038
82434,0.0032042098742145193
82435,0.0011121774954652754
82436,0.03118707773187387
82437,0.00028193125934900426
82438,0.0009090195191091214
82441,0.001081492390753565
82442,0.008471655912607822
82443,6.609419987655202e-05
82444,0.031555201789785575
82445,0.00207326961080215
82448,0.023071257438999935
82449,0.00046274281074826
82450,0.24037883431708684
82451,0.24449656033496708
82452,0.0002556745698216698
82455,0.007496252750818849
82456,0.017279380893761666
82457,0.0015832906068785695
82458,0.0006787599369823403
82459,0.06065851861959984
82462,0.0698640848569691
82463,6.8004494832204e-05
82464,0.0018562796512761447
82465,0.011126316971299769
82466,0.00027734483427079086
82469,0.0033091776817205016
82470,0.04214969989989082
82471,0.05766563092083263
82472,0.010463791986791045
82473,0.0001638504128815087
82476,0.21242648498443492
82477,0.051849044519649695
82478,0.00012141117732922514
82479,0.12361805254527161
82480,0.0012930634126889287
82483,0.05421061041539399
82484,0.0015993977393641866
82485,0.011820205576669915
82486,0.14795573503773413
82487,0.0019722230749574235
82490,0.0007988745132602275
82491,0.0008188388511550275
82492,0.0012071728826030966
82493,0.004124261761974052
82494,0.0034689509707634095
82497,0.0012212603770029955
82498,0.0007475570160145817
82499,0.0010270678985187904
82500,0.0018903792561028897
82501,0.09088079968567023
82504,0.055545595787294136
82505,0.03556691810403813
82506,9.501735852496468e-05
82507,0.00040094868586630525
82508,0.0025641150714266646
82511,0.038254363261992066
82512,0.13601188755955526
82513,0.0001144483943296657
82514,0.00012086017151650691
82515,0.13622921958237877
82518,0.0002847282320284723
82519,0.006649562369539926
82520,0.02002727352492914
82521,0.0004797251203595892
82522,0.0014723191628784676
82525,0.0003317787710592886
82526,0.18879660191008515
82527,0.02100394375435473
82528,0.020864367698818942
82529,0.01899371786075546
82532,0.004017789193278972
82533,0.028902705936820056
82534,0.006772178626454738
82535,0.013484428423845257
82536,0.0004948803038721956
82539,0.0016179855322136299
82542,0.0010302531432195964
82543,0.05539027083223443
82546,0.019697596248796058
82548,0.30426102172385405
82549,0.1388448426272112
82550,0.03391454552017626
82553,0.20421867035514726
82554,0.0016263716726163738
82555,4.632221506657494e-05
82556,0.1485606312650896
82557,0.0002274061367984678
82560,0.1263184266396741
82561,0.0008866407452764172
82562,0.0011277976760493407
82563,0.00010907743955993359
82564,0.13194843946628815
82567,0.021515101507030378
82568,0.16250156857284812
82569,0.009403196182106784
82570,0.00010052590695936234
82571,0.00032405776664422997
82574,0.0005489295602683997
82575,0.0030320443822528585
82576,0.00012927367766888223
82577,0.006432716421118104
82578,0.0955717150376159
82581,0.0001951890543047132
82582,0.029653053022609604
82583,0.22687596495557621
82584,0.11820482511309022
82585,0.0015265780503556602
82588,0.0015531711449869657
82589,0.0353074007492537
82590,0.0005264387978944334
82591,0.000346372010058335
